x,y,Name,Station,TIME (Atlantic/Jan_Mayen),TEMP (degC),STATION_PRESSURE (hPa),RELATIVE_HUMIDITY (%),WIND_SPEED (m/s),WIND_DIRECTION (deg),PRECIP_AMOUNT (mm/hr)
15.5015,78.2453,Svalbard Lufthavn,SN99840,01.03.2024 01:00,-5.3,994.7,69,1.5,114,0
15.5015,78.2453,Svalbard Lufthavn,SN99840,01.03.2024 02:00,-5.5,995.2,72,1.2,1,0
15.5015,78.2453,Svalbard Lufthavn,SN99840,01.03.2024 03:00,-6.4,995.8,79,0.7,243,0
15.5015,78.2453,Svalbard Lufthavn,SN99840,01.03.2024 04:00,-6.3,996.2,76,1.3,126,0
15.5015,78.2453,Svalbard Lufthavn,SN99840,01.03.2024 05:00,-6.2,996.6,78,1.6,109,0
15.5015,78.2453,Svalbard Lufthavn,SN99840,01.03.2024 06:00,-6.1,996.9,78,1.7,143,0
15.5015,78.2453,Svalbard Lufthavn,SN99840,01.03.2024 07:00,-7.1,997.6,82,4,95,0
15.5015,78.2453,Svalbard Lufthavn,SN99840,01.03.2024 08:00,-7.7,998.1,83,3.3,115,0
15.5015,78.2453,Svalbard Lufthavn,SN99840,01.03.2024 09:00,-7.8,998.9,74,5.2,102,0
15.5015,78.2453,Svalbard Lufthavn,SN99840,01.03.2024 10:00,-6.1,999.4,73,3.8,109,0
15.5015,78.2453,Svalbard Lufthavn,SN99840,01.03.2024 11:00,-5.3,1000.1,78,4.1,99,0
15.5015,78.2453,Svalbard Lufthavn,SN99840,01.03.2024 12:00,-3.1,1000.5,79,6.4,75,0
15.5015,78.2453,Svalbard Lufthavn,SN99840,01.03.2024 13:00,-2.5,1001.2,75,7.4,93,0
15.5015,78.2453,Svalbard Lufthavn,SN99840,01.03.2024 14:00,-2.3,1001.8,70,8.3,91,0
15.5015,78.2453,Svalbard Lufthavn,SN99840,01.03.2024 15:00,-3.2,1002.6,71,10.6,92,0
15.5015,78.2453,Svalbard Lufthavn,SN99840,01.03.2024 16:00,-4,1003.4,74,11.1,102,0
15.5015,78.2453,Svalbard Lufthavn,SN99840,01.03.2024 17:00,-4.9,1004.2,76,11.7,108,0
15.5015,78.2453,Svalbard Lufthavn,SN99840,01.03.2024 18:00,-5.1,1004.8,74,10.8,105,0
15.5015,78.2453,Svalbard Lufthavn,SN99840,01.03.2024 19:00,-5.5,1005.9,73,11.2,109,0
15.5015,78.2453,Svalbard Lufthavn,SN99840,01.03.2024 20:00,-6.3,1006.9,71,10.9,102,0
15.5015,78.2453,Svalbard Lufthavn,SN99840,01.03.2024 21:00,-6.4,1007.9,70,11.8,104,0
15.5015,78.2453,Svalbard Lufthavn,SN99840,01.03.2024 22:00,-6.7,1008.7,69,10.6,111,0
15.5015,78.2453,Svalbard Lufthavn,SN99840,01.03.2024 23:00,-6.6,1009.4,70,11,108,0
15.5015,78.2453,Svalbard Lufthavn,SN99840,02.03.2024 00:00,-6.9,1009.7,69,10.9,121,0
15.5015,78.2453,Svalbard Lufthavn,SN99840,02.03.2024 01:00,-7.5,1010.1,69,10.7,122,0
15.5015,78.2453,Svalbard Lufthavn,SN99840,02.03.2024 02:00,-8,1010.5,70,9.9,137,0
15.5015,78.2453,Svalbard Lufthavn,SN99840,02.03.2024 03:00,-8.3,1011,68,10.7,128,0
15.5015,78.2453,Svalbard Lufthavn,SN99840,02.03.2024 04:00,-8.2,1011.1,67,12.2,127,0
15.5015,78.2453,Svalbard Lufthavn,SN99840,02.03.2024 05:00,-8.7,1011.6,67,10.7,135,0
15.5015,78.2453,Svalbard Lufthavn,SN99840,02.03.2024 06:00,-8.8,1011.7,66,10.5,119,0
15.5015,78.2453,Svalbard Lufthavn,SN99840,02.03.2024 07:00,-9,1012,66,7.8,129,0
15.5015,78.2453,Svalbard Lufthavn,SN99840,02.03.2024 08:00,-9.5,1012.3,67,6.6,126,0
15.5015,78.2453,Svalbard Lufthavn,SN99840,02.03.2024 09:00,-9.3,1012.6,66,4.2,116,0
15.5015,78.2453,Svalbard Lufthavn,SN99840,02.03.2024 10:00,-8.7,1013.3,62,3,151,0
15.5015,78.2453,Svalbard Lufthavn,SN99840,02.03.2024 11:00,-9,1014,67,6,106,0
15.5015,78.2453,Svalbard Lufthavn,SN99840,02.03.2024 12:00,-9.6,1014.2,71,7.7,110,0
15.5015,78.2453,Svalbard Lufthavn,SN99840,02.03.2024 13:00,-10.4,1014.6,70,4.5,107,0
15.5015,78.2453,Svalbard Lufthavn,SN99840,02.03.2024 14:00,-11.1,1014.8,73,5.3,102,0
15.5015,78.2453,Svalbard Lufthavn,SN99840,02.03.2024 15:00,-10.8,1015.3,72,5.4,104,0
15.5015,78.2453,Svalbard Lufthavn,SN99840,02.03.2024 16:00,-10.1,1015.9,71,5,104,0
15.5015,78.2453,Svalbard Lufthavn,SN99840,02.03.2024 17:00,-10,1016.1,74,4.8,107,0
15.5015,78.2453,Svalbard Lufthavn,SN99840,02.03.2024 18:00,-9.7,1016.3,75,3.3,107,0
15.5015,78.2453,Svalbard Lufthavn,SN99840,02.03.2024 19:00,-8.9,1016.4,75,3.5,109,0
15.5015,78.2453,Svalbard Lufthavn,SN99840,02.03.2024 20:00,-8.8,1016.2,73,1.5,105,0
15.5015,78.2453,Svalbard Lufthavn,SN99840,02.03.2024 21:00,-8.5,1016.9,76,1,82,0
15.5015,78.2453,Svalbard Lufthavn,SN99840,02.03.2024 22:00,-8,1017,75,1,103,0
15.5015,78.2453,Svalbard Lufthavn,SN99840,02.03.2024 23:00,-8.1,1017,77,0.5,113,0
15.5015,78.2453,Svalbard Lufthavn,SN99840,03.03.2024 00:00,-7.8,1016.9,74,0.9,105,0
15.5015,78.2453,Svalbard Lufthavn,SN99840,03.03.2024 01:00,-7.8,1016.6,76,0.8,179,0
15.5015,78.2453,Svalbard Lufthavn,SN99840,03.03.2024 02:00,-7.7,1016.6,79,0.7,196,0
15.5015,78.2453,Svalbard Lufthavn,SN99840,03.03.2024 03:00,-7.2,1016.5,81,1.3,228,0
15.5015,78.2453,Svalbard Lufthavn,SN99840,03.03.2024 04:00,-7,1016.3,85,1.7,277,0
15.5015,78.2453,Svalbard Lufthavn,SN99840,03.03.2024 05:00,-7.4,1015.9,87,1.1,248,0
15.5015,78.2453,Svalbard Lufthavn,SN99840,03.03.2024 06:00,-6.3,1016.4,90,3.4,243,0
15.5015,78.2453,Svalbard Lufthavn,SN99840,03.03.2024 07:00,-5.9,1016.6,91,1,256,0
15.5015,78.2453,Svalbard Lufthavn,SN99840,03.03.2024 08:00,-3.9,1016.9,92,1.7,328,0
15.5015,78.2453,Svalbard Lufthavn,SN99840,03.03.2024 09:00,-1.2,1017.5,91,6.7,245,0
15.5015,78.2453,Svalbard Lufthavn,SN99840,03.03.2024 10:00,-0.3,1017.9,82,8.4,238,0
15.5015,78.2453,Svalbard Lufthavn,SN99840,03.03.2024 11:00,-0.1,1018.4,81,7.3,243,0
15.5015,78.2453,Svalbard Lufthavn,SN99840,03.03.2024 12:00,0,1018.8,83,7.5,244,0
15.5015,78.2453,Svalbard Lufthavn,SN99840,03.03.2024 13:00,0.2,1019.1,78,7.8,234,0
15.5015,78.2453,Svalbard Lufthavn,SN99840,03.03.2024 14:00,0.4,1019.2,75,5.9,228,0
15.5015,78.2453,Svalbard Lufthavn,SN99840,03.03.2024 15:00,0.4,1019.1,75,3.6,223,0
15.5015,78.2453,Svalbard Lufthavn,SN99840,03.03.2024 16:00,0.5,1019,74,3.1,240,0
15.5015,78.2453,Svalbard Lufthavn,SN99840,03.03.2024 17:00,0.5,1019.2,81,2.6,252,0
15.5015,78.2453,Svalbard Lufthavn,SN99840,03.03.2024 18:00,0.2,1019.4,85,4.7,239,0.2
15.5015,78.2453,Svalbard Lufthavn,SN99840,03.03.2024 19:00,-0.1,1019.6,87,5.8,231,0
15.5015,78.2453,Svalbard Lufthavn,SN99840,03.03.2024 20:00,0.1,1019.6,82,2.8,235,0.1
15.5015,78.2453,Svalbard Lufthavn,SN99840,03.03.2024 21:00,-0.2,1020,78,5,220,0
15.5015,78.2453,Svalbard Lufthavn,SN99840,03.03.2024 22:00,-0.1,1020.2,76,6.3,217,0
15.5015,78.2453,Svalbard Lufthavn,SN99840,03.03.2024 23:00,-0.4,1020.4,81,6.5,232,0
15.5015,78.2453,Svalbard Lufthavn,SN99840,04.03.2024 00:00,-0.4,1020.7,82,8.3,238,0
15.5015,78.2453,Svalbard Lufthavn,SN99840,04.03.2024 01:00,-0.4,1020.8,81,8.5,239,0
15.5015,78.2453,Svalbard Lufthavn,SN99840,04.03.2024 02:00,-0.1,1020.7,78,5.6,234,0
15.5015,78.2453,Svalbard Lufthavn,SN99840,04.03.2024 03:00,-0.1,1020.9,81,8.2,225,0
15.5015,78.2453,Svalbard Lufthavn,SN99840,04.03.2024 04:00,-0.1,1021,81,8.3,234,0
15.5015,78.2453,Svalbard Lufthavn,SN99840,04.03.2024 05:00,-0.3,1021.1,84,9.1,233,0
15.5015,78.2453,Svalbard Lufthavn,SN99840,04.03.2024 06:00,-0.4,1021.2,82,10,235,0
15.5015,78.2453,Svalbard Lufthavn,SN99840,04.03.2024 07:00,-0.3,1021.6,82,9.4,235,0
15.5015,78.2453,Svalbard Lufthavn,SN99840,04.03.2024 08:00,-0.4,1021.9,82,10.2,237,0
15.5015,78.2453,Svalbard Lufthavn,SN99840,04.03.2024 09:00,-0.1,1022.4,75,9.8,236,0
15.5015,78.2453,Svalbard Lufthavn,SN99840,04.03.2024 10:00,-0.3,1023.1,79,9.1,235,0
15.5015,78.2453,Svalbard Lufthavn,SN99840,04.03.2024 11:00,-0.4,1023.5,78,9.1,235,0
15.5015,78.2453,Svalbard Lufthavn,SN99840,04.03.2024 12:00,-0.1,1023.8,74,6.9,233,0
15.5015,78.2453,Svalbard Lufthavn,SN99840,04.03.2024 13:00,-0.4,1024,82,8.3,246,0
15.5015,78.2453,Svalbard Lufthavn,SN99840,04.03.2024 14:00,-0.3,1024.3,83,8.5,245,0
15.5015,78.2453,Svalbard Lufthavn,SN99840,04.03.2024 15:00,-0.2,1024.6,75,9.4,233,0
15.5015,78.2453,Svalbard Lufthavn,SN99840,04.03.2024 16:00,-0.3,1024.8,75,8.1,239,0
15.5015,78.2453,Svalbard Lufthavn,SN99840,04.03.2024 17:00,-0.5,1025,77,7.5,233,0
15.5015,78.2453,Svalbard Lufthavn,SN99840,04.03.2024 18:00,-0.6,1025.2,75,4.1,219,0
15.5015,78.2453,Svalbard Lufthavn,SN99840,04.03.2024 19:00,-0.6,1025.7,75,4.9,226,0
15.5015,78.2453,Svalbard Lufthavn,SN99840,04.03.2024 20:00,-0.8,1026,76,5.6,226,0
15.5015,78.2453,Svalbard Lufthavn,SN99840,04.03.2024 21:00,-1,1026.1,78,3.2,237,0
15.5015,78.2453,Svalbard Lufthavn,SN99840,04.03.2024 22:00,-1.5,1026.2,81,3.5,236,0
15.5015,78.2453,Svalbard Lufthavn,SN99840,04.03.2024 23:00,-1.8,1026.2,77,1.6,243,0
15.5015,78.2453,Svalbard Lufthavn,SN99840,05.03.2024 00:00,-2.6,1026.4,78,3.2,173,0
15.5015,78.2453,Svalbard Lufthavn,SN99840,05.03.2024 01:00,-3.2,1026.4,80,3.1,167,0
15.5015,78.2453,Svalbard Lufthavn,SN99840,05.03.2024 02:00,-3.8,1026,78,2.3,160,0
15.5015,78.2453,Svalbard Lufthavn,SN99840,05.03.2024 03:00,-4.8,1026,85,0.9,233,0
15.5015,78.2453,Svalbard Lufthavn,SN99840,05.03.2024 04:00,-6.4,1025.9,89,1,255,0
15.5015,78.2453,Svalbard Lufthavn,SN99840,05.03.2024 05:00,-6,1025.9,86,2.8,103,0
15.5015,78.2453,Svalbard Lufthavn,SN99840,05.03.2024 06:00,-6.3,1025.8,88,3.5,99,0
15.5015,78.2453,Svalbard Lufthavn,SN99840,05.03.2024 07:00,-5.6,1025.7,84,1.3,252,0
15.5015,78.2453,Svalbard Lufthavn,SN99840,05.03.2024 08:00,-5.2,1025.2,84,2.2,187,0
15.5015,78.2453,Svalbard Lufthavn,SN99840,05.03.2024 09:00,-5.6,1024.8,84,3.3,112,0
15.5015,78.2453,Svalbard Lufthavn,SN99840,05.03.2024 10:00,-5.5,1024.8,86,1.3,124,0
15.5015,78.2453,Svalbard Lufthavn,SN99840,05.03.2024 11:00,-4.6,1024.4,83,4.9,107,0
15.5015,78.2453,Svalbard Lufthavn,SN99840,05.03.2024 12:00,-5.2,1024.1,86,4.7,102,0
15.5015,78.2453,Svalbard Lufthavn,SN99840,05.03.2024 13:00,-4.9,1023.7,84,2.4,101,0
15.5015,78.2453,Svalbard Lufthavn,SN99840,05.03.2024 14:00,-3.5,1023.4,79,1.7,95,0
15.5015,78.2453,Svalbard Lufthavn,SN99840,05.03.2024 15:00,-3.9,1022.8,83,0.5,310,0
15.5015,78.2453,Svalbard Lufthavn,SN99840,05.03.2024 16:00,-2.8,1022.3,88,1.2,291,0
15.5015,78.2453,Svalbard Lufthavn,SN99840,05.03.2024 17:00,-3.6,1021.9,90,1.3,233,0
15.5015,78.2453,Svalbard Lufthavn,SN99840,05.03.2024 18:00,-4.2,1021.2,87,2.4,110,0
15.5015,78.2453,Svalbard Lufthavn,SN99840,05.03.2024 19:00,-4,1020.6,88,2.6,98,0
15.5015,78.2453,Svalbard Lufthavn,SN99840,05.03.2024 20:00,-3.9,1020.3,88,1.3,102,0
15.5015,78.2453,Svalbard Lufthavn,SN99840,05.03.2024 21:00,-3.2,1020,89,1.5,250,0
15.5015,78.2453,Svalbard Lufthavn,SN99840,05.03.2024 22:00,-3.3,1019.6,90,2.6,255,0
15.5015,78.2453,Svalbard Lufthavn,SN99840,05.03.2024 23:00,-2.9,1019.3,94,0.5,248,0
15.5015,78.2453,Svalbard Lufthavn,SN99840,06.03.2024 00:00,-3.1,1018.7,95,2,299,0.1
15.5015,78.2453,Svalbard Lufthavn,SN99840,06.03.2024 01:00,-2.9,1018.7,96,3.4,285,0
15.5015,78.2453,Svalbard Lufthavn,SN99840,06.03.2024 02:00,-1.7,1018.6,93,2,305,0.2
15.5015,78.2453,Svalbard Lufthavn,SN99840,06.03.2024 03:00,1.4,1018.3,95,9.2,218,0.2
15.5015,78.2453,Svalbard Lufthavn,SN99840,06.03.2024 04:00,1.4,1018.6,91,8.6,228,0
15.5015,78.2453,Svalbard Lufthavn,SN99840,06.03.2024 05:00,2.1,1018.1,85,9,229,0
15.5015,78.2453,Svalbard Lufthavn,SN99840,06.03.2024 06:00,2.4,1018,81,10.5,235,0
15.5015,78.2453,Svalbard Lufthavn,SN99840,06.03.2024 07:00,1.9,1018,86,8.4,233,0
15.5015,78.2453,Svalbard Lufthavn,SN99840,06.03.2024 08:00,1,1017.7,87,3.1,249,0
15.5015,78.2453,Svalbard Lufthavn,SN99840,06.03.2024 09:00,-0.1,1017.7,93,1.7,272,0
15.5015,78.2453,Svalbard Lufthavn,SN99840,06.03.2024 10:00,1.8,1017.3,87,7.5,229,0.3
15.5015,78.2453,Svalbard Lufthavn,SN99840,06.03.2024 11:00,0.8,1017.4,89,12.3,235,0.4
15.5015,78.2453,Svalbard Lufthavn,SN99840,06.03.2024 12:00,1.2,1017.2,85,8.2,232,0.1
15.5015,78.2453,Svalbard Lufthavn,SN99840,06.03.2024 13:00,0.2,1017.1,81,10.1,230,0
15.5015,78.2453,Svalbard Lufthavn,SN99840,06.03.2024 14:00,-1.1,1016.9,77,13.2,231,0
15.5015,78.2453,Svalbard Lufthavn,SN99840,06.03.2024 15:00,-1.4,1017.2,76,12.4,232,0
15.5015,78.2453,Svalbard Lufthavn,SN99840,06.03.2024 16:00,-2.5,1017.9,74,11,231,0
15.5015,78.2453,Svalbard Lufthavn,SN99840,06.03.2024 17:00,-3.8,1019.2,80,9.9,235,0
15.5015,78.2453,Svalbard Lufthavn,SN99840,06.03.2024 18:00,-4.6,1020.1,79,7.4,227,0
15.5015,78.2453,Svalbard Lufthavn,SN99840,06.03.2024 19:00,-5.3,1021,74,6,282,0
15.5015,78.2453,Svalbard Lufthavn,SN99840,06.03.2024 20:00,-5.8,1022.3,68,2.7,238,0
15.5015,78.2453,Svalbard Lufthavn,SN99840,06.03.2024 21:00,-5.7,1023.2,69,3.6,232,0
15.5015,78.2453,Svalbard Lufthavn,SN99840,06.03.2024 22:00,-7.3,1024.1,67,3.8,243,0
15.5015,78.2453,Svalbard Lufthavn,SN99840,06.03.2024 23:00,-6.3,1024.4,64,2,121,0
15.5015,78.2453,Svalbard Lufthavn,SN99840,07.03.2024 00:00,-7.1,1025,70,4.4,226,0
15.5015,78.2453,Svalbard Lufthavn,SN99840,07.03.2024 01:00,-7,1025.4,66,1.7,215,0
15.5015,78.2453,Svalbard Lufthavn,SN99840,07.03.2024 02:00,-7.7,1025.8,73,2.8,115,0
15.5015,78.2453,Svalbard Lufthavn,SN99840,07.03.2024 03:00,-8.8,1025.9,79,3.9,111,0
15.5015,78.2453,Svalbard Lufthavn,SN99840,07.03.2024 04:00,-9.5,1026.2,83,1.4,155,0
15.5015,78.2453,Svalbard Lufthavn,SN99840,07.03.2024 05:00,-9.4,1026.3,81,1,176,0
15.5015,78.2453,Svalbard Lufthavn,SN99840,07.03.2024 06:00,-9.5,1026.1,84,1.5,137,0
15.5015,78.2453,Svalbard Lufthavn,SN99840,07.03.2024 07:00,-9.9,1026.2,85,1,215,0
15.5015,78.2453,Svalbard Lufthavn,SN99840,07.03.2024 08:00,-9.6,1026.2,85,0.9,134,0
15.5015,78.2453,Svalbard Lufthavn,SN99840,07.03.2024 09:00,-8.8,1026.3,78,1.5,197,0
15.5015,78.2453,Svalbard Lufthavn,SN99840,07.03.2024 10:00,-9.8,1026.8,83,3.8,214,0
15.5015,78.2453,Svalbard Lufthavn,SN99840,07.03.2024 11:00,-9.6,1026.9,81,3.6,223,0
15.5015,78.2453,Svalbard Lufthavn,SN99840,07.03.2024 12:00,-8.4,1026.9,81,1.7,90,0
15.5015,78.2453,Svalbard Lufthavn,SN99840,07.03.2024 13:00,-8.3,1026.7,84,2.6,102,0
15.5015,78.2453,Svalbard Lufthavn,SN99840,07.03.2024 14:00,-7.2,1026.1,81,3.2,99,0
15.5015,78.2453,Svalbard Lufthavn,SN99840,07.03.2024 15:00,-6.9,1025.3,78,4.5,97,0
15.5015,78.2453,Svalbard Lufthavn,SN99840,07.03.2024 16:00,-6.3,1025,79,1.9,56,0
15.5015,78.2453,Svalbard Lufthavn,SN99840,07.03.2024 17:00,-6.2,1024.8,81,1.9,87,0
15.5015,78.2453,Svalbard Lufthavn,SN99840,07.03.2024 18:00,-6,1024.4,85,3,103,0
15.5015,78.2453,Svalbard Lufthavn,SN99840,07.03.2024 19:00,-5.8,1024.4,87,0,0,0.1
15.5015,78.2453,Svalbard Lufthavn,SN99840,07.03.2024 20:00,-5.6,1023.5,90,1.3,319,0.2
15.5015,78.2453,Svalbard Lufthavn,SN99840,07.03.2024 21:00,-5.1,1023.8,91,2.7,273,0
15.5015,78.2453,Svalbard Lufthavn,SN99840,07.03.2024 22:00,-5,1023.5,91,2.1,309,0
15.5015,78.2453,Svalbard Lufthavn,SN99840,07.03.2024 23:00,-4.9,1023,91,0.6,89,0.1
15.5015,78.2453,Svalbard Lufthavn,SN99840,08.03.2024 00:00,-5,1022.8,91,2,117,0.2
15.5015,78.2453,Svalbard Lufthavn,SN99840,08.03.2024 01:00,-4.3,1022.6,93,2,259,0.2
15.5015,78.2453,Svalbard Lufthavn,SN99840,08.03.2024 02:00,-4.1,1022.4,94,1.8,286,0.2
15.5015,78.2453,Svalbard Lufthavn,SN99840,08.03.2024 03:00,-3.7,1022.3,94,1.2,313,0.2
15.5015,78.2453,Svalbard Lufthavn,SN99840,08.03.2024 04:00,-2.8,1022.4,95,1.5,317,0
15.5015,78.2453,Svalbard Lufthavn,SN99840,08.03.2024 05:00,0.4,1022.2,90,6.6,231,0
15.5015,78.2453,Svalbard Lufthavn,SN99840,08.03.2024 06:00,0.5,1022.2,88,8.4,238,0
15.5015,78.2453,Svalbard Lufthavn,SN99840,08.03.2024 07:00,0.8,1022.3,84,8.1,243,0
15.5015,78.2453,Svalbard Lufthavn,SN99840,08.03.2024 08:00,0.7,1022.6,86,6.1,241,0
15.5015,78.2453,Svalbard Lufthavn,SN99840,08.03.2024 09:00,0.6,1022.7,88,6.5,240,0
15.5015,78.2453,Svalbard Lufthavn,SN99840,08.03.2024 10:00,1.1,1023,81,4.6,234,0
15.5015,78.2453,Svalbard Lufthavn,SN99840,08.03.2024 11:00,1.3,1022.9,78,6.2,230,0
15.5015,78.2453,Svalbard Lufthavn,SN99840,08.03.2024 12:00,1,1023,81,5.9,243,0
15.5015,78.2453,Svalbard Lufthavn,SN99840,08.03.2024 13:00,-0.1,1023.2,93,5.7,253,0
15.5015,78.2453,Svalbard Lufthavn,SN99840,08.03.2024 14:00,-1.8,1023.3,95,0.7,17,0.2
15.5015,78.2453,Svalbard Lufthavn,SN99840,08.03.2024 15:00,0,1023.2,93,5.3,224,0.1
15.5015,78.2453,Svalbard Lufthavn,SN99840,08.03.2024 16:00,0.3,1023.1,85,6,234,0
15.5015,78.2453,Svalbard Lufthavn,SN99840,08.03.2024 17:00,0.4,1022.9,83,5.9,228,0
15.5015,78.2453,Svalbard Lufthavn,SN99840,08.03.2024 18:00,0.9,1022.8,79,5.1,217,0
15.5015,78.2453,Svalbard Lufthavn,SN99840,08.03.2024 19:00,0.6,1022.7,80,4.5,231,0
15.5015,78.2453,Svalbard Lufthavn,SN99840,08.03.2024 20:00,0.5,1022.7,85,5,232,0
15.5015,78.2453,Svalbard Lufthavn,SN99840,08.03.2024 21:00,0.6,1022.7,80,5.7,235,0
15.5015,78.2453,Svalbard Lufthavn,SN99840,08.03.2024 22:00,1.1,1022.5,76,4.3,226,0
15.5015,78.2453,Svalbard Lufthavn,SN99840,08.03.2024 23:00,1.1,1022.2,77,2.9,260,0
15.5015,78.2453,Svalbard Lufthavn,SN99840,09.03.2024 00:00,-0.8,1021.5,90,1.6,112,0
15.5015,78.2453,Svalbard Lufthavn,SN99840,09.03.2024 01:00,-0.7,1020.9,91,1.4,105,0
15.5015,78.2453,Svalbard Lufthavn,SN99840,09.03.2024 02:00,-0.3,1020.2,90,1.1,72,0
15.5015,78.2453,Svalbard Lufthavn,SN99840,09.03.2024 03:00,-0.2,1019.4,86,2.9,103,0
15.5015,78.2453,Svalbard Lufthavn,SN99840,09.03.2024 04:00,1.1,1017.8,80,4.7,109,0
15.5015,78.2453,Svalbard Lufthavn,SN99840,09.03.2024 05:00,-0.6,1016.4,83,4,109,0
15.5015,78.2453,Svalbard Lufthavn,SN99840,09.03.2024 06:00,3.1,1015.3,65,2.7,303,0
15.5015,78.2453,Svalbard Lufthavn,SN99840,09.03.2024 07:00,3,1014.4,72,3.2,152,0
15.5015,78.2453,Svalbard Lufthavn,SN99840,09.03.2024 08:00,1.6,1013.7,87,3.2,113,0
15.5015,78.2453,Svalbard Lufthavn,SN99840,09.03.2024 09:00,2.8,1012.9,79,6.3,242,0
15.5015,78.2453,Svalbard Lufthavn,SN99840,09.03.2024 10:00,1.1,1012.9,86,7.5,223,0.3
15.5015,78.2453,Svalbard Lufthavn,SN99840,09.03.2024 11:00,0.2,1012.8,80,4.8,211,0
15.5015,78.2453,Svalbard Lufthavn,SN99840,09.03.2024 12:00,0,1013.1,74,6.7,239,0
15.5015,78.2453,Svalbard Lufthavn,SN99840,09.03.2024 13:00,-0.1,1012.6,75,4.8,231,0
15.5015,78.2453,Svalbard Lufthavn,SN99840,09.03.2024 14:00,-0.4,1012.5,72,9.6,238,0
15.5015,78.2453,Svalbard Lufthavn,SN99840,09.03.2024 15:00,-1.6,1012.7,76,5.9,225,0
15.5015,78.2453,Svalbard Lufthavn,SN99840,09.03.2024 16:00,-1.7,1013,79,7.9,233,0
15.5015,78.2453,Svalbard Lufthavn,SN99840,09.03.2024 17:00,-2.2,1012.9,80,10.1,234,0
15.5015,78.2453,Svalbard Lufthavn,SN99840,09.03.2024 18:00,-2.5,1012.5,81,10.7,229,0.1
15.5015,78.2453,Svalbard Lufthavn,SN99840,09.03.2024 19:00,-2.7,1012.2,82,9.8,233,0
15.5015,78.2453,Svalbard Lufthavn,SN99840,09.03.2024 20:00,-2.5,1011.7,78,11.2,236,0
15.5015,78.2453,Svalbard Lufthavn,SN99840,09.03.2024 21:00,-2.9,1012.1,81,8.7,243,0
15.5015,78.2453,Svalbard Lufthavn,SN99840,09.03.2024 22:00,-3.2,1011.9,82,11.9,221,0
15.5015,78.2453,Svalbard Lufthavn,SN99840,09.03.2024 23:00,-3.2,1011.4,75,10.8,230,0
15.5015,78.2453,Svalbard Lufthavn,SN99840,10.03.2024 00:00,-4,1012.1,78,10.3,234,0
15.5015,78.2453,Svalbard Lufthavn,SN99840,10.03.2024 01:00,-4.2,1011.2,76,10.7,235,0
15.5015,78.2453,Svalbard Lufthavn,SN99840,10.03.2024 02:00,-3.9,1011.9,72,8.1,229,0
15.5015,78.2453,Svalbard Lufthavn,SN99840,10.03.2024 03:00,-5.2,1012.8,79,10.4,236,0
15.5015,78.2453,Svalbard Lufthavn,SN99840,10.03.2024 04:00,-5.8,1013.6,78,6.2,227,0
15.5015,78.2453,Svalbard Lufthavn,SN99840,10.03.2024 05:00,-6.4,1014,77,5.9,233,0
15.5015,78.2453,Svalbard Lufthavn,SN99840,10.03.2024 06:00,-5.9,1014.5,79,4.4,200,0
15.5015,78.2453,Svalbard Lufthavn,SN99840,10.03.2024 07:00,-6.4,1014.7,80,5,237,0
15.5015,78.2453,Svalbard Lufthavn,SN99840,10.03.2024 08:00,-6.4,1015.2,76,3.2,245,0
15.5015,78.2453,Svalbard Lufthavn,SN99840,10.03.2024 09:00,-6.8,1015.7,81,2.7,322,0
15.5015,78.2453,Svalbard Lufthavn,SN99840,10.03.2024 10:00,-7.2,1016.1,81,1.5,299,0
15.5015,78.2453,Svalbard Lufthavn,SN99840,10.03.2024 11:00,-7.1,1016.5,84,3.1,13,0
15.5015,78.2453,Svalbard Lufthavn,SN99840,10.03.2024 12:00,-7.5,1016.9,79,2.9,355,0
15.5015,78.2453,Svalbard Lufthavn,SN99840,10.03.2024 13:00,-7.8,1017.3,79,2.5,319,0
15.5015,78.2453,Svalbard Lufthavn,SN99840,10.03.2024 14:00,-8.1,1017.1,79,3.1,331,0
15.5015,78.2453,Svalbard Lufthavn,SN99840,10.03.2024 15:00,-8.3,1017.3,80,3.7,2,0
15.5015,78.2453,Svalbard Lufthavn,SN99840,10.03.2024 16:00,-9.4,1017.4,75,2.9,348,0
15.5015,78.2453,Svalbard Lufthavn,SN99840,10.03.2024 17:00,-9.9,1017.3,73,2.1,236,0
15.5015,78.2453,Svalbard Lufthavn,SN99840,10.03.2024 18:00,-10,1017.1,75,2.5,217,0
15.5015,78.2453,Svalbard Lufthavn,SN99840,10.03.2024 19:00,-10.1,1017.3,74,1.7,230,0
15.5015,78.2453,Svalbard Lufthavn,SN99840,10.03.2024 20:00,-10.8,1017.5,76,1.7,99,0
15.5015,78.2453,Svalbard Lufthavn,SN99840,10.03.2024 21:00,-11.3,1017.6,79,0.6,94,0
15.5015,78.2453,Svalbard Lufthavn,SN99840,10.03.2024 22:00,-11.2,1017.4,78,2.2,97,0
15.5015,78.2453,Svalbard Lufthavn,SN99840,10.03.2024 23:00,-11.1,1017,77,2.8,102,0
15.5015,78.2453,Svalbard Lufthavn,SN99840,11.03.2024 00:00,-11.8,1016.8,78,2,101,0
15.5015,78.2453,Svalbard Lufthavn,SN99840,11.03.2024 01:00,-11.7,1016.3,78,3.6,106,0
15.5015,78.2453,Svalbard Lufthavn,SN99840,11.03.2024 02:00,-11.8,1016.2,79,3,110,0
15.5015,78.2453,Svalbard Lufthavn,SN99840,11.03.2024 03:00,-11.6,1016.5,79,1.8,95,0
15.5015,78.2453,Svalbard Lufthavn,SN99840,11.03.2024 04:00,-11.7,1015.4,81,3.9,105,0
15.5015,78.2453,Svalbard Lufthavn,SN99840,11.03.2024 05:00,-11.5,1014.9,82,3.7,101,0
15.5015,78.2453,Svalbard Lufthavn,SN99840,11.03.2024 06:00,-11.6,1014.2,78,5.1,98,0
15.5015,78.2453,Svalbard Lufthavn,SN99840,11.03.2024 07:00,-11.6,1013.2,77,4.7,94,0
15.5015,78.2453,Svalbard Lufthavn,SN99840,11.03.2024 08:00,-11.7,1012.9,78,3.2,110,0
15.5015,78.2453,Svalbard Lufthavn,SN99840,11.03.2024 09:00,-11.5,1012.2,78,4.8,105,0
15.5015,78.2453,Svalbard Lufthavn,SN99840,11.03.2024 10:00,-11.6,1012.3,79,4.6,101,0
15.5015,78.2453,Svalbard Lufthavn,SN99840,11.03.2024 11:00,-11.5,1011.9,82,1.9,101,0
15.5015,78.2453,Svalbard Lufthavn,SN99840,11.03.2024 12:00,-11.9,1011.8,81,6.4,87,0
15.5015,78.2453,Svalbard Lufthavn,SN99840,11.03.2024 13:00,-11.8,1011.3,82,4,104,0
15.5015,78.2453,Svalbard Lufthavn,SN99840,11.03.2024 14:00,-11.7,1011.7,76,6.1,72,0
15.5015,78.2453,Svalbard Lufthavn,SN99840,11.03.2024 15:00,-11.5,1011.6,77,2.3,92,0.1
15.5015,78.2453,Svalbard Lufthavn,SN99840,11.03.2024 16:00,-12.9,1011.9,79,6.6,109,0
15.5015,78.2453,Svalbard Lufthavn,SN99840,11.03.2024 17:00,-12.5,1012.1,70,3.7,119,0
15.5015,78.2453,Svalbard Lufthavn,SN99840,11.03.2024 18:00,-13,1012.6,67,7.8,136,0
15.5015,78.2453,Svalbard Lufthavn,SN99840,11.03.2024 19:00,-13.5,1013.3,69,7,120,0
15.5015,78.2453,Svalbard Lufthavn,SN99840,11.03.2024 20:00,-14,1013.8,69,7.2,117,0
15.5015,78.2453,Svalbard Lufthavn,SN99840,11.03.2024 21:00,-14.4,1015,68,5.3,114,0
15.5015,78.2453,Svalbard Lufthavn,SN99840,11.03.2024 22:00,-14.5,1016,65,3.8,58,0
15.5015,78.2453,Svalbard Lufthavn,SN99840,11.03.2024 23:00,-14.9,1016.9,61,10.9,35,0
15.5015,78.2453,Svalbard Lufthavn,SN99840,12.03.2024 00:00,-15.5,1017.9,49,8.7,30,0
15.5015,78.2453,Svalbard Lufthavn,SN99840,12.03.2024 01:00,-16.1,1018.5,43,6.9,52,0
15.5015,78.2453,Svalbard Lufthavn,SN99840,12.03.2024 02:00,-16.6,1019.3,47,5.7,54,0
15.5015,78.2453,Svalbard Lufthavn,SN99840,12.03.2024 03:00,-16.9,1019.8,52,4.4,44,0
15.5015,78.2453,Svalbard Lufthavn,SN99840,12.03.2024 04:00,-17.1,1020.4,53,6.4,350,0
15.5015,78.2453,Svalbard Lufthavn,SN99840,12.03.2024 05:00,-17.8,1021.2,56,6.9,342,0
15.5015,78.2453,Svalbard Lufthavn,SN99840,12.03.2024 06:00,-18.1,1021.6,57,6.4,330,0
15.5015,78.2453,Svalbard Lufthavn,SN99840,12.03.2024 07:00,-18.7,1021.7,57,4.2,328,0
15.5015,78.2453,Svalbard Lufthavn,SN99840,12.03.2024 08:00,-18.1,1022.2,57,4.9,327,0
15.5015,78.2453,Svalbard Lufthavn,SN99840,12.03.2024 09:00,-18.4,1022.7,60,4.5,298,0
15.5015,78.2453,Svalbard Lufthavn,SN99840,12.03.2024 10:00,-19.3,1022.7,57,2.2,243,0
15.5015,78.2453,Svalbard Lufthavn,SN99840,12.03.2024 11:00,-19.3,1022.5,58,5.8,192,0
15.5015,78.2453,Svalbard Lufthavn,SN99840,12.03.2024 12:00,-18.8,1022.2,53,1.1,135,0
15.5015,78.2453,Svalbard Lufthavn,SN99840,12.03.2024 13:00,-18.7,1021.8,54,3,111,0
15.5015,78.2453,Svalbard Lufthavn,SN99840,12.03.2024 14:00,-17.8,1021.4,55,4.2,89,0
15.5015,78.2453,Svalbard Lufthavn,SN99840,12.03.2024 15:00,-16.6,1020.7,58,3,89,0
15.5015,78.2453,Svalbard Lufthavn,SN99840,12.03.2024 16:00,-13.4,1019.6,66,4.6,236,0
15.5015,78.2453,Svalbard Lufthavn,SN99840,12.03.2024 17:00,-12.5,1018.9,68,6.1,244,0
15.5015,78.2453,Svalbard Lufthavn,SN99840,12.03.2024 18:00,-11.4,1017.9,68,5.5,242,0
15.5015,78.2453,Svalbard Lufthavn,SN99840,12.03.2024 19:00,-10.9,1017,72,8.1,253,0
15.5015,78.2453,Svalbard Lufthavn,SN99840,12.03.2024 20:00,-10.2,1016.4,71,8.6,246,0
15.5015,78.2453,Svalbard Lufthavn,SN99840,12.03.2024 21:00,-10.6,1016,74,7.5,284,0
15.5015,78.2453,Svalbard Lufthavn,SN99840,12.03.2024 22:00,-9.8,1015.4,67,9,252,0
15.5015,78.2453,Svalbard Lufthavn,SN99840,12.03.2024 23:00,-9.8,1014.9,70,9.5,274,0
15.5015,78.2453,Svalbard Lufthavn,SN99840,13.03.2024 00:00,-9.6,1014.6,67,10.9,265,0
15.5015,78.2453,Svalbard Lufthavn,SN99840,13.03.2024 01:00,-9.8,1014.3,77,9.7,275,0
15.5015,78.2453,Svalbard Lufthavn,SN99840,13.03.2024 02:00,-10.1,1014.3,73,6.9,294,0
15.5015,78.2453,Svalbard Lufthavn,SN99840,13.03.2024 03:00,-10.8,1014,76,3.5,314,0
15.5015,78.2453,Svalbard Lufthavn,SN99840,13.03.2024 04:00,-11.2,1013.5,78,3.5,302,0
15.5015,78.2453,Svalbard Lufthavn,SN99840,13.03.2024 05:00,-10.8,1013,67,6.9,267,0
15.5015,78.2453,Svalbard Lufthavn,SN99840,13.03.2024 06:00,-10.5,1012.4,65,7.9,289,0
15.5015,78.2453,Svalbard Lufthavn,SN99840,13.03.2024 07:00,-10.5,1012.2,70,3.9,307,0
15.5015,78.2453,Svalbard Lufthavn,SN99840,13.03.2024 08:00,-10.9,1011.6,71,2.8,338,0
15.5015,78.2453,Svalbard Lufthavn,SN99840,13.03.2024 09:00,-11,1011.1,72,1.5,143,0
15.5015,78.2453,Svalbard Lufthavn,SN99840,13.03.2024 10:00,-10.8,1010.8,71,1.5,140,0
15.5015,78.2453,Svalbard Lufthavn,SN99840,13.03.2024 11:00,-10.7,1010.4,69,1.3,149,0
15.5015,78.2453,Svalbard Lufthavn,SN99840,13.03.2024 12:00,-10.7,1010.1,70,1.5,157,0
15.5015,78.2453,Svalbard Lufthavn,SN99840,13.03.2024 13:00,-11.1,1009.7,72,2.7,106,0
15.5015,78.2453,Svalbard Lufthavn,SN99840,13.03.2024 14:00,-11.4,1009.3,70,3.5,105,0
15.5015,78.2453,Svalbard Lufthavn,SN99840,13.03.2024 15:00,-12,1008.4,74,5,107,0
15.5015,78.2453,Svalbard Lufthavn,SN99840,13.03.2024 16:00,-12.1,1007.6,73,5.2,104,0
15.5015,78.2453,Svalbard Lufthavn,SN99840,13.03.2024 17:00,-12.5,1007,74,6.9,104,0
15.5015,78.2453,Svalbard Lufthavn,SN99840,13.03.2024 18:00,-13,1006.5,74,6.9,98,0
15.5015,78.2453,Svalbard Lufthavn,SN99840,13.03.2024 19:00,-13.4,1005.9,76,7.8,111,0
15.5015,78.2453,Svalbard Lufthavn,SN99840,13.03.2024 20:00,-13.5,1005.5,75,9.4,127,0
15.5015,78.2453,Svalbard Lufthavn,SN99840,13.03.2024 21:00,-14.2,1005.6,72,9.8,124,0
15.5015,78.2453,Svalbard Lufthavn,SN99840,13.03.2024 22:00,-14.7,1005.9,75,8.7,120,0
15.5015,78.2453,Svalbard Lufthavn,SN99840,13.03.2024 23:00,-15.1,1005.9,74,9.8,114,0
15.5015,78.2453,Svalbard Lufthavn,SN99840,14.03.2024 00:00,-15.7,1005.8,71,8.9,115,0
15.5015,78.2453,Svalbard Lufthavn,SN99840,14.03.2024 01:00,-16.1,1005.9,68,9.9,109,0
15.5015,78.2453,Svalbard Lufthavn,SN99840,14.03.2024 02:00,-16.8,1005.7,67,9.1,104,0
15.5015,78.2453,Svalbard Lufthavn,SN99840,14.03.2024 03:00,-16.9,1005.5,64,8.7,114,0
15.5015,78.2453,Svalbard Lufthavn,SN99840,14.03.2024 04:00,-17.6,1005.3,63,9.1,112,0
15.5015,78.2453,Svalbard Lufthavn,SN99840,14.03.2024 05:00,-18.1,1005.2,62,7.7,115,0
15.5015,78.2453,Svalbard Lufthavn,SN99840,14.03.2024 06:00,-18.7,1005.2,60,7.4,127,0
15.5015,78.2453,Svalbard Lufthavn,SN99840,14.03.2024 07:00,-18.8,1004.9,59,6.6,127,0
15.5015,78.2453,Svalbard Lufthavn,SN99840,14.03.2024 08:00,-19.3,1005,58,5.9,120,0
15.5015,78.2453,Svalbard Lufthavn,SN99840,14.03.2024 09:00,-18.9,1004.8,50,6,124,0
15.5015,78.2453,Svalbard Lufthavn,SN99840,14.03.2024 10:00,-19.3,1005,49,6,124,0
15.5015,78.2453,Svalbard Lufthavn,SN99840,14.03.2024 11:00,-19.9,1005.1,47,5.5,122,0
15.5015,78.2453,Svalbard Lufthavn,SN99840,14.03.2024 12:00,-20.2,1005.1,51,5.3,141,0
15.5015,78.2453,Svalbard Lufthavn,SN99840,14.03.2024 13:00,-20.4,1005,51,5.4,142,0
15.5015,78.2453,Svalbard Lufthavn,SN99840,14.03.2024 14:00,-20.9,1004.7,52,5.9,143,0
15.5015,78.2453,Svalbard Lufthavn,SN99840,14.03.2024 15:00,-21.5,1004.6,51,5.9,143,0
15.5015,78.2453,Svalbard Lufthavn,SN99840,14.03.2024 16:00,-21.3,1004.4,49,5.9,142,0
15.5015,78.2453,Svalbard Lufthavn,SN99840,14.03.2024 17:00,-20.7,1004,47,5.4,133,0
15.5015,78.2453,Svalbard Lufthavn,SN99840,14.03.2024 18:00,-21.3,1003.9,56,5.9,100,0
15.5015,78.2453,Svalbard Lufthavn,SN99840,14.03.2024 19:00,-23.1,1003.9,61,5.4,109,0
15.5015,78.2453,Svalbard Lufthavn,SN99840,14.03.2024 20:00,-23,1003.8,66,5.4,117,0
15.5015,78.2453,Svalbard Lufthavn,SN99840,14.03.2024 21:00,-23.9,1003.6,60,4.2,122,0
15.5015,78.2453,Svalbard Lufthavn,SN99840,14.03.2024 22:00,-23.7,1003.6,58,2.3,96,0
15.5015,78.2453,Svalbard Lufthavn,SN99840,14.03.2024 23:00,-22.7,1003.5,55,2.9,111,0
15.5015,78.2453,Svalbard Lufthavn,SN99840,15.03.2024 00:00,-23.8,1003.3,58,2.6,106,0
15.5015,78.2453,Svalbard Lufthavn,SN99840,15.03.2024 01:00,-22.7,1003.3,64,2.2,129,0
15.5015,78.2453,Svalbard Lufthavn,SN99840,15.03.2024 02:00,-23.2,1003.1,67,2.8,111,0
15.5015,78.2453,Svalbard Lufthavn,SN99840,15.03.2024 03:00,-23.5,1003,71,2.3,114,0
15.5015,78.2453,Svalbard Lufthavn,SN99840,15.03.2024 04:00,-23,1002.7,75,2.3,108,0
15.5015,78.2453,Svalbard Lufthavn,SN99840,15.03.2024 05:00,-22.7,1002.5,61,5.6,9,0
15.5015,78.2453,Svalbard Lufthavn,SN99840,15.03.2024 06:00,-22.9,1002.4,59,3.1,26,0
15.5015,78.2453,Svalbard Lufthavn,SN99840,15.03.2024 07:00,-23.4,1002.3,60,2.5,39,0
15.5015,78.2453,Svalbard Lufthavn,SN99840,15.03.2024 08:00,-23.4,1002.4,56,1.7,38,0
15.5015,78.2453,Svalbard Lufthavn,SN99840,15.03.2024 09:00,-23.4,1002.7,58,3,59,0
15.5015,78.2453,Svalbard Lufthavn,SN99840,15.03.2024 10:00,-24.3,1002.9,61,1.6,142,0
15.5015,78.2453,Svalbard Lufthavn,SN99840,15.03.2024 11:00,-24.2,1003.3,61,2.9,113,0
15.5015,78.2453,Svalbard Lufthavn,SN99840,15.03.2024 12:00,-24,1003.4,61,2.7,144,0
15.5015,78.2453,Svalbard Lufthavn,SN99840,15.03.2024 13:00,-24.4,1003.6,68,2.3,136,0
15.5015,78.2453,Svalbard Lufthavn,SN99840,15.03.2024 14:00,-24.6,1003.8,63,3.1,111,0
15.5015,78.2453,Svalbard Lufthavn,SN99840,15.03.2024 15:00,-24.7,1003.9,61,4,107,0
15.5015,78.2453,Svalbard Lufthavn,SN99840,15.03.2024 16:00,-24.2,1004,60,3.2,127,0
15.5015,78.2453,Svalbard Lufthavn,SN99840,15.03.2024 17:00,-24.5,1004,61,3.6,101,0
15.5015,78.2453,Svalbard Lufthavn,SN99840,15.03.2024 18:00,-24.3,1004,61,3.4,119,0
15.5015,78.2453,Svalbard Lufthavn,SN99840,15.03.2024 19:00,-23.9,1004,61,2.9,114,0
15.5015,78.2453,Svalbard Lufthavn,SN99840,15.03.2024 20:00,-23.7,1004.2,60,2.5,103,0
15.5015,78.2453,Svalbard Lufthavn,SN99840,15.03.2024 21:00,-23.4,1004.5,60,2.5,97,0
15.5015,78.2453,Svalbard Lufthavn,SN99840,15.03.2024 22:00,-23.1,1004.6,59,3.6,106,0
15.5015,78.2453,Svalbard Lufthavn,SN99840,15.03.2024 23:00,-22.8,1004.7,61,1,178,0
15.5015,78.2453,Svalbard Lufthavn,SN99840,16.03.2024 00:00,-22.6,1004.5,63,1.6,59,0
15.5015,78.2453,Svalbard Lufthavn,SN99840,16.03.2024 01:00,-21.6,1004.4,65,4.1,332,0
15.5015,78.2453,Svalbard Lufthavn,SN99840,16.03.2024 02:00,-20.3,1004.3,61,6.6,337,0
15.5015,78.2453,Svalbard Lufthavn,SN99840,16.03.2024 03:00,-20.4,1004.4,62,6.4,343,0
15.5015,78.2453,Svalbard Lufthavn,SN99840,16.03.2024 04:00,-20.7,1004.4,65,5.2,360,0
15.5015,78.2453,Svalbard Lufthavn,SN99840,16.03.2024 05:00,-20.7,1004.4,67,7,342,0
15.5015,78.2453,Svalbard Lufthavn,SN99840,16.03.2024 06:00,-20.9,1004.4,57,7.2,353,0
15.5015,78.2453,Svalbard Lufthavn,SN99840,16.03.2024 07:00,-21.4,1004.7,65,7.1,352,0
15.5015,78.2453,Svalbard Lufthavn,SN99840,16.03.2024 08:00,-22,1005,64,7.8,348,0
15.5015,78.2453,Svalbard Lufthavn,SN99840,16.03.2024 09:00,-22.3,1005.8,63,4.7,28,0
15.5015,78.2453,Svalbard Lufthavn,SN99840,16.03.2024 10:00,-21.8,1006.5,59,3.4,64,0
15.5015,78.2453,Svalbard Lufthavn,SN99840,16.03.2024 11:00,-21.9,1007.2,63,2.8,77,0
15.5015,78.2453,Svalbard Lufthavn,SN99840,16.03.2024 12:00,-22.2,1007.7,62,1.4,149,0
15.5015,78.2453,Svalbard Lufthavn,SN99840,16.03.2024 13:00,-22.3,1008.2,58,2.7,346,0
15.5015,78.2453,Svalbard Lufthavn,SN99840,16.03.2024 14:00,-22.1,1008.8,67,1,167,0
15.5015,78.2453,Svalbard Lufthavn,SN99840,16.03.2024 15:00,-21.2,1009.2,59,3.7,325,0
15.5015,78.2453,Svalbard Lufthavn,SN99840,16.03.2024 16:00,-21.8,1009.5,62,2.6,324,0
15.5015,78.2453,Svalbard Lufthavn,SN99840,16.03.2024 17:00,-21.5,1009.9,67,3.1,322,0
15.5015,78.2453,Svalbard Lufthavn,SN99840,16.03.2024 18:00,-20,1010.1,62,5.6,336,0
15.5015,78.2453,Svalbard Lufthavn,SN99840,16.03.2024 19:00,-19.4,1010.3,59,6.1,318,0
15.5015,78.2453,Svalbard Lufthavn,SN99840,16.03.2024 20:00,-19.5,1010.7,62,7.6,307,0
15.5015,78.2453,Svalbard Lufthavn,SN99840,16.03.2024 21:00,-19.8,1011,61,7,315,0
15.5015,78.2453,Svalbard Lufthavn,SN99840,16.03.2024 22:00,-19.7,1011.1,65,6.8,315,0
15.5015,78.2453,Svalbard Lufthavn,SN99840,16.03.2024 23:00,-20.1,1011.5,60,6.6,319,0
15.5015,78.2453,Svalbard Lufthavn,SN99840,17.03.2024 00:00,-20.4,1011.8,59,6.6,329,0
15.5015,78.2453,Svalbard Lufthavn,SN99840,17.03.2024 01:00,-20.8,1011.9,56,5.6,341,0
15.5015,78.2453,Svalbard Lufthavn,SN99840,17.03.2024 02:00,-21,1012.1,60,7.2,337,0
15.5015,78.2453,Svalbard Lufthavn,SN99840,17.03.2024 03:00,-21.2,1012.6,60,5.9,327,0
15.5015,78.2453,Svalbard Lufthavn,SN99840,17.03.2024 04:00,-21.4,1012.8,59,5.3,323,0
15.5015,78.2453,Svalbard Lufthavn,SN99840,17.03.2024 05:00,-21.1,1013,61,5.9,331,0
15.5015,78.2453,Svalbard Lufthavn,SN99840,17.03.2024 06:00,-20.8,1012.9,59,6.2,324,0
15.5015,78.2453,Svalbard Lufthavn,SN99840,17.03.2024 07:00,-21.4,1013.1,58,3.1,325,0
15.5015,78.2453,Svalbard Lufthavn,SN99840,17.03.2024 08:00,-21.8,1013.6,60,1.2,292,0
15.5015,78.2453,Svalbard Lufthavn,SN99840,17.03.2024 09:00,-21.6,1014,59,1.3,222,0
15.5015,78.2453,Svalbard Lufthavn,SN99840,17.03.2024 10:00,-21.5,1014.6,60,1.6,292,0
15.5015,78.2453,Svalbard Lufthavn,SN99840,17.03.2024 11:00,-21.7,1015.1,60,2,245,0
15.5015,78.2453,Svalbard Lufthavn,SN99840,17.03.2024 12:00,-21.7,1015.4,61,3,284,0
15.5015,78.2453,Svalbard Lufthavn,SN99840,17.03.2024 13:00,-22.1,1015.8,64,2.1,325,0
15.5015,78.2453,Svalbard Lufthavn,SN99840,17.03.2024 14:00,-21.9,1016.1,62,1.7,308,0
15.5015,78.2453,Svalbard Lufthavn,SN99840,17.03.2024 15:00,-22,1016.2,63,1.5,307,0
15.5015,78.2453,Svalbard Lufthavn,SN99840,17.03.2024 16:00,-22.1,1016.4,63,1.5,217,0
15.5015,78.2453,Svalbard Lufthavn,SN99840,17.03.2024 17:00,-22.3,1016.2,63,1,156,0
15.5015,78.2453,Svalbard Lufthavn,SN99840,17.03.2024 18:00,-23,1016.3,66,1.8,183,0
15.5015,78.2453,Svalbard Lufthavn,SN99840,17.03.2024 19:00,-22.7,1016.4,67,1.4,197,0
15.5015,78.2453,Svalbard Lufthavn,SN99840,17.03.2024 20:00,-24.5,1016.8,67,2.9,100,0
15.5015,78.2453,Svalbard Lufthavn,SN99840,17.03.2024 21:00,-24.9,1016.8,71,0.8,117,0
15.5015,78.2453,Svalbard Lufthavn,SN99840,17.03.2024 22:00,-23.9,1016.9,66,1.1,121,0
15.5015,78.2453,Svalbard Lufthavn,SN99840,17.03.2024 23:00,-24.7,1017.1,73,4.1,103,0
15.5015,78.2453,Svalbard Lufthavn,SN99840,18.03.2024 00:00,-25.5,1017.1,71,4,104,0
15.5015,78.2453,Svalbard Lufthavn,SN99840,18.03.2024 01:00,-25.2,1017,68,2.6,114,0
15.5015,78.2453,Svalbard Lufthavn,SN99840,18.03.2024 02:00,-25.6,1017.2,74,1.8,109,0
15.5015,78.2453,Svalbard Lufthavn,SN99840,18.03.2024 03:00,-25.7,1017.2,68,1.4,108,0
15.5015,78.2453,Svalbard Lufthavn,SN99840,18.03.2024 04:00,-25.7,1017.2,70,2.1,115,0
15.5015,78.2453,Svalbard Lufthavn,SN99840,18.03.2024 05:00,-25.4,1017.2,69,3.1,107,0
15.5015,78.2453,Svalbard Lufthavn,SN99840,18.03.2024 06:00,-25.9,1017.3,68,3.7,104,0
15.5015,78.2453,Svalbard Lufthavn,SN99840,18.03.2024 07:00,-26.3,1017.4,72,1.4,152,0
15.5015,78.2453,Svalbard Lufthavn,SN99840,18.03.2024 08:00,-24.9,1017.6,68,1.9,139,0
15.5015,78.2453,Svalbard Lufthavn,SN99840,18.03.2024 09:00,-24.5,1017.8,68,2.7,109,0
15.5015,78.2453,Svalbard Lufthavn,SN99840,18.03.2024 10:00,-24.5,1018.1,67,2.6,110,0
15.5015,78.2453,Svalbard Lufthavn,SN99840,18.03.2024 11:00,-23.7,1018,66,1.6,124,0
15.5015,78.2453,Svalbard Lufthavn,SN99840,18.03.2024 12:00,-23.6,1018.5,68,1.7,166,0
15.5015,78.2453,Svalbard Lufthavn,SN99840,18.03.2024 13:00,-23.6,1018.8,67,2.4,102,0
15.5015,78.2453,Svalbard Lufthavn,SN99840,18.03.2024 14:00,-24.1,1018.9,69,1.6,108,0
15.5015,78.2453,Svalbard Lufthavn,SN99840,18.03.2024 15:00,-23.7,1019.1,69,1.1,176,0
15.5015,78.2453,Svalbard Lufthavn,SN99840,18.03.2024 16:00,-24.5,1019.4,70,1.7,118,0
15.5015,78.2453,Svalbard Lufthavn,SN99840,18.03.2024 17:00,-24.2,1019.8,70,0.4,124,0
15.5015,78.2453,Svalbard Lufthavn,SN99840,18.03.2024 18:00,-24.6,1020.1,71,1.8,110,0
15.5015,78.2453,Svalbard Lufthavn,SN99840,18.03.2024 19:00,-25.2,1020.6,75,1.4,71,0
15.5015,78.2453,Svalbard Lufthavn,SN99840,18.03.2024 20:00,-24.8,1020.9,71,1.2,128,0
15.5015,78.2453,Svalbard Lufthavn,SN99840,18.03.2024 21:00,-25.3,1021.4,73,1.3,169,0
15.5015,78.2453,Svalbard Lufthavn,SN99840,18.03.2024 22:00,-24.8,1022,76,2.1,98,0
15.5015,78.2453,Svalbard Lufthavn,SN99840,18.03.2024 23:00,-25.7,1022.4,76,1.4,189,0
15.5015,78.2453,Svalbard Lufthavn,SN99840,19.03.2024 00:00,-25.6,1022.8,71,0.8,115,0
15.5015,78.2453,Svalbard Lufthavn,SN99840,19.03.2024 01:00,-25.4,1023,72,0.7,103,0
15.5015,78.2453,Svalbard Lufthavn,SN99840,19.03.2024 02:00,-26.8,1023.3,73,3,108,0
15.5015,78.2453,Svalbard Lufthavn,SN99840,19.03.2024 03:00,-25.9,1023.6,74,0.7,151,0
15.5015,78.2453,Svalbard Lufthavn,SN99840,19.03.2024 04:00,-26,1023.8,74,0.9,178,0
15.5015,78.2453,Svalbard Lufthavn,SN99840,19.03.2024 05:00,-26.5,1024,75,1.9,99,0
15.5015,78.2453,Svalbard Lufthavn,SN99840,19.03.2024 06:00,-26,1024.1,73,2.9,109,0
15.5015,78.2453,Svalbard Lufthavn,SN99840,19.03.2024 07:00,-26.1,1024.3,76,0.6,141,0
15.5015,78.2453,Svalbard Lufthavn,SN99840,19.03.2024 08:00,-25.4,1024.6,72,1.2,109,0
15.5015,78.2453,Svalbard Lufthavn,SN99840,19.03.2024 09:00,-24.1,1024.9,68,0.8,108,0
15.5015,78.2453,Svalbard Lufthavn,SN99840,19.03.2024 10:00,-23.6,1025.2,67,2.4,99,0
15.5015,78.2453,Svalbard Lufthavn,SN99840,19.03.2024 11:00,-23.7,1025.3,67,2,108,0
15.5015,78.2453,Svalbard Lufthavn,SN99840,19.03.2024 12:00,-23.9,1025.4,68,1.9,135,0
15.5015,78.2453,Svalbard Lufthavn,SN99840,19.03.2024 13:00,-24.8,1025.6,72,0.7,99,0
15.5015,78.2453,Svalbard Lufthavn,SN99840,19.03.2024 14:00,-23.6,1025.6,69,0.7,160,0
15.5015,78.2453,Svalbard Lufthavn,SN99840,19.03.2024 15:00,-24.2,1025.6,70,1.8,124,0
15.5015,78.2453,Svalbard Lufthavn,SN99840,19.03.2024 16:00,-23.5,1025.4,70,1.7,92,0
15.5015,78.2453,Svalbard Lufthavn,SN99840,19.03.2024 17:00,-24.4,1025.1,72,2.9,109,0
15.5015,78.2453,Svalbard Lufthavn,SN99840,19.03.2024 18:00,-24.2,1024.9,65,1.5,114,0
15.5015,78.2453,Svalbard Lufthavn,SN99840,19.03.2024 19:00,-24.9,1024.9,73,1.7,141,0
15.5015,78.2453,Svalbard Lufthavn,SN99840,19.03.2024 20:00,-25.3,1024.9,72,1,132,0
15.5015,78.2453,Svalbard Lufthavn,SN99840,19.03.2024 21:00,-24.9,1024.8,72,1,183,0
15.5015,78.2453,Svalbard Lufthavn,SN99840,19.03.2024 22:00,-25.4,1024.7,75,1.8,106,0
15.5015,78.2453,Svalbard Lufthavn,SN99840,19.03.2024 23:00,-26.3,1024.6,74,1.2,116,0
15.5015,78.2453,Svalbard Lufthavn,SN99840,20.03.2024 00:00,-25.4,1024.4,73,0.6,243,0
15.5015,78.2453,Svalbard Lufthavn,SN99840,20.03.2024 01:00,-26.1,1024.2,74,0,0,0
15.5015,78.2453,Svalbard Lufthavn,SN99840,20.03.2024 02:00,-25.6,1024.1,73,0.6,123,0
15.5015,78.2453,Svalbard Lufthavn,SN99840,20.03.2024 03:00,-25.9,1023.8,74,1,127,0
15.5015,78.2453,Svalbard Lufthavn,SN99840,20.03.2024 04:00,-25.7,1023.6,73,1,108,0
15.5015,78.2453,Svalbard Lufthavn,SN99840,20.03.2024 05:00,-26.1,1023.1,72,2.5,106,0
15.5015,78.2453,Svalbard Lufthavn,SN99840,20.03.2024 06:00,-25.9,1022.9,73,2.6,105,0
15.5015,78.2453,Svalbard Lufthavn,SN99840,20.03.2024 07:00,-25.1,1022.7,67,1.5,110,0
15.5015,78.2453,Svalbard Lufthavn,SN99840,20.03.2024 08:00,-25.3,1022.8,70,2.4,108,0
15.5015,78.2453,Svalbard Lufthavn,SN99840,20.03.2024 09:00,-23.2,1022.7,60,1.5,117,0
15.5015,78.2453,Svalbard Lufthavn,SN99840,20.03.2024 10:00,-22.6,1022.7,62,1.1,98,0
15.5015,78.2453,Svalbard Lufthavn,SN99840,20.03.2024 11:00,-23,1022.8,69,2.1,125,0
15.5015,78.2453,Svalbard Lufthavn,SN99840,20.03.2024 12:00,-22.2,1023,62,0.9,97,0
15.5015,78.2453,Svalbard Lufthavn,SN99840,20.03.2024 13:00,-21.7,1022.9,65,2.3,115,0
15.5015,78.2453,Svalbard Lufthavn,SN99840,20.03.2024 14:00,-22,1023,66,1.1,103,0
15.5015,78.2453,Svalbard Lufthavn,SN99840,20.03.2024 15:00,-22.2,1023,66,2.3,108,0
15.5015,78.2453,Svalbard Lufthavn,SN99840,20.03.2024 16:00,-23.2,1023.1,69,2.8,112,0
15.5015,78.2453,Svalbard Lufthavn,SN99840,20.03.2024 17:00,-24,1023.1,72,3.2,113,0
15.5015,78.2453,Svalbard Lufthavn,SN99840,20.03.2024 18:00,-23.2,1023.1,60,3.3,127,0
15.5015,78.2453,Svalbard Lufthavn,SN99840,20.03.2024 19:00,-24.1,1023,70,3.2,102,0
15.5015,78.2453,Svalbard Lufthavn,SN99840,20.03.2024 20:00,-23.6,1023,66,3,95,0
15.5015,78.2453,Svalbard Lufthavn,SN99840,20.03.2024 21:00,-22.5,1023.4,56,1.9,126,0
15.5015,78.2453,Svalbard Lufthavn,SN99840,20.03.2024 22:00,-22.9,1023.4,56,1.8,124,0
15.5015,78.2453,Svalbard Lufthavn,SN99840,20.03.2024 23:00,-23.6,1023.4,66,2.1,107,0
15.5015,78.2453,Svalbard Lufthavn,SN99840,21.03.2024 00:00,-24.5,1023.5,65,1.9,103,0
15.5015,78.2453,Svalbard Lufthavn,SN99840,21.03.2024 01:00,-23.4,1023.5,70,2.1,145,0
15.5015,78.2453,Svalbard Lufthavn,SN99840,21.03.2024 02:00,-24.1,1023.5,61,1.1,131,0
15.5015,78.2453,Svalbard Lufthavn,SN99840,21.03.2024 03:00,-23.2,1023.4,68,1.2,137,0
15.5015,78.2453,Svalbard Lufthavn,SN99840,21.03.2024 04:00,-24.5,1023.4,73,2,109,0
15.5015,78.2453,Svalbard Lufthavn,SN99840,21.03.2024 05:00,-22.7,1023.3,58,1.8,121,0
15.5015,78.2453,Svalbard Lufthavn,SN99840,21.03.2024 06:00,-24.1,1023.3,71,2.2,118,0
15.5015,78.2453,Svalbard Lufthavn,SN99840,21.03.2024 07:00,-24.3,1023.3,68,1.8,98,0
15.5015,78.2453,Svalbard Lufthavn,SN99840,21.03.2024 08:00,-23,1023.4,66,0.6,80,0
15.5015,78.2453,Svalbard Lufthavn,SN99840,21.03.2024 09:00,-22.2,1023.2,59,0.7,125,0
15.5015,78.2453,Svalbard Lufthavn,SN99840,21.03.2024 10:00,-21.5,1023.6,54,1.4,235,0
15.5015,78.2453,Svalbard Lufthavn,SN99840,21.03.2024 11:00,-20.9,1023.8,55,1.5,116,0
15.5015,78.2453,Svalbard Lufthavn,SN99840,21.03.2024 12:00,-22,1023.7,64,2.4,110,0
15.5015,78.2453,Svalbard Lufthavn,SN99840,21.03.2024 13:00,-22.1,1023.9,57,0.9,110,0
15.5015,78.2453,Svalbard Lufthavn,SN99840,21.03.2024 14:00,-21.8,1023.9,63,1.3,105,0
15.5015,78.2453,Svalbard Lufthavn,SN99840,21.03.2024 15:00,-22.2,1023.8,56,1.7,91,0
15.5015,78.2453,Svalbard Lufthavn,SN99840,21.03.2024 16:00,-21.6,1023.5,62,2,69,0
15.5015,78.2453,Svalbard Lufthavn,SN99840,21.03.2024 17:00,-22.6,1023.3,63,2.8,126,0
15.5015,78.2453,Svalbard Lufthavn,SN99840,21.03.2024 18:00,-23.4,1023.2,56,0.6,129,0
15.5015,78.2453,Svalbard Lufthavn,SN99840,21.03.2024 19:00,-21.9,1023.1,59,1.2,184,0
15.5015,78.2453,Svalbard Lufthavn,SN99840,21.03.2024 20:00,-22.3,1022.8,67,2.7,112,0
15.5015,78.2453,Svalbard Lufthavn,SN99840,21.03.2024 21:00,-23.2,1022.8,70,0.6,223,0
15.5015,78.2453,Svalbard Lufthavn,SN99840,21.03.2024 22:00,-22.7,1022.8,58,1.3,150,0
15.5015,78.2453,Svalbard Lufthavn,SN99840,21.03.2024 23:00,-23.2,1022.6,71,1.7,93,0
15.5015,78.2453,Svalbard Lufthavn,SN99840,22.03.2024 00:00,-23,1022.5,67,0.4,171,0
15.5015,78.2453,Svalbard Lufthavn,SN99840,22.03.2024 01:00,-22.8,1022.4,72,2.5,104,0
15.5015,78.2453,Svalbard Lufthavn,SN99840,22.03.2024 02:00,-23,1022.4,63,1.1,85,0
15.5015,78.2453,Svalbard Lufthavn,SN99840,22.03.2024 03:00,-22.1,1022.2,67,2.2,113,0
15.5015,78.2453,Svalbard Lufthavn,SN99840,22.03.2024 04:00,-21.7,1022,58,2.2,105,0
15.5015,78.2453,Svalbard Lufthavn,SN99840,22.03.2024 05:00,-23.2,1020.9,66,2.9,78,0
15.5015,78.2453,Svalbard Lufthavn,SN99840,22.03.2024 06:00,-19.6,1021.2,51,1.4,199,0
15.5015,78.2453,Svalbard Lufthavn,SN99840,22.03.2024 07:00,-19.6,1021.1,56,1,207,0
15.5015,78.2453,Svalbard Lufthavn,SN99840,22.03.2024 08:00,-19.5,1021.1,62,2,120,0
15.5015,78.2453,Svalbard Lufthavn,SN99840,22.03.2024 09:00,-19.7,1021,59,2.1,114,0
15.5015,78.2453,Svalbard Lufthavn,SN99840,22.03.2024 10:00,-19.5,1020.8,60,3,119,0
15.5015,78.2453,Svalbard Lufthavn,SN99840,22.03.2024 11:00,-19,1021,63,2,107,0
15.5015,78.2453,Svalbard Lufthavn,SN99840,22.03.2024 12:00,-17.3,1021.1,50,1.4,206,0
15.5015,78.2453,Svalbard Lufthavn,SN99840,22.03.2024 13:00,-18.6,1020.9,59,1.4,118,0
15.5015,78.2453,Svalbard Lufthavn,SN99840,22.03.2024 14:00,-17.8,1020.9,55,1.8,118,0
15.5015,78.2453,Svalbard Lufthavn,SN99840,22.03.2024 15:00,-17.7,1020.6,61,2.7,94,0
15.5015,78.2453,Svalbard Lufthavn,SN99840,22.03.2024 16:00,-17.2,1020.6,51,1.4,124,0
15.5015,78.2453,Svalbard Lufthavn,SN99840,22.03.2024 17:00,-16.9,1020.5,47,0.7,110,0
15.5015,78.2453,Svalbard Lufthavn,SN99840,22.03.2024 18:00,-16.9,1020.3,61,0.8,160,0
15.5015,78.2453,Svalbard Lufthavn,SN99840,22.03.2024 19:00,-17.9,1020.4,60,3.2,109,0
15.5015,78.2453,Svalbard Lufthavn,SN99840,22.03.2024 20:00,-18.8,1020.7,56,0.6,23,0
15.5015,78.2453,Svalbard Lufthavn,SN99840,22.03.2024 21:00,-19.5,1020.9,59,4.4,102,0
15.5015,78.2453,Svalbard Lufthavn,SN99840,22.03.2024 22:00,-20,1021.2,61,6.2,98,0
15.5015,78.2453,Svalbard Lufthavn,SN99840,22.03.2024 23:00,-18.7,1021.4,62,6.9,95,0
15.5015,78.2453,Svalbard Lufthavn,SN99840,23.03.2024 00:00,-19,1021.5,56,4.4,98,0
15.5015,78.2453,Svalbard Lufthavn,SN99840,23.03.2024 01:00,-20.4,1021.7,62,3.6,67,0
15.5015,78.2453,Svalbard Lufthavn,SN99840,23.03.2024 02:00,-20.4,1021.8,65,3.6,104,0
15.5015,78.2453,Svalbard Lufthavn,SN99840,23.03.2024 03:00,-19.8,1021.8,61,2.3,108,0
15.5015,78.2453,Svalbard Lufthavn,SN99840,23.03.2024 04:00,-20.6,1021.9,61,1.9,88,0
15.5015,78.2453,Svalbard Lufthavn,SN99840,23.03.2024 05:00,-20.7,1022.1,64,2.5,99,0
15.5015,78.2453,Svalbard Lufthavn,SN99840,23.03.2024 06:00,-21.2,1022.2,66,1.9,132,0
15.5015,78.2453,Svalbard Lufthavn,SN99840,23.03.2024 07:00,-22.2,1022.3,75,2,99,0
15.5015,78.2453,Svalbard Lufthavn,SN99840,23.03.2024 08:00,-21.3,1022.5,68,1.4,164,0
15.5015,78.2453,Svalbard Lufthavn,SN99840,23.03.2024 09:00,-21.1,1022.4,71,3.2,96,0
15.5015,78.2453,Svalbard Lufthavn,SN99840,23.03.2024 10:00,-21.3,1022.4,71,1.1,160,0
15.5015,78.2453,Svalbard Lufthavn,SN99840,23.03.2024 11:00,-19.7,1022.2,62,0.8,98,0
15.5015,78.2453,Svalbard Lufthavn,SN99840,23.03.2024 12:00,-18.8,1022.2,62,0.6,129,0
15.5015,78.2453,Svalbard Lufthavn,SN99840,23.03.2024 13:00,-18.6,1021.9,58,1.2,119,0
15.5015,78.2453,Svalbard Lufthavn,SN99840,23.03.2024 14:00,-19.3,1021.6,71,0.9,144,0
15.5015,78.2453,Svalbard Lufthavn,SN99840,23.03.2024 15:00,-18.7,1021.1,67,1.2,179,0
15.5015,78.2453,Svalbard Lufthavn,SN99840,23.03.2024 16:00,-18.3,1020.8,66,0.9,175,0
15.5015,78.2453,Svalbard Lufthavn,SN99840,23.03.2024 17:00,-18.1,1020.4,66,1,177,0
15.5015,78.2453,Svalbard Lufthavn,SN99840,23.03.2024 18:00,-18.5,1019.8,69,2.1,101,0
15.5015,78.2453,Svalbard Lufthavn,SN99840,23.03.2024 19:00,-18.5,1019.5,72,1.9,123,0
15.5015,78.2453,Svalbard Lufthavn,SN99840,23.03.2024 20:00,-18.6,1019,72,2.7,110,0
15.5015,78.2453,Svalbard Lufthavn,SN99840,23.03.2024 21:00,-17.9,1018.8,74,1.2,223,0
15.5015,78.2453,Svalbard Lufthavn,SN99840,23.03.2024 22:00,-19.6,1018.4,75,2.2,206,0
15.5015,78.2453,Svalbard Lufthavn,SN99840,23.03.2024 23:00,-17.8,1018,74,0.9,207,0
15.5015,78.2453,Svalbard Lufthavn,SN99840,24.03.2024 00:00,-16.9,1017.6,78,1.3,217,0
15.5015,78.2453,Svalbard Lufthavn,SN99840,24.03.2024 01:00,-17.3,1017.1,75,0.8,319,0
15.5015,78.2453,Svalbard Lufthavn,SN99840,24.03.2024 02:00,-18.7,1016.8,78,2.2,214,0
15.5015,78.2453,Svalbard Lufthavn,SN99840,24.03.2024 03:00,-18.8,1016.6,78,1.5,229,0
15.5015,78.2453,Svalbard Lufthavn,SN99840,24.03.2024 04:00,-19.1,1016.2,83,1,16,0
15.5015,78.2453,Svalbard Lufthavn,SN99840,24.03.2024 05:00,-18.8,1016.1,81,0.6,92,0
15.5015,78.2453,Svalbard Lufthavn,SN99840,24.03.2024 06:00,-18.4,1016,80,0.8,233,0
15.5015,78.2453,Svalbard Lufthavn,SN99840,24.03.2024 07:00,-18,1016.2,75,0,0,0
15.5015,78.2453,Svalbard Lufthavn,SN99840,24.03.2024 08:00,-17.5,1016.2,72,1.2,223,0
15.5015,78.2453,Svalbard Lufthavn,SN99840,24.03.2024 09:00,-17.4,1016.6,68,3.2,104,0
15.5015,78.2453,Svalbard Lufthavn,SN99840,24.03.2024 10:00,-17.7,1016.8,66,5,100,0
15.5015,78.2453,Svalbard Lufthavn,SN99840,24.03.2024 11:00,-18,1017.2,68,4.5,103,0
15.5015,78.2453,Svalbard Lufthavn,SN99840,24.03.2024 12:00,-17.2,1017.3,66,4.4,111,0
15.5015,78.2453,Svalbard Lufthavn,SN99840,24.03.2024 13:00,-17.9,1017.4,67,4.9,103,0
15.5015,78.2453,Svalbard Lufthavn,SN99840,24.03.2024 14:00,-17.9,1017.5,67,4.9,104,0
15.5015,78.2453,Svalbard Lufthavn,SN99840,24.03.2024 15:00,-18.8,1017.9,69,3.6,111,0
15.5015,78.2453,Svalbard Lufthavn,SN99840,24.03.2024 16:00,-18.9,1018,70,3.9,111,0
15.5015,78.2453,Svalbard Lufthavn,SN99840,24.03.2024 17:00,-19.1,1018,68,1.3,170,0
15.5015,78.2453,Svalbard Lufthavn,SN99840,24.03.2024 18:00,-19.5,1018.1,72,4.2,111,0
15.5015,78.2453,Svalbard Lufthavn,SN99840,24.03.2024 19:00,-20.4,1018.2,75,3.9,113,0
15.5015,78.2453,Svalbard Lufthavn,SN99840,24.03.2024 20:00,-20.8,1018.4,77,1.7,137,0
15.5015,78.2453,Svalbard Lufthavn,SN99840,24.03.2024 21:00,-19.9,1018.7,75,3.3,108,0
15.5015,78.2453,Svalbard Lufthavn,SN99840,24.03.2024 22:00,-20.2,1018.9,72,2.8,100,0
15.5015,78.2453,Svalbard Lufthavn,SN99840,24.03.2024 23:00,-21,1019,77,0.5,130,0
15.5015,78.2453,Svalbard Lufthavn,SN99840,25.03.2024 00:00,-20.3,1019.2,75,1.5,105,0
15.5015,78.2453,Svalbard Lufthavn,SN99840,25.03.2024 01:00,-20.7,1019.2,76,2.7,111,0
15.5015,78.2453,Svalbard Lufthavn,SN99840,25.03.2024 02:00,-20.8,1019.3,78,3.3,89,0
15.5015,78.2453,Svalbard Lufthavn,SN99840,25.03.2024 03:00,-21.1,1019.3,76,3.2,93,0
15.5015,78.2453,Svalbard Lufthavn,SN99840,25.03.2024 04:00,-20.7,1019.4,77,2.2,96,0
15.5015,78.2453,Svalbard Lufthavn,SN99840,25.03.2024 05:00,-20.1,1019.4,72,3.2,99,0
15.5015,78.2453,Svalbard Lufthavn,SN99840,25.03.2024 06:00,-21.4,1019.5,76,3.5,105,0
15.5015,78.2453,Svalbard Lufthavn,SN99840,25.03.2024 07:00,-21.4,1019.7,73,3.2,94,0
15.5015,78.2453,Svalbard Lufthavn,SN99840,25.03.2024 08:00,-19.7,1020,72,3,97,0
15.5015,78.2453,Svalbard Lufthavn,SN99840,25.03.2024 09:00,-19.3,1020.2,70,2.5,107,0
15.5015,78.2453,Svalbard Lufthavn,SN99840,25.03.2024 10:00,-18.5,1020.4,66,2.3,107,0
15.5015,78.2453,Svalbard Lufthavn,SN99840,25.03.2024 11:00,-18.2,1020.6,67,2.8,122,0
15.5015,78.2453,Svalbard Lufthavn,SN99840,25.03.2024 12:00,-17.3,1020.6,64,0.6,97,0
15.5015,78.2453,Svalbard Lufthavn,SN99840,25.03.2024 13:00,-18.8,1020.6,71,0.7,176,0
15.5015,78.2453,Svalbard Lufthavn,SN99840,25.03.2024 14:00,-18.4,1020.3,66,0.9,166,0
15.5015,78.2453,Svalbard Lufthavn,SN99840,25.03.2024 15:00,-18.5,1020,69,1.2,136,0
15.5015,78.2453,Svalbard Lufthavn,SN99840,25.03.2024 16:00,-18.7,1019.9,70,1.6,208,0
15.5015,78.2453,Svalbard Lufthavn,SN99840,25.03.2024 17:00,-19.5,1019.8,73,1.5,235,0
15.5015,78.2453,Svalbard Lufthavn,SN99840,25.03.2024 18:00,-19.6,1019.7,71,1.9,224,0
15.5015,78.2453,Svalbard Lufthavn,SN99840,25.03.2024 19:00,-19.4,1019.6,71,1.2,224,0
15.5015,78.2453,Svalbard Lufthavn,SN99840,25.03.2024 20:00,-20.4,1019.5,76,1,169,0
15.5015,78.2453,Svalbard Lufthavn,SN99840,25.03.2024 21:00,-20.6,1019.4,75,0.8,121,0
15.5015,78.2453,Svalbard Lufthavn,SN99840,25.03.2024 22:00,-19.7,1019.3,65,0.6,338,0
15.5015,78.2453,Svalbard Lufthavn,SN99840,25.03.2024 23:00,-21,1019.1,73,0.7,204,0
15.5015,78.2453,Svalbard Lufthavn,SN99840,26.03.2024 00:00,-21,1018.8,70,2,163,0
15.5015,78.2453,Svalbard Lufthavn,SN99840,26.03.2024 01:00,-20.9,1018.6,72,1.6,172,0
15.5015,78.2453,Svalbard Lufthavn,SN99840,26.03.2024 02:00,-21,1018.4,73,1.3,143,0
15.5015,78.2453,Svalbard Lufthavn,SN99840,26.03.2024 03:00,-19.3,1018.1,60,0.8,198,0
15.5015,78.2453,Svalbard Lufthavn,SN99840,26.03.2024 04:00,-20,1017.8,65,1.5,156,0
15.5015,78.2453,Svalbard Lufthavn,SN99840,26.03.2024 05:00,-20.5,1017.6,68,1.2,132,0
15.5015,78.2453,Svalbard Lufthavn,SN99840,26.03.2024 06:00,-20.9,1017.4,73,3.3,110,0
15.5015,78.2453,Svalbard Lufthavn,SN99840,26.03.2024 07:00,-20.2,1017.2,69,1.1,103,0
15.5015,78.2453,Svalbard Lufthavn,SN99840,26.03.2024 08:00,-19.1,1016.9,72,1.3,163,0
15.5015,78.2453,Svalbard Lufthavn,SN99840,26.03.2024 09:00,-18.1,1016.9,64,1.9,116,0
15.5015,78.2453,Svalbard Lufthavn,SN99840,26.03.2024 10:00,-16.4,1017,55,0.9,174,0
15.5015,78.2453,Svalbard Lufthavn,SN99840,26.03.2024 11:00,-16.7,1016.9,67,0.7,138,0
15.5015,78.2453,Svalbard Lufthavn,SN99840,26.03.2024 12:00,-16.2,1016.8,69,3.5,106,0
15.5015,78.2453,Svalbard Lufthavn,SN99840,26.03.2024 13:00,-15.7,1016.6,66,2.2,100,0
15.5015,78.2453,Svalbard Lufthavn,SN99840,26.03.2024 14:00,-15,1016.3,66,2.2,102,0
15.5015,78.2453,Svalbard Lufthavn,SN99840,26.03.2024 15:00,-14,1016.2,62,0.9,100,0
15.5015,78.2453,Svalbard Lufthavn,SN99840,26.03.2024 16:00,-13.9,1016,68,1.7,105,0
15.5015,78.2453,Svalbard Lufthavn,SN99840,26.03.2024 17:00,-14.4,1015.9,74,3.4,105,0
15.5015,78.2453,Svalbard Lufthavn,SN99840,26.03.2024 18:00,-14.6,1015.6,76,4.1,102,0
15.5015,78.2453,Svalbard Lufthavn,SN99840,26.03.2024 19:00,-14.8,1015.5,72,2.3,100,0
15.5015,78.2453,Svalbard Lufthavn,SN99840,26.03.2024 20:00,-15,1015.3,74,3.1,110,0
15.5015,78.2453,Svalbard Lufthavn,SN99840,26.03.2024 21:00,-14.3,1015.2,71,1.8,98,0
15.5015,78.2453,Svalbard Lufthavn,SN99840,26.03.2024 22:00,-14,1015,76,2,88,0
15.5015,78.2453,Svalbard Lufthavn,SN99840,26.03.2024 23:00,-13.9,1014.9,75,2,109,0
15.5015,78.2453,Svalbard Lufthavn,SN99840,27.03.2024 00:00,-14.4,1014.6,75,0.5,110,0
15.5015,78.2453,Svalbard Lufthavn,SN99840,27.03.2024 01:00,-13.8,1014.1,76,0,0,0
15.5015,78.2453,Svalbard Lufthavn,SN99840,27.03.2024 02:00,-14,1013.8,77,1.2,111,0
15.5015,78.2453,Svalbard Lufthavn,SN99840,27.03.2024 03:00,-13.4,1013.2,78,2.6,115,0
15.5015,78.2453,Svalbard Lufthavn,SN99840,27.03.2024 04:00,-13.3,1012.4,79,4.5,104,0
15.5015,78.2453,Svalbard Lufthavn,SN99840,27.03.2024 05:00,-12.8,1012.3,78,1.7,119,0
15.5015,78.2453,Svalbard Lufthavn,SN99840,27.03.2024 06:00,-12.9,1011.8,78,1.3,106,0
15.5015,78.2453,Svalbard Lufthavn,SN99840,27.03.2024 07:00,-12.3,1011.3,80,1.6,355,0
15.5015,78.2453,Svalbard Lufthavn,SN99840,27.03.2024 08:00,-11.3,1010.8,76,1.2,101,0
15.5015,78.2453,Svalbard Lufthavn,SN99840,27.03.2024 09:00,-9.7,1010.5,74,1.5,189,0
15.5015,78.2453,Svalbard Lufthavn,SN99840,27.03.2024 10:00,-9.4,1010.2,75,0.9,228,0
15.5015,78.2453,Svalbard Lufthavn,SN99840,27.03.2024 11:00,-9,1009.7,74,1.2,205,0
15.5015,78.2453,Svalbard Lufthavn,SN99840,27.03.2024 12:00,-8,1009.5,80,1.3,254,0
15.5015,78.2453,Svalbard Lufthavn,SN99840,27.03.2024 13:00,-8,1009.1,82,1.6,220,0
15.5015,78.2453,Svalbard Lufthavn,SN99840,27.03.2024 14:00,-7.6,1008.9,82,0.8,331,0
15.5015,78.2453,Svalbard Lufthavn,SN99840,27.03.2024 15:00,-7.2,1008.4,80,0.7,60,0
15.5015,78.2453,Svalbard Lufthavn,SN99840,27.03.2024 16:00,-6,1007.8,72,1.4,80,0
15.5015,78.2453,Svalbard Lufthavn,SN99840,27.03.2024 17:00,-5.4,1007.5,71,1.1,266,0
15.5015,78.2453,Svalbard Lufthavn,SN99840,27.03.2024 18:00,-5.2,1007.3,75,1.2,293,0
15.5015,78.2453,Svalbard Lufthavn,SN99840,27.03.2024 19:00,-5.7,1007.1,81,1.8,65,0.1
15.5015,78.2453,Svalbard Lufthavn,SN99840,27.03.2024 20:00,-4.6,1006.5,68,4.1,204,0
15.5015,78.2453,Svalbard Lufthavn,SN99840,27.03.2024 21:00,-4.4,1006.7,68,5.8,200,0
15.5015,78.2453,Svalbard Lufthavn,SN99840,27.03.2024 22:00,-4.4,1006.5,66,4.8,182,0
15.5015,78.2453,Svalbard Lufthavn,SN99840,27.03.2024 23:00,-5.2,1006.6,73,4.7,210,0.2
15.5015,78.2453,Svalbard Lufthavn,SN99840,28.03.2024 00:00,-5.1,1006.1,70,5.5,181,0
15.5015,78.2453,Svalbard Lufthavn,SN99840,28.03.2024 01:00,-5.9,1005.9,75,4.9,182,0
15.5015,78.2453,Svalbard Lufthavn,SN99840,28.03.2024 02:00,-5.7,1005.5,73,5.2,181,0
15.5015,78.2453,Svalbard Lufthavn,SN99840,28.03.2024 03:00,-5.2,1005.2,72,5.1,178,0.1
15.5015,78.2453,Svalbard Lufthavn,SN99840,28.03.2024 04:00,-6.5,1005.1,84,2,20,0.1
15.5015,78.2453,Svalbard Lufthavn,SN99840,28.03.2024 05:00,-6.8,1004.9,85,4.1,353,0.2
15.5015,78.2453,Svalbard Lufthavn,SN99840,28.03.2024 06:00,-8.2,1005.2,87,3.2,333,0.1
15.5015,78.2453,Svalbard Lufthavn,SN99840,28.03.2024 07:00,-8.6,1005.2,88,3.6,294,0.1
15.5015,78.2453,Svalbard Lufthavn,SN99840,28.03.2024 08:00,-9.5,1005.4,85,5.6,1,0
15.5015,78.2453,Svalbard Lufthavn,SN99840,28.03.2024 09:00,-10.2,1005.9,82,7.4,2,0
15.5015,78.2453,Svalbard Lufthavn,SN99840,28.03.2024 10:00,-11.4,1006.6,80,9.2,14,0
15.5015,78.2453,Svalbard Lufthavn,SN99840,28.03.2024 11:00,-11.2,1007.3,78,7.7,7,0
15.5015,78.2453,Svalbard Lufthavn,SN99840,28.03.2024 12:00,-11.8,1007.6,78,10,7,0
15.5015,78.2453,Svalbard Lufthavn,SN99840,28.03.2024 13:00,-12.7,1008.3,79,7.9,6,0
15.5015,78.2453,Svalbard Lufthavn,SN99840,28.03.2024 14:00,-13.1,1008.8,78,7.4,9,0
15.5015,78.2453,Svalbard Lufthavn,SN99840,28.03.2024 15:00,-13.5,1009.4,74,7.2,10,0
15.5015,78.2453,Svalbard Lufthavn,SN99840,28.03.2024 16:00,-14.4,1009.9,71,7.6,13,0
15.5015,78.2453,Svalbard Lufthavn,SN99840,28.03.2024 17:00,-15.1,1010.7,71,8.5,15,0
15.5015,78.2453,Svalbard Lufthavn,SN99840,28.03.2024 18:00,-15.4,1011.2,72,8,13,0
15.5015,78.2453,Svalbard Lufthavn,SN99840,28.03.2024 19:00,-16,1012,71,6.7,21,0
15.5015,78.2453,Svalbard Lufthavn,SN99840,28.03.2024 20:00,-16.5,1012.5,72,7,6,0
15.5015,78.2453,Svalbard Lufthavn,SN99840,28.03.2024 21:00,-17.8,1013.3,71,4.5,46,0
15.5015,78.2453,Svalbard Lufthavn,SN99840,28.03.2024 22:00,-18.8,1014,71,3.7,35,0
15.5015,78.2453,Svalbard Lufthavn,SN99840,28.03.2024 23:00,-19.6,1014.6,73,4.5,15,0
15.5015,78.2453,Svalbard Lufthavn,SN99840,29.03.2024 00:00,-20.4,1015,72,1.8,29,0
15.5015,78.2453,Svalbard Lufthavn,SN99840,29.03.2024 01:00,-20.5,1015.6,74,4.8,12,0
15.5015,78.2453,Svalbard Lufthavn,SN99840,29.03.2024 02:00,-22.1,1016.1,73,1.7,128,0
15.5015,78.2453,Svalbard Lufthavn,SN99840,29.03.2024 03:00,-22.5,1016.4,72,1.6,107,0
15.5015,78.2453,Svalbard Lufthavn,SN99840,29.03.2024 04:00,-22.9,1016.3,77,1.7,108,0
15.5015,78.2453,Svalbard Lufthavn,SN99840,29.03.2024 05:00,-23,1016.2,73,3.3,115,0
15.5015,78.2453,Svalbard Lufthavn,SN99840,29.03.2024 06:00,-23.4,1016.2,77,1.2,128,0
15.5015,78.2453,Svalbard Lufthavn,SN99840,29.03.2024 07:00,-23.5,1016.3,69,1.8,124,0
15.5015,78.2453,Svalbard Lufthavn,SN99840,29.03.2024 08:00,-22.5,1016.3,63,2.5,118,0
15.5015,78.2453,Svalbard Lufthavn,SN99840,29.03.2024 09:00,-21.2,1016.7,59,2.2,62,0
15.5015,78.2453,Svalbard Lufthavn,SN99840,29.03.2024 10:00,-21.2,1016.9,59,2.4,90,0
15.5015,78.2453,Svalbard Lufthavn,SN99840,29.03.2024 11:00,-20.9,1017,62,3.4,117,0
15.5015,78.2453,Svalbard Lufthavn,SN99840,29.03.2024 12:00,-22.7,1017.1,66,3.2,106,0
15.5015,78.2453,Svalbard Lufthavn,SN99840,29.03.2024 13:00,-22.6,1017.2,62,1.4,106,0
15.5015,78.2453,Svalbard Lufthavn,SN99840,29.03.2024 14:00,-22.6,1017.1,66,2.3,144,0
15.5015,78.2453,Svalbard Lufthavn,SN99840,29.03.2024 15:00,-22.7,1017.1,65,2,150,0
15.5015,78.2453,Svalbard Lufthavn,SN99840,29.03.2024 16:00,-23.7,1016.9,68,2.3,109,0
15.5015,78.2453,Svalbard Lufthavn,SN99840,29.03.2024 17:00,-24,1016.7,71,2,145,0
15.5015,78.2453,Svalbard Lufthavn,SN99840,29.03.2024 18:00,-23.8,1016.4,73,2,169,0
15.5015,78.2453,Svalbard Lufthavn,SN99840,29.03.2024 19:00,-24.7,1016.3,76,2.2,118,0
15.5015,78.2453,Svalbard Lufthavn,SN99840,29.03.2024 20:00,-24.6,1015.8,77,1.3,178,0
15.5015,78.2453,Svalbard Lufthavn,SN99840,29.03.2024 21:00,-25.3,1015.5,77,3.7,101,0
15.5015,78.2453,Svalbard Lufthavn,SN99840,29.03.2024 22:00,-22.5,1014.9,72,1.6,88,0
15.5015,78.2453,Svalbard Lufthavn,SN99840,29.03.2024 23:00,-22.1,1014.5,74,1.8,98,0
15.5015,78.2453,Svalbard Lufthavn,SN99840,30.03.2024 00:00,-19.6,1013.8,77,4.3,243,0
15.5015,78.2453,Svalbard Lufthavn,SN99840,30.03.2024 01:00,-17.6,1012.9,66,5.3,226,0
15.5015,78.2453,Svalbard Lufthavn,SN99840,30.03.2024 02:00,-17.3,1012.2,65,7.7,283,0
15.5015,78.2453,Svalbard Lufthavn,SN99840,30.03.2024 03:00,-17.5,1011.6,65,7.7,275,0
15.5015,78.2453,Svalbard Lufthavn,SN99840,30.03.2024 04:00,-17.7,1011.2,62,10.6,275,0
15.5015,78.2453,Svalbard Lufthavn,SN99840,30.03.2024 05:00,-18.1,1010.7,65,9.5,316,0
15.5015,78.2453,Svalbard Lufthavn,SN99840,30.03.2024 06:00,-19.3,1011.4,69,9.3,333,0.1
15.5015,78.2453,Svalbard Lufthavn,SN99840,30.03.2024 07:00,-20.2,1012.3,61,7.4,345,0
15.5015,78.2453,Svalbard Lufthavn,SN99840,30.03.2024 08:00,-20.7,1012.6,53,5.3,315,0
15.5015,78.2453,Svalbard Lufthavn,SN99840,30.03.2024 09:00,-20.6,1013.2,55,4.9,342,0
15.5015,78.2453,Svalbard Lufthavn,SN99840,30.03.2024 10:00,-20.6,1013.4,58,5,339,0
15.5015,78.2453,Svalbard Lufthavn,SN99840,30.03.2024 11:00,-20.2,1013.6,58,5.4,343,0
15.5015,78.2453,Svalbard Lufthavn,SN99840,30.03.2024 12:00,-20.3,1013.5,58,4.8,299,0
15.5015,78.2453,Svalbard Lufthavn,SN99840,30.03.2024 13:00,-19.8,1013.1,56,4.9,304,0
15.5015,78.2453,Svalbard Lufthavn,SN99840,30.03.2024 14:00,-20.2,1013.1,59,4.9,304,0
15.5015,78.2453,Svalbard Lufthavn,SN99840,30.03.2024 15:00,-20.1,1012.7,59,5.2,306,0
15.5015,78.2453,Svalbard Lufthavn,SN99840,30.03.2024 16:00,-20.4,1012.8,58,6.5,332,0
15.5015,78.2453,Svalbard Lufthavn,SN99840,30.03.2024 17:00,-20.6,1013,59,6.9,334,0
15.5015,78.2453,Svalbard Lufthavn,SN99840,30.03.2024 18:00,-21.3,1013.4,58,8.8,341,0
15.5015,78.2453,Svalbard Lufthavn,SN99840,30.03.2024 19:00,-21.9,1014.1,59,6.1,347,0
15.5015,78.2453,Svalbard Lufthavn,SN99840,30.03.2024 20:00,-21.8,1014.4,60,6.2,345,0
15.5015,78.2453,Svalbard Lufthavn,SN99840,30.03.2024 21:00,-22.1,1014.7,63,8,335,0
15.5015,78.2453,Svalbard Lufthavn,SN99840,30.03.2024 22:00,-22.6,1015.2,61,6.6,350,0
15.5015,78.2453,Svalbard Lufthavn,SN99840,30.03.2024 23:00,-23.6,1015.9,66,4.8,46,0
15.5015,78.2453,Svalbard Lufthavn,SN99840,31.03.2024 00:00,-24.1,1016.3,64,3.9,44,0
15.5015,78.2453,Svalbard Lufthavn,SN99840,31.03.2024 01:00,-24.5,1016.6,63,4,49,0
15.5015,78.2453,Svalbard Lufthavn,SN99840,31.03.2024 02:00,-24.8,1016.8,62,1.8,122,0
15.5015,78.2453,Svalbard Lufthavn,SN99840,31.03.2024 03:00,-24.7,1017,66,2.6,117,0
15.5015,78.2453,Svalbard Lufthavn,SN99840,31.03.2024 04:00,-25.3,1016.7,74,1.7,139,0
15.5015,78.2453,Svalbard Lufthavn,SN99840,31.03.2024 05:00,-25.2,1016.3,75,1.4,142,0
15.5015,78.2453,Svalbard Lufthavn,SN99840,31.03.2024 06:00,-25.5,1015.8,75,5.8,290,0
15.5015,78.2453,Svalbard Lufthavn,SN99840,31.03.2024 07:00,-22.6,1015.8,71,2.9,350,0
15.5015,78.2453,Svalbard Lufthavn,SN99840,31.03.2024 08:00,-22,1016.6,72,3.2,89,0
15.5015,78.2453,Svalbard Lufthavn,SN99840,31.03.2024 09:00,-22.2,1017.2,63,5.8,42,0
15.5015,78.2453,Svalbard Lufthavn,SN99840,31.03.2024 10:00,-21.9,1018,59,2.8,108,0
15.5015,78.2453,Svalbard Lufthavn,SN99840,31.03.2024 11:00,-23,1018.8,62,4.2,119,0
15.5015,78.2453,Svalbard Lufthavn,SN99840,31.03.2024 12:00,-22.6,1019.6,60,6.1,113,0
15.5015,78.2453,Svalbard Lufthavn,SN99840,31.03.2024 13:00,-22.4,1020.1,60,5.9,114,0
15.5015,78.2453,Svalbard Lufthavn,SN99840,31.03.2024 14:00,-21.9,1020.7,61,5.2,112,0
15.5015,78.2453,Svalbard Lufthavn,SN99840,31.03.2024 15:00,-21.2,1021.2,62,4.3,113,0
15.5015,78.2453,Svalbard Lufthavn,SN99840,31.03.2024 16:00,-21.4,1021.5,64,4.6,107,0
15.5015,78.2453,Svalbard Lufthavn,SN99840,31.03.2024 17:00,-20.8,1022,63,2.9,107,0
15.5015,78.2453,Svalbard Lufthavn,SN99840,31.03.2024 18:00,-20.6,1022.5,67,1.9,97,0
15.5015,78.2453,Svalbard Lufthavn,SN99840,31.03.2024 19:00,-21.5,1023,68,3,108,0
15.5015,78.2453,Svalbard Lufthavn,SN99840,31.03.2024 20:00,-21,1023.6,69,3.3,109,0
15.5015,78.2453,Svalbard Lufthavn,SN99840,31.03.2024 21:00,-21.1,1024.4,71,1.2,37,0
15.5015,78.2453,Svalbard Lufthavn,SN99840,31.03.2024 22:00,-19.1,1024.8,69,2.5,2,0
15.5015,78.2453,Svalbard Lufthavn,SN99840,31.03.2024 23:00,-21.1,1025.6,70,1.3,240,0
15.5015,78.2453,Svalbard Lufthavn,SN99840,01.04.2024 00:00,-21.3,1026,67,1.8,110,0
15.5015,78.2453,Svalbard Lufthavn,SN99840,01.04.2024 01:00,-22.2,1026.7,69,2.5,182,0
15.5015,78.2453,Svalbard Lufthavn,SN99840,01.04.2024 02:00,-22.4,1027.3,72,3.9,111,0
15.5015,78.2453,Svalbard Lufthavn,SN99840,01.04.2024 03:00,-22.9,1027.6,71,5.4,105,0
15.5015,78.2453,Svalbard Lufthavn,SN99840,01.04.2024 04:00,-22.1,1027.7,72,6.6,112,0
15.5015,78.2453,Svalbard Lufthavn,SN99840,01.04.2024 05:00,-22.3,1028.1,70,4,97,0
15.5015,78.2453,Svalbard Lufthavn,SN99840,01.04.2024 06:00,-21.5,1028.4,67,2.2,111,0
15.5015,78.2453,Svalbard Lufthavn,SN99840,01.04.2024 07:00,-20.7,1028.8,66,1,49,0
15.5015,78.2453,Svalbard Lufthavn,SN99840,01.04.2024 08:00,-20,1029.1,63,0.8,55,0
15.5015,78.2453,Svalbard Lufthavn,SN99840,01.04.2024 09:00,-18.2,1029.2,54,1.8,92,0
15.5015,78.2453,Svalbard Lufthavn,SN99840,01.04.2024 10:00,-18.9,1029.5,62,1.1,155,0
15.5015,78.2453,Svalbard Lufthavn,SN99840,01.04.2024 11:00,-17.7,1029.4,61,1,111,0
15.5015,78.2453,Svalbard Lufthavn,SN99840,01.04.2024 12:00,-17.6,1029,61,1.7,194,0
15.5015,78.2453,Svalbard Lufthavn,SN99840,01.04.2024 13:00,-17.7,1028.6,61,2.6,105,0
15.5015,78.2453,Svalbard Lufthavn,SN99840,01.04.2024 14:00,-17.4,1028,62,4.1,104,0
15.5015,78.2453,Svalbard Lufthavn,SN99840,01.04.2024 15:00,-16.3,1027.7,63,3.5,97,0
15.5015,78.2453,Svalbard Lufthavn,SN99840,01.04.2024 16:00,-17,1027.3,65,1.5,115,0
15.5015,78.2453,Svalbard Lufthavn,SN99840,01.04.2024 17:00,-16.5,1026.8,66,1.9,108,0
15.5015,78.2453,Svalbard Lufthavn,SN99840,01.04.2024 18:00,-16.1,1026.5,68,1.1,113,0
15.5015,78.2453,Svalbard Lufthavn,SN99840,01.04.2024 19:00,-16.1,1026.1,69,0.7,127,0
15.5015,78.2453,Svalbard Lufthavn,SN99840,01.04.2024 20:00,-16.3,1025.9,71,1.6,310,0
15.5015,78.2453,Svalbard Lufthavn,SN99840,01.04.2024 21:00,-14.3,1025.6,74,1,156,0
15.5015,78.2453,Svalbard Lufthavn,SN99840,01.04.2024 22:00,-14.8,1025.1,74,2.3,347,0
15.5015,78.2453,Svalbard Lufthavn,SN99840,01.04.2024 23:00,-16,1024.7,73,2.5,358,0
15.5015,78.2453,Svalbard Lufthavn,SN99840,02.04.2024 00:00,-15.9,1024.3,73,2.9,335,0
15.5015,78.2453,Svalbard Lufthavn,SN99840,02.04.2024 01:00,-16.8,1024,75,2.2,222,0
15.5015,78.2453,Svalbard Lufthavn,SN99840,02.04.2024 02:00,-17.1,1023.5,77,2.1,99,0
15.5015,78.2453,Svalbard Lufthavn,SN99840,02.04.2024 03:00,-17.9,1023.3,75,3.2,100,0
15.5015,78.2453,Svalbard Lufthavn,SN99840,02.04.2024 04:00,-20,1023.2,76,3.3,102,0
15.5015,78.2453,Svalbard Lufthavn,SN99840,02.04.2024 05:00,-20.3,1023.1,75,4.9,107,0
15.5015,78.2453,Svalbard Lufthavn,SN99840,02.04.2024 06:00,-18.8,1023,70,5.3,102,0
15.5015,78.2453,Svalbard Lufthavn,SN99840,02.04.2024 07:00,-18,1023.1,68,5.4,102,0
15.5015,78.2453,Svalbard Lufthavn,SN99840,02.04.2024 08:00,-18.2,1023.3,63,6.8,99,0
15.5015,78.2453,Svalbard Lufthavn,SN99840,02.04.2024 09:00,-17,1023.3,59,5.2,106,0
15.5015,78.2453,Svalbard Lufthavn,SN99840,02.04.2024 10:00,-16.8,1023.4,59,5.6,104,0
15.5015,78.2453,Svalbard Lufthavn,SN99840,02.04.2024 11:00,-16.6,1023.6,60,5.8,104,0
15.5015,78.2453,Svalbard Lufthavn,SN99840,02.04.2024 12:00,-16.6,1023.5,60,5.4,104,0
15.5015,78.2453,Svalbard Lufthavn,SN99840,02.04.2024 13:00,-16.3,1023.5,59,5.5,108,0
15.5015,78.2453,Svalbard Lufthavn,SN99840,02.04.2024 14:00,-16.6,1023.5,60,4.3,106,0
15.5015,78.2453,Svalbard Lufthavn,SN99840,02.04.2024 15:00,-16.6,1023.4,60,4.4,107,0
15.5015,78.2453,Svalbard Lufthavn,SN99840,02.04.2024 16:00,-16.6,1023.4,60,4.7,105,0
15.5015,78.2453,Svalbard Lufthavn,SN99840,02.04.2024 17:00,-17.3,1023.4,61,4,99,0
15.5015,78.2453,Svalbard Lufthavn,SN99840,02.04.2024 18:00,-17.4,1023.3,63,4.4,104,0
15.5015,78.2453,Svalbard Lufthavn,SN99840,02.04.2024 19:00,-18.3,1023.5,67,3.6,105,0
15.5015,78.2453,Svalbard Lufthavn,SN99840,02.04.2024 20:00,-19,1023.7,72,3.8,104,0
15.5015,78.2453,Svalbard Lufthavn,SN99840,02.04.2024 21:00,-18,1023.6,70,5,105,0
15.5015,78.2453,Svalbard Lufthavn,SN99840,02.04.2024 22:00,-17.5,1023.6,71,5.4,104,0
15.5015,78.2453,Svalbard Lufthavn,SN99840,02.04.2024 23:00,-16.8,1023.4,69,5.6,111,0
15.5015,78.2453,Svalbard Lufthavn,SN99840,03.04.2024 00:00,-17,1023.2,73,5.1,104,0
15.5015,78.2453,Svalbard Lufthavn,SN99840,03.04.2024 01:00,-15.6,1023,74,3.8,104,0
15.5015,78.2453,Svalbard Lufthavn,SN99840,03.04.2024 02:00,-16.4,1023.1,74,2.6,118,0
15.5015,78.2453,Svalbard Lufthavn,SN99840,03.04.2024 03:00,-15.5,1023,73,3.1,101,0
15.5015,78.2453,Svalbard Lufthavn,SN99840,03.04.2024 04:00,-15.2,1022.7,76,3.1,108,0
15.5015,78.2453,Svalbard Lufthavn,SN99840,03.04.2024 05:00,-15,1022.6,77,2.4,99,0
15.5015,78.2453,Svalbard Lufthavn,SN99840,03.04.2024 06:00,-15.1,1022.3,79,1.2,122,0
15.5015,78.2453,Svalbard Lufthavn,SN99840,03.04.2024 07:00,-14.9,1022.1,80,1.4,133,0
15.5015,78.2453,Svalbard Lufthavn,SN99840,03.04.2024 08:00,-14.3,1022,79,3,107,0
15.5015,78.2453,Svalbard Lufthavn,SN99840,03.04.2024 09:00,-14.2,1021.9,79,3.6,104,0
15.5015,78.2453,Svalbard Lufthavn,SN99840,03.04.2024 10:00,-13.7,1021.8,78,3,111,0
15.5015,78.2453,Svalbard Lufthavn,SN99840,03.04.2024 11:00,-13.1,1021.5,76,3.1,98,0
15.5015,78.2453,Svalbard Lufthavn,SN99840,03.04.2024 12:00,-12.8,1021.4,79,2.7,96,0
15.5015,78.2453,Svalbard Lufthavn,SN99840,03.04.2024 13:00,-12.6,1021.4,80,1.7,94,0
15.5015,78.2453,Svalbard Lufthavn,SN99840,03.04.2024 14:00,-12.5,1021.1,81,3.2,108,0
15.5015,78.2453,Svalbard Lufthavn,SN99840,03.04.2024 15:00,-12.7,1020.7,81,3.3,106,0
15.5015,78.2453,Svalbard Lufthavn,SN99840,03.04.2024 16:00,-12.7,1020.4,82,2.2,102,0
15.5015,78.2453,Svalbard Lufthavn,SN99840,03.04.2024 17:00,-12.7,1020.2,82,1.5,93,0
15.5015,78.2453,Svalbard Lufthavn,SN99840,03.04.2024 18:00,-12.1,1020,80,2.3,109,0
15.5015,78.2453,Svalbard Lufthavn,SN99840,03.04.2024 19:00,-12.3,1019.8,80,1.4,111,0
15.5015,78.2453,Svalbard Lufthavn,SN99840,03.04.2024 20:00,-12.7,1019.6,81,2.5,107,0
15.5015,78.2453,Svalbard Lufthavn,SN99840,03.04.2024 21:00,-12.4,1019.1,80,3.3,105,0
15.5015,78.2453,Svalbard Lufthavn,SN99840,03.04.2024 22:00,-12.7,1018.9,81,1.9,98,0
15.5015,78.2453,Svalbard Lufthavn,SN99840,03.04.2024 23:00,-11.4,1018.5,78,1.8,127,0
15.5015,78.2453,Svalbard Lufthavn,SN99840,04.04.2024 00:00,-11.3,1018,77,1.8,121,0
15.5015,78.2453,Svalbard Lufthavn,SN99840,04.04.2024 01:00,-13.1,1017.6,83,1.7,121,0
15.5015,78.2453,Svalbard Lufthavn,SN99840,04.04.2024 02:00,-12.9,1016.6,84,3.3,93,0
15.5015,78.2453,Svalbard Lufthavn,SN99840,04.04.2024 03:00,-12,1016.5,82,2.2,103,0
15.5015,78.2453,Svalbard Lufthavn,SN99840,04.04.2024 04:00,-11.4,1015.7,82,2.1,106,0
15.5015,78.2453,Svalbard Lufthavn,SN99840,04.04.2024 05:00,-9.8,1015.3,84,1.7,109,0
15.5015,78.2453,Svalbard Lufthavn,SN99840,04.04.2024 06:00,-9.1,1014.4,75,2.9,77,0
15.5015,78.2453,Svalbard Lufthavn,SN99840,04.04.2024 07:00,-9.6,1014.2,79,0.9,102,0
15.5015,78.2453,Svalbard Lufthavn,SN99840,04.04.2024 08:00,-8.5,1013.9,84,1.5,256,0
15.5015,78.2453,Svalbard Lufthavn,SN99840,04.04.2024 09:00,-7.9,1013.1,82,1.6,105,0
15.5015,78.2453,Svalbard Lufthavn,SN99840,04.04.2024 10:00,-7.6,1012.8,81,1.5,251,0
15.5015,78.2453,Svalbard Lufthavn,SN99840,04.04.2024 11:00,-6.6,1012.1,79,1.4,75,0
15.5015,78.2453,Svalbard Lufthavn,SN99840,04.04.2024 12:00,-6.3,1011.6,81,1.4,292,0
15.5015,78.2453,Svalbard Lufthavn,SN99840,04.04.2024 13:00,-2.6,1011.1,59,1.8,190,0
15.5015,78.2453,Svalbard Lufthavn,SN99840,04.04.2024 14:00,-2.7,1010.5,59,2,180,0
15.5015,78.2453,Svalbard Lufthavn,SN99840,04.04.2024 15:00,-3.4,1010,69,1.4,225,0
15.5015,78.2453,Svalbard Lufthavn,SN99840,04.04.2024 16:00,-6.7,1009.8,87,6.5,4,0
15.5015,78.2453,Svalbard Lufthavn,SN99840,04.04.2024 17:00,-7.9,1009.7,89,7.5,9,0.5
15.5015,78.2453,Svalbard Lufthavn,SN99840,04.04.2024 18:00,-8.3,1009.8,85,6.7,1,0.4
15.5015,78.2453,Svalbard Lufthavn,SN99840,04.04.2024 19:00,-8.9,1009.8,82,8.6,4,0.1
15.5015,78.2453,Svalbard Lufthavn,SN99840,04.04.2024 20:00,-9.8,1010.1,81,8.8,8,0
15.5015,78.2453,Svalbard Lufthavn,SN99840,04.04.2024 21:00,-10.4,1010.3,79,5,343,0
15.5015,78.2453,Svalbard Lufthavn,SN99840,04.04.2024 22:00,-10.7,1010.2,79,5.8,358,0
15.5015,78.2453,Svalbard Lufthavn,SN99840,04.04.2024 23:00,-10.9,1010.1,80,6.4,359,0
15.5015,78.2453,Svalbard Lufthavn,SN99840,05.04.2024 00:00,-12.1,1010.3,82,3.1,358,0
15.5015,78.2453,Svalbard Lufthavn,SN99840,05.04.2024 01:00,-13.5,1010.5,79,1.6,103,0
15.5015,78.2453,Svalbard Lufthavn,SN99840,05.04.2024 02:00,-13.6,1010.6,78,2.8,353,0
15.5015,78.2453,Svalbard Lufthavn,SN99840,05.04.2024 03:00,-13.6,1010.4,78,3.2,344,0
15.5015,78.2453,Svalbard Lufthavn,SN99840,05.04.2024 04:00,-13.8,1010.1,78,1.2,58,0
15.5015,78.2453,Svalbard Lufthavn,SN99840,05.04.2024 05:00,-14.4,1010.1,76,4.1,352,0
15.5015,78.2453,Svalbard Lufthavn,SN99840,05.04.2024 06:00,-14.5,1010.2,69,3.9,358,0
15.5015,78.2453,Svalbard Lufthavn,SN99840,05.04.2024 07:00,-15.7,1010.1,72,3.3,360,0
15.5015,78.2453,Svalbard Lufthavn,SN99840,05.04.2024 08:00,-15.2,1010,68,3,3,0
15.5015,78.2453,Svalbard Lufthavn,SN99840,05.04.2024 09:00,-14.7,1010,64,5,360,0
15.5015,78.2453,Svalbard Lufthavn,SN99840,05.04.2024 10:00,-15.9,1010.4,71,4.8,10,0
15.5015,78.2453,Svalbard Lufthavn,SN99840,05.04.2024 11:00,-17,1010.4,66,4.3,359,0
15.5015,78.2453,Svalbard Lufthavn,SN99840,05.04.2024 12:00,-16.2,1010.6,65,1.1,19,0
15.5015,78.2453,Svalbard Lufthavn,SN99840,05.04.2024 13:00,-16.5,1010.9,63,1.3,105,0
15.5015,78.2453,Svalbard Lufthavn,SN99840,05.04.2024 14:00,-18,1011.1,64,0.9,111,0
15.5015,78.2453,Svalbard Lufthavn,SN99840,05.04.2024 15:00,-19.4,1011.2,65,1.5,126,0
15.5015,78.2453,Svalbard Lufthavn,SN99840,05.04.2024 16:00,-18.4,1011.3,61,0.6,90,0
15.5015,78.2453,Svalbard Lufthavn,SN99840,05.04.2024 17:00,-19.5,1011.5,64,1.4,142,0
15.5015,78.2453,Svalbard Lufthavn,SN99840,05.04.2024 18:00,-20.1,1011.7,62,0.9,357,0
15.5015,78.2453,Svalbard Lufthavn,SN99840,05.04.2024 19:00,-21.1,1011.7,66,0.9,84,0
15.5015,78.2453,Svalbard Lufthavn,SN99840,05.04.2024 20:00,-21.6,1012.3,66,0.8,100,0
15.5015,78.2453,Svalbard Lufthavn,SN99840,05.04.2024 21:00,-22.1,1012.5,67,1.6,144,0
15.5015,78.2453,Svalbard Lufthavn,SN99840,05.04.2024 22:00,-22.9,1012.8,69,1.6,146,0
15.5015,78.2453,Svalbard Lufthavn,SN99840,05.04.2024 23:00,-23.7,1012.7,79,1.4,116,0
15.5015,78.2453,Svalbard Lufthavn,SN99840,06.04.2024 00:00,-24.5,1012.8,78,2.1,113,0
15.5015,78.2453,Svalbard Lufthavn,SN99840,06.04.2024 01:00,-24.9,1012.7,77,3.5,107,0
15.5015,78.2453,Svalbard Lufthavn,SN99840,06.04.2024 02:00,-24.6,1012.8,79,2,113,0
15.5015,78.2453,Svalbard Lufthavn,SN99840,06.04.2024 03:00,-24.6,1012.8,76,1.9,135,0
15.5015,78.2453,Svalbard Lufthavn,SN99840,06.04.2024 04:00,-24.2,1012.7,70,1,138,0
15.5015,78.2453,Svalbard Lufthavn,SN99840,06.04.2024 05:00,-23.9,1012.5,73,0.8,147,0
15.5015,78.2453,Svalbard Lufthavn,SN99840,06.04.2024 06:00,-22.6,1012.3,74,1.3,81,0
15.5015,78.2453,Svalbard Lufthavn,SN99840,06.04.2024 07:00,-22.6,1012.4,73,2.4,69,0
15.5015,78.2453,Svalbard Lufthavn,SN99840,06.04.2024 08:00,-22.5,1012.3,70,2.1,101,0
15.5015,78.2453,Svalbard Lufthavn,SN99840,06.04.2024 09:00,-19.7,1012.3,63,1.7,211,0
15.5015,78.2453,Svalbard Lufthavn,SN99840,06.04.2024 10:00,-18.7,1012.3,62,3.4,8,0
15.5015,78.2453,Svalbard Lufthavn,SN99840,06.04.2024 11:00,-19.4,1012.3,68,1,201,0
15.5015,78.2453,Svalbard Lufthavn,SN99840,06.04.2024 12:00,-19.4,1012.4,64,2.1,179,0
15.5015,78.2453,Svalbard Lufthavn,SN99840,06.04.2024 13:00,-17.9,1012.5,63,1.7,168,0
15.5015,78.2453,Svalbard Lufthavn,SN99840,06.04.2024 14:00,-18.8,1012.9,62,1.6,184,0
15.5015,78.2453,Svalbard Lufthavn,SN99840,06.04.2024 15:00,-20,1013.2,62,1.9,220,0
15.5015,78.2453,Svalbard Lufthavn,SN99840,06.04.2024 16:00,-19.8,1013,64,0.9,174,0
15.5015,78.2453,Svalbard Lufthavn,SN99840,06.04.2024 17:00,-20.8,1013,66,1,106,0
15.5015,78.2453,Svalbard Lufthavn,SN99840,06.04.2024 18:00,-20.7,1012.9,64,1.6,134,0
15.5015,78.2453,Svalbard Lufthavn,SN99840,06.04.2024 19:00,-21.8,1013.1,70,3.7,97,0
15.5015,78.2453,Svalbard Lufthavn,SN99840,06.04.2024 20:00,-22,1013.6,70,3.2,117,0
15.5015,78.2453,Svalbard Lufthavn,SN99840,06.04.2024 21:00,-22.2,1013.8,73,4.3,103,0
15.5015,78.2453,Svalbard Lufthavn,SN99840,06.04.2024 22:00,-22.8,1013.9,73,3.6,104,0
15.5015,78.2453,Svalbard Lufthavn,SN99840,06.04.2024 23:00,-23.1,1014.1,73,1.1,104,0
15.5015,78.2453,Svalbard Lufthavn,SN99840,07.04.2024 00:00,-22.1,1014.1,74,0.9,264,0
15.5015,78.2453,Svalbard Lufthavn,SN99840,07.04.2024 01:00,-22.3,1014.2,71,1.3,191,0
15.5015,78.2453,Svalbard Lufthavn,SN99840,07.04.2024 02:00,-24.1,1014.1,77,3.5,101,0
15.5015,78.2453,Svalbard Lufthavn,SN99840,07.04.2024 03:00,-22.6,1014.1,75,3.3,104,0
15.5015,78.2453,Svalbard Lufthavn,SN99840,07.04.2024 04:00,-21,1014,68,0.8,133,0
15.5015,78.2453,Svalbard Lufthavn,SN99840,07.04.2024 05:00,-19.9,1013.6,69,1.3,140,0
15.5015,78.2453,Svalbard Lufthavn,SN99840,07.04.2024 06:00,-22.2,1013.6,76,3.1,111,0
15.5015,78.2453,Svalbard Lufthavn,SN99840,07.04.2024 07:00,-19.4,1013.4,64,2.4,126,0
15.5015,78.2453,Svalbard Lufthavn,SN99840,07.04.2024 08:00,-19.2,1013.3,70,1.4,148,0
15.5015,78.2453,Svalbard Lufthavn,SN99840,07.04.2024 09:00,-19.6,1013.2,77,2.3,108,0
15.5015,78.2453,Svalbard Lufthavn,SN99840,07.04.2024 10:00,-18.4,1013.1,66,2.9,107,0
15.5015,78.2453,Svalbard Lufthavn,SN99840,07.04.2024 11:00,-17.9,1013.1,65,2.4,120,0
15.5015,78.2453,Svalbard Lufthavn,SN99840,07.04.2024 12:00,-16.7,1013,61,2.1,129,0
15.5015,78.2453,Svalbard Lufthavn,SN99840,07.04.2024 13:00,-16.7,1012.9,59,2.3,133,0
15.5015,78.2453,Svalbard Lufthavn,SN99840,07.04.2024 14:00,-17,1012.9,58,1.7,127,0
15.5015,78.2453,Svalbard Lufthavn,SN99840,07.04.2024 15:00,-17.1,1012.8,60,2.4,125,0
15.5015,78.2453,Svalbard Lufthavn,SN99840,07.04.2024 16:00,-17.5,1012.4,63,2.9,109,0
15.5015,78.2453,Svalbard Lufthavn,SN99840,07.04.2024 17:00,-17.2,1012.3,65,2.7,126,0
15.5015,78.2453,Svalbard Lufthavn,SN99840,07.04.2024 18:00,-17.9,1012.1,68,2.1,121,0
15.5015,78.2453,Svalbard Lufthavn,SN99840,07.04.2024 19:00,-18.3,1012.1,72,1.7,112,0
15.5015,78.2453,Svalbard Lufthavn,SN99840,07.04.2024 20:00,-17.8,1012,75,1.9,136,0
15.5015,78.2453,Svalbard Lufthavn,SN99840,07.04.2024 21:00,-19.6,1012.3,79,2.3,101,0
15.5015,78.2453,Svalbard Lufthavn,SN99840,07.04.2024 22:00,-18.2,1012.4,77,3.9,112,0
15.5015,78.2453,Svalbard Lufthavn,SN99840,07.04.2024 23:00,-18.8,1012.4,75,3,111,0
15.5015,78.2453,Svalbard Lufthavn,SN99840,08.04.2024 00:00,-18,1012.2,75,5.9,105,0
15.5015,78.2453,Svalbard Lufthavn,SN99840,08.04.2024 01:00,-17.4,1012.1,71,3.8,106,0
15.5015,78.2453,Svalbard Lufthavn,SN99840,08.04.2024 02:00,-18.3,1012.3,78,3.7,124,0
15.5015,78.2453,Svalbard Lufthavn,SN99840,08.04.2024 03:00,-19.2,1012.5,81,1.2,110,0
15.5015,78.2453,Svalbard Lufthavn,SN99840,08.04.2024 04:00,-17.7,1012.6,74,4.5,108,0
15.5015,78.2453,Svalbard Lufthavn,SN99840,08.04.2024 05:00,-17.1,1012.5,74,5.8,99,0
15.5015,78.2453,Svalbard Lufthavn,SN99840,08.04.2024 06:00,-16.2,1012.5,66,4.1,110,0
15.5015,78.2453,Svalbard Lufthavn,SN99840,08.04.2024 07:00,-15.4,1012.4,67,4.8,110,0
15.5015,78.2453,Svalbard Lufthavn,SN99840,08.04.2024 08:00,-15.2,1012.7,67,4.8,94,0
15.5015,78.2453,Svalbard Lufthavn,SN99840,08.04.2024 09:00,-13.8,1013.4,60,3.4,95,0
15.5015,78.2453,Svalbard Lufthavn,SN99840,08.04.2024 10:00,-15,1013.4,69,4,112,0
15.5015,78.2453,Svalbard Lufthavn,SN99840,08.04.2024 11:00,-14.3,1013.8,65,3.7,100,0
15.5015,78.2453,Svalbard Lufthavn,SN99840,08.04.2024 12:00,-13.6,1013.9,67,3.9,105,0
15.5015,78.2453,Svalbard Lufthavn,SN99840,08.04.2024 13:00,-14,1014.1,68,3.7,95,0
15.5015,78.2453,Svalbard Lufthavn,SN99840,08.04.2024 14:00,-14.2,1014.3,64,3,114,0
15.5015,78.2453,Svalbard Lufthavn,SN99840,08.04.2024 15:00,-13.5,1014.3,66,1.9,95,0
15.5015,78.2453,Svalbard Lufthavn,SN99840,08.04.2024 16:00,-14.1,1014.4,73,1.9,131,0
15.5015,78.2453,Svalbard Lufthavn,SN99840,08.04.2024 17:00,-14.6,1014.4,74,1.3,113,0
15.5015,78.2453,Svalbard Lufthavn,SN99840,08.04.2024 18:00,-14.7,1014.4,70,0.5,142,0
15.5015,78.2453,Svalbard Lufthavn,SN99840,08.04.2024 19:00,-15.8,1014.2,79,2.7,106,0
15.5015,78.2453,Svalbard Lufthavn,SN99840,08.04.2024 20:00,-15,1014.3,74,1.7,83,0
15.5015,78.2453,Svalbard Lufthavn,SN99840,08.04.2024 21:00,-15.1,1014.4,76,1.9,119,0
15.5015,78.2453,Svalbard Lufthavn,SN99840,08.04.2024 22:00,-14.6,1014.2,75,1.7,113,0
15.5015,78.2453,Svalbard Lufthavn,SN99840,08.04.2024 23:00,-14.4,1014,77,0.6,144,0
15.5015,78.2453,Svalbard Lufthavn,SN99840,09.04.2024 00:00,-14.2,1013.6,78,1.1,122,0
15.5015,78.2453,Svalbard Lufthavn,SN99840,09.04.2024 01:00,-14,1013.6,75,1.1,129,0
15.5015,78.2453,Svalbard Lufthavn,SN99840,09.04.2024 02:00,-13.3,1013.7,74,1.4,137,0
15.5015,78.2453,Svalbard Lufthavn,SN99840,09.04.2024 03:00,-13.2,1013.6,76,3.3,106,0
15.5015,78.2453,Svalbard Lufthavn,SN99840,09.04.2024 04:00,-13.5,1013.2,78,3.7,101,0
15.5015,78.2453,Svalbard Lufthavn,SN99840,09.04.2024 05:00,-12.6,1012.8,83,3.6,105,0.1
15.5015,78.2453,Svalbard Lufthavn,SN99840,09.04.2024 06:00,-11.7,1012.3,87,4.1,93,0.3
15.5015,78.2453,Svalbard Lufthavn,SN99840,09.04.2024 07:00,-10.9,1011.9,87,3.2,103,0.4
15.5015,78.2453,Svalbard Lufthavn,SN99840,09.04.2024 08:00,-10.4,1011.8,87,2.7,81,0.5
15.5015,78.2453,Svalbard Lufthavn,SN99840,09.04.2024 09:00,-9.7,1011.9,85,1.2,218,0.4
15.5015,78.2453,Svalbard Lufthavn,SN99840,09.04.2024 10:00,-9.1,1012.1,83,1.6,84,0
15.5015,78.2453,Svalbard Lufthavn,SN99840,09.04.2024 11:00,-7.9,1012.2,80,1.4,118,0
15.5015,78.2453,Svalbard Lufthavn,SN99840,09.04.2024 12:00,-8.5,1012.5,82,1.4,107,0.4
15.5015,78.2453,Svalbard Lufthavn,SN99840,09.04.2024 13:00,-9.6,1012.7,84,2.3,109,0
15.5015,78.2453,Svalbard Lufthavn,SN99840,09.04.2024 14:00,-9.4,1012.8,84,2.5,109,0
15.5015,78.2453,Svalbard Lufthavn,SN99840,09.04.2024 15:00,-9.4,1013,84,3.2,111,0
15.5015,78.2453,Svalbard Lufthavn,SN99840,09.04.2024 16:00,-9.6,1013.1,85,2,121,0
15.5015,78.2453,Svalbard Lufthavn,SN99840,09.04.2024 17:00,-9.3,1013.1,85,3,96,0.2
15.5015,78.2453,Svalbard Lufthavn,SN99840,09.04.2024 18:00,-9.4,1013.2,87,1.5,100,0.1
15.5015,78.2453,Svalbard Lufthavn,SN99840,09.04.2024 19:00,-9.3,1013.5,85,0,0,0
15.5015,78.2453,Svalbard Lufthavn,SN99840,09.04.2024 20:00,-9.9,1013.9,87,1.1,215,0
15.5015,78.2453,Svalbard Lufthavn,SN99840,09.04.2024 21:00,-10.7,1014.1,88,0,0,0
15.5015,78.2453,Svalbard Lufthavn,SN99840,09.04.2024 22:00,-10.2,1014.5,88,1.1,110,0
15.5015,78.2453,Svalbard Lufthavn,SN99840,09.04.2024 23:00,-10.2,1014.6,88,0.7,77,0
15.5015,78.2453,Svalbard Lufthavn,SN99840,10.04.2024 00:00,-11,1014.7,90,1.3,105,0
15.5015,78.2453,Svalbard Lufthavn,SN99840,10.04.2024 01:00,-12,1014.8,89,2.2,113,0
15.5015,78.2453,Svalbard Lufthavn,SN99840,10.04.2024 02:00,-14.4,1015.1,85,2.1,101,0
15.5015,78.2453,Svalbard Lufthavn,SN99840,10.04.2024 03:00,-16.9,1015.2,87,2.2,103,0
15.5015,78.2453,Svalbard Lufthavn,SN99840,10.04.2024 04:00,-15.8,1015.2,86,2.6,105,0
15.5015,78.2453,Svalbard Lufthavn,SN99840,10.04.2024 05:00,-14.6,1015.1,87,2.8,127,0
15.5015,78.2453,Svalbard Lufthavn,SN99840,10.04.2024 06:00,-15.4,1015,84,3.7,98,0
15.5015,78.2453,Svalbard Lufthavn,SN99840,10.04.2024 07:00,-15.2,1015,83,3.1,105,0
15.5015,78.2453,Svalbard Lufthavn,SN99840,10.04.2024 08:00,-14.1,1015.1,82,3.2,107,0
15.5015,78.2453,Svalbard Lufthavn,SN99840,10.04.2024 09:00,-13.5,1015.1,80,3.7,106,0
15.5015,78.2453,Svalbard Lufthavn,SN99840,10.04.2024 10:00,-12.5,1014.8,73,4.9,104,0
15.5015,78.2453,Svalbard Lufthavn,SN99840,10.04.2024 11:00,-12,1014.6,70,3.8,103,0
15.5015,78.2453,Svalbard Lufthavn,SN99840,10.04.2024 12:00,-11.6,1014.5,66,2.3,108,0
15.5015,78.2453,Svalbard Lufthavn,SN99840,10.04.2024 13:00,-11.8,1014.4,68,4.3,112,0
15.5015,78.2453,Svalbard Lufthavn,SN99840,10.04.2024 14:00,-12.3,1014.1,69,3.9,103,0
15.5015,78.2453,Svalbard Lufthavn,SN99840,10.04.2024 15:00,-12.1,1013.9,69,3,95,0
15.5015,78.2453,Svalbard Lufthavn,SN99840,10.04.2024 16:00,-13.9,1013.6,70,4.2,102,0
15.5015,78.2453,Svalbard Lufthavn,SN99840,10.04.2024 17:00,-13.2,1013.1,70,2.8,77,0
15.5015,78.2453,Svalbard Lufthavn,SN99840,10.04.2024 18:00,-14.7,1012.5,73,5.1,106,0
15.5015,78.2453,Svalbard Lufthavn,SN99840,10.04.2024 19:00,-14.8,1012.1,75,5.2,97,0
15.5015,78.2453,Svalbard Lufthavn,SN99840,10.04.2024 20:00,-14.7,1012,74,5,108,0
15.5015,78.2453,Svalbard Lufthavn,SN99840,10.04.2024 21:00,-15.9,1011.6,76,3.9,96,0
15.5015,78.2453,Svalbard Lufthavn,SN99840,10.04.2024 22:00,-15.2,1011.4,76,3.8,106,0
15.5015,78.2453,Svalbard Lufthavn,SN99840,10.04.2024 23:00,-16.2,1011.2,73,4,101,0
15.5015,78.2453,Svalbard Lufthavn,SN99840,11.04.2024 00:00,-15.8,1010.5,74,4.1,101,0
15.5015,78.2453,Svalbard Lufthavn,SN99840,11.04.2024 01:00,-15.3,1010.3,71,5.5,106,0
15.5015,78.2453,Svalbard Lufthavn,SN99840,11.04.2024 02:00,-15.1,1010,72,2,114,0
15.5015,78.2453,Svalbard Lufthavn,SN99840,11.04.2024 03:00,-15.4,1010,72,3.6,104,0
15.5015,78.2453,Svalbard Lufthavn,SN99840,11.04.2024 04:00,-14.7,1009.8,72,5.6,105,0
15.5015,78.2453,Svalbard Lufthavn,SN99840,11.04.2024 05:00,-14.2,1009.4,69,5.8,105,0
15.5015,78.2453,Svalbard Lufthavn,SN99840,11.04.2024 06:00,-13.6,1009.1,68,5.2,102,0
15.5015,78.2453,Svalbard Lufthavn,SN99840,11.04.2024 07:00,-12.8,1009.1,65,3.5,104,0
15.5015,78.2453,Svalbard Lufthavn,SN99840,11.04.2024 08:00,-12.5,1008.8,62,1.7,100,0
15.5015,78.2453,Svalbard Lufthavn,SN99840,11.04.2024 09:00,-13.2,1009.1,68,6.4,106,0
15.5015,78.2453,Svalbard Lufthavn,SN99840,11.04.2024 10:00,-12.9,1009.1,69,5.2,100,0
15.5015,78.2453,Svalbard Lufthavn,SN99840,11.04.2024 11:00,-12.5,1009.3,66,2.9,103,0
15.5015,78.2453,Svalbard Lufthavn,SN99840,11.04.2024 12:00,-11.3,1009.8,59,2.2,103,0
15.5015,78.2453,Svalbard Lufthavn,SN99840,11.04.2024 13:00,-12,1009.8,58,3.5,105,0
15.5015,78.2453,Svalbard Lufthavn,SN99840,11.04.2024 14:00,-11.4,1009.9,58,3.2,113,0
15.5015,78.2453,Svalbard Lufthavn,SN99840,11.04.2024 15:00,-11.2,1009.9,61,4.2,106,0
15.5015,78.2453,Svalbard Lufthavn,SN99840,11.04.2024 16:00,-11.1,1010,60,3.1,115,0
15.5015,78.2453,Svalbard Lufthavn,SN99840,11.04.2024 17:00,-12.9,1010.4,62,5.4,106,0
15.5015,78.2453,Svalbard Lufthavn,SN99840,11.04.2024 18:00,-13.9,1010.2,61,3.9,101,0
15.5015,78.2453,Svalbard Lufthavn,SN99840,11.04.2024 19:00,-13.4,1010.3,63,3.6,102,0
15.5015,78.2453,Svalbard Lufthavn,SN99840,11.04.2024 20:00,-15.1,1010.5,66,5.3,108,0
15.5015,78.2453,Svalbard Lufthavn,SN99840,11.04.2024 21:00,-15.4,1010.6,69,4.4,107,0
15.5015,78.2453,Svalbard Lufthavn,SN99840,11.04.2024 22:00,-15.1,1010.8,67,1.7,126,0
15.5015,78.2453,Svalbard Lufthavn,SN99840,11.04.2024 23:00,-15.8,1010.9,68,3.7,112,0
15.5015,78.2453,Svalbard Lufthavn,SN99840,12.04.2024 00:00,-15.9,1011,65,4.3,133,0
15.5015,78.2453,Svalbard Lufthavn,SN99840,12.04.2024 01:00,-16.2,1011.1,63,2.6,105,0
15.5015,78.2453,Svalbard Lufthavn,SN99840,12.04.2024 02:00,-15.8,1011.5,66,1.5,211,0
15.5015,78.2453,Svalbard Lufthavn,SN99840,12.04.2024 03:00,-16.2,1011.8,60,1.5,118,0
15.5015,78.2453,Svalbard Lufthavn,SN99840,12.04.2024 04:00,-15.5,1011.7,62,2,151,0
15.5015,78.2453,Svalbard Lufthavn,SN99840,12.04.2024 05:00,-16.8,1011.7,69,1.9,122,0
15.5015,78.2453,Svalbard Lufthavn,SN99840,12.04.2024 06:00,-16,1011.6,69,3.1,105,0
15.5015,78.2453,Svalbard Lufthavn,SN99840,12.04.2024 07:00,-15.7,1011.3,64,2.3,105,0
15.5015,78.2453,Svalbard Lufthavn,SN99840,12.04.2024 08:00,-15.4,1011.3,67,4.4,110,0
15.5015,78.2453,Svalbard Lufthavn,SN99840,12.04.2024 09:00,-14.4,1011.3,64,3.8,106,0
15.5015,78.2453,Svalbard Lufthavn,SN99840,12.04.2024 10:00,-14.8,1011.5,59,3.3,97,0
15.5015,78.2453,Svalbard Lufthavn,SN99840,12.04.2024 11:00,-12.5,1011.6,49,3.3,94,0
15.5015,78.2453,Svalbard Lufthavn,SN99840,12.04.2024 12:00,-12.8,1011.2,56,3.6,108,0
15.5015,78.2453,Svalbard Lufthavn,SN99840,12.04.2024 13:00,-11.7,1011,54,3.1,136,0
15.5015,78.2453,Svalbard Lufthavn,SN99840,12.04.2024 14:00,-11.5,1010.9,59,1.1,214,0
15.5015,78.2453,Svalbard Lufthavn,SN99840,12.04.2024 15:00,-11.1,1010.6,61,1.8,201,0
15.5015,78.2453,Svalbard Lufthavn,SN99840,12.04.2024 16:00,-9.4,1010.4,50,6.3,139,0
15.5015,78.2453,Svalbard Lufthavn,SN99840,12.04.2024 17:00,-10,1010,52,7.7,134,0
15.5015,78.2453,Svalbard Lufthavn,SN99840,12.04.2024 18:00,-10.1,1009.3,51,7.2,109,0
15.5015,78.2453,Svalbard Lufthavn,SN99840,12.04.2024 19:00,-9.5,1009.3,50,7.5,102,0
15.5015,78.2453,Svalbard Lufthavn,SN99840,12.04.2024 20:00,-10.3,1009.3,53,6.4,101,0
15.5015,78.2453,Svalbard Lufthavn,SN99840,12.04.2024 21:00,-10,1009.1,53,8.8,122,0
15.5015,78.2453,Svalbard Lufthavn,SN99840,12.04.2024 22:00,-9.7,1008.9,54,9.3,126,0
15.5015,78.2453,Svalbard Lufthavn,SN99840,12.04.2024 23:00,-9.8,1008.7,56,9.2,144,0
15.5015,78.2453,Svalbard Lufthavn,SN99840,13.04.2024 00:00,-8.9,1008.4,52,11,137,0
15.5015,78.2453,Svalbard Lufthavn,SN99840,13.04.2024 01:00,-8.9,1007.8,58,12.8,134,0
15.5015,78.2453,Svalbard Lufthavn,SN99840,13.04.2024 02:00,-8.3,1008,56,12.5,143,0
15.5015,78.2453,Svalbard Lufthavn,SN99840,13.04.2024 03:00,-8,1007.8,60,10.6,135,0
15.5015,78.2453,Svalbard Lufthavn,SN99840,13.04.2024 04:00,-7.4,1007.5,60,11.3,150,0
15.5015,78.2453,Svalbard Lufthavn,SN99840,13.04.2024 05:00,-7.4,1007.2,61,10.1,138,0
15.5015,78.2453,Svalbard Lufthavn,SN99840,13.04.2024 06:00,-7.5,1007.5,64,11,138,0
15.5015,78.2453,Svalbard Lufthavn,SN99840,13.04.2024 07:00,-7.8,1007.5,62,10.3,140,0
15.5015,78.2453,Svalbard Lufthavn,SN99840,13.04.2024 08:00,-7.6,1007.7,65,11.8,133,0
15.5015,78.2453,Svalbard Lufthavn,SN99840,13.04.2024 09:00,-7.2,1007.7,65,12.3,152,0
15.5015,78.2453,Svalbard Lufthavn,SN99840,13.04.2024 10:00,-6.6,1007.9,63,11.4,156,0
15.5015,78.2453,Svalbard Lufthavn,SN99840,13.04.2024 11:00,-6.3,1007.9,63,10.4,148,0
15.5015,78.2453,Svalbard Lufthavn,SN99840,13.04.2024 12:00,-6.1,1008,65,7,146,0
15.5015,78.2453,Svalbard Lufthavn,SN99840,13.04.2024 13:00,-5.9,1008,65,7.5,145,0
15.5015,78.2453,Svalbard Lufthavn,SN99840,13.04.2024 14:00,-5.6,1007.8,65,9.4,146,0
15.5015,78.2453,Svalbard Lufthavn,SN99840,13.04.2024 15:00,-5.8,1007.8,65,4.3,167,0
15.5015,78.2453,Svalbard Lufthavn,SN99840,13.04.2024 16:00,-6.2,1007.7,64,7.4,149,0
15.5015,78.2453,Svalbard Lufthavn,SN99840,13.04.2024 17:00,-6.1,1007.7,64,9.4,145,0
15.5015,78.2453,Svalbard Lufthavn,SN99840,13.04.2024 18:00,-6.3,1007.5,65,8.4,135,0
15.5015,78.2453,Svalbard Lufthavn,SN99840,13.04.2024 19:00,-7.2,1007.7,66,8.8,136,0
15.5015,78.2453,Svalbard Lufthavn,SN99840,13.04.2024 20:00,-7.9,1008.2,67,9.7,139,0
15.5015,78.2453,Svalbard Lufthavn,SN99840,13.04.2024 21:00,-9.1,1008.4,62,10.1,136,0
15.5015,78.2453,Svalbard Lufthavn,SN99840,13.04.2024 22:00,-9.3,1009,62,9.4,102,0
15.5015,78.2453,Svalbard Lufthavn,SN99840,13.04.2024 23:00,-8.8,1008.8,63,7.1,103,0
15.5015,78.2453,Svalbard Lufthavn,SN99840,14.04.2024 00:00,-9.9,1008.7,66,9.8,117,0
15.5015,78.2453,Svalbard Lufthavn,SN99840,14.04.2024 01:00,-10.1,1009.1,66,8.1,110,0
15.5015,78.2453,Svalbard Lufthavn,SN99840,14.04.2024 02:00,-9.3,1009.3,66,9.4,144,0
15.5015,78.2453,Svalbard Lufthavn,SN99840,14.04.2024 03:00,-9.6,1009.3,66,9.6,117,0
15.5015,78.2453,Svalbard Lufthavn,SN99840,14.04.2024 04:00,-9.5,1009.4,56,10.1,110,0
15.5015,78.2453,Svalbard Lufthavn,SN99840,14.04.2024 05:00,-12.1,1009.2,58,12,135,0
15.5015,78.2453,Svalbard Lufthavn,SN99840,14.04.2024 06:00,-11.1,1009.1,55,13.9,147,0
15.5015,78.2453,Svalbard Lufthavn,SN99840,14.04.2024 07:00,-11.6,1009.6,51,13.2,143,0
15.5015,78.2453,Svalbard Lufthavn,SN99840,14.04.2024 08:00,-12.3,1010.3,53,11.8,143,0
15.5015,78.2453,Svalbard Lufthavn,SN99840,14.04.2024 09:00,-11.6,1011.5,51,11.5,117,0
15.5015,78.2453,Svalbard Lufthavn,SN99840,14.04.2024 10:00,-11.8,1011.6,53,9.8,137,0
15.5015,78.2453,Svalbard Lufthavn,SN99840,14.04.2024 11:00,-11.5,1011.8,52,7,139,0
15.5015,78.2453,Svalbard Lufthavn,SN99840,14.04.2024 12:00,-11.4,1012.4,52,5.9,132,0
15.5015,78.2453,Svalbard Lufthavn,SN99840,14.04.2024 13:00,-11.4,1012.3,53,8.9,139,0
15.5015,78.2453,Svalbard Lufthavn,SN99840,14.04.2024 14:00,-11.5,1012.6,53,8.1,101,0
15.5015,78.2453,Svalbard Lufthavn,SN99840,14.04.2024 15:00,-10.7,1012.8,50,6.9,99,0
15.5015,78.2453,Svalbard Lufthavn,SN99840,14.04.2024 16:00,-11,1012.9,53,6.7,104,0
15.5015,78.2453,Svalbard Lufthavn,SN99840,14.04.2024 17:00,-11.3,1013.3,57,5.6,118,0
15.5015,78.2453,Svalbard Lufthavn,SN99840,14.04.2024 18:00,-11.8,1013.6,56,8.3,105,0
15.5015,78.2453,Svalbard Lufthavn,SN99840,14.04.2024 19:00,-12,1013.9,58,8,104,0
15.5015,78.2453,Svalbard Lufthavn,SN99840,14.04.2024 20:00,-12.4,1014.6,57,7.9,104,0
15.5015,78.2453,Svalbard Lufthavn,SN99840,14.04.2024 21:00,-11.4,1014.9,52,8.2,100,0
15.5015,78.2453,Svalbard Lufthavn,SN99840,14.04.2024 22:00,-12.7,1015.3,55,7.9,107,0
15.5015,78.2453,Svalbard Lufthavn,SN99840,14.04.2024 23:00,-13.8,1015.8,62,6.7,103,0
15.5015,78.2453,Svalbard Lufthavn,SN99840,15.04.2024 00:00,-14.7,1015.8,63,7.1,107,0
15.5015,78.2453,Svalbard Lufthavn,SN99840,15.04.2024 01:00,-15.3,1016.3,64,7.9,108,0
15.5015,78.2453,Svalbard Lufthavn,SN99840,15.04.2024 02:00,-15.4,1016.3,63,7,107,0
15.5015,78.2453,Svalbard Lufthavn,SN99840,15.04.2024 03:00,-15.9,1016.5,62,7.4,108,0
15.5015,78.2453,Svalbard Lufthavn,SN99840,15.04.2024 04:00,-16.2,1016.6,61,8,110,0
15.5015,78.2453,Svalbard Lufthavn,SN99840,15.04.2024 05:00,-15.5,1016.6,59,6.6,115,0
15.5015,78.2453,Svalbard Lufthavn,SN99840,15.04.2024 06:00,-15,1016.6,58,6.9,108,0
15.5015,78.2453,Svalbard Lufthavn,SN99840,15.04.2024 07:00,-14.9,1016.7,58,6.1,109,0
15.5015,78.2453,Svalbard Lufthavn,SN99840,15.04.2024 08:00,-14.7,1017.1,61,6.4,108,0
15.5015,78.2453,Svalbard Lufthavn,SN99840,15.04.2024 09:00,-14.2,1017.4,58,6,111,0
15.5015,78.2453,Svalbard Lufthavn,SN99840,15.04.2024 10:00,-13.6,1017.6,60,5.3,114,0
15.5015,78.2453,Svalbard Lufthavn,SN99840,15.04.2024 11:00,-13.2,1017.9,62,5.6,112,0
15.5015,78.2453,Svalbard Lufthavn,SN99840,15.04.2024 12:00,-12.8,1017.9,60,5.7,108,0
15.5015,78.2453,Svalbard Lufthavn,SN99840,15.04.2024 13:00,-12.6,1018,59,4.9,114,0
15.5015,78.2453,Svalbard Lufthavn,SN99840,15.04.2024 14:00,-12.6,1018.1,60,5.3,109,0
15.5015,78.2453,Svalbard Lufthavn,SN99840,15.04.2024 15:00,-12.8,1018.2,61,4,112,0
15.5015,78.2453,Svalbard Lufthavn,SN99840,15.04.2024 16:00,-13,1018.2,60,4.3,110,0
15.5015,78.2453,Svalbard Lufthavn,SN99840,15.04.2024 17:00,-13,1018.1,62,4.1,111,0
15.5015,78.2453,Svalbard Lufthavn,SN99840,15.04.2024 18:00,-13.3,1018,66,4.9,108,0
15.5015,78.2453,Svalbard Lufthavn,SN99840,15.04.2024 19:00,-14.4,1018.1,65,4.7,103,0
15.5015,78.2453,Svalbard Lufthavn,SN99840,15.04.2024 20:00,-14.8,1018,68,6.2,97,0
15.5015,78.2453,Svalbard Lufthavn,SN99840,15.04.2024 21:00,-14.7,1018.1,64,4.9,104,0
15.5015,78.2453,Svalbard Lufthavn,SN99840,15.04.2024 22:00,-14.5,1018.2,71,4.3,104,0
15.5015,78.2453,Svalbard Lufthavn,SN99840,15.04.2024 23:00,-13.7,1018.2,64,3.9,106,0
15.5015,78.2453,Svalbard Lufthavn,SN99840,16.04.2024 00:00,-13.8,1018,69,4.1,108,0
15.5015,78.2453,Svalbard Lufthavn,SN99840,16.04.2024 01:00,-13.6,1018,74,4.1,101,0
15.5015,78.2453,Svalbard Lufthavn,SN99840,16.04.2024 02:00,-13.2,1017.9,72,4.3,105,0
15.5015,78.2453,Svalbard Lufthavn,SN99840,16.04.2024 03:00,-13.2,1017.9,78,3.2,101,0
15.5015,78.2453,Svalbard Lufthavn,SN99840,16.04.2024 04:00,-13,1017.9,80,3.7,103,0
15.5015,78.2453,Svalbard Lufthavn,SN99840,16.04.2024 05:00,-13,1017.6,80,3.7,109,0
15.5015,78.2453,Svalbard Lufthavn,SN99840,16.04.2024 06:00,-12.7,1017.6,82,3.4,104,0
15.5015,78.2453,Svalbard Lufthavn,SN99840,16.04.2024 07:00,-12.4,1017.7,79,2.9,103,0
15.5015,78.2453,Svalbard Lufthavn,SN99840,16.04.2024 08:00,-12.5,1017.8,76,4.1,106,0
15.5015,78.2453,Svalbard Lufthavn,SN99840,16.04.2024 09:00,-12.6,1018,79,3,112,0
15.5015,78.2453,Svalbard Lufthavn,SN99840,16.04.2024 10:00,-11.8,1018.3,79,1.7,116,0
15.5015,78.2453,Svalbard Lufthavn,SN99840,16.04.2024 11:00,-11.6,1018.4,79,3.8,109,0
15.5015,78.2453,Svalbard Lufthavn,SN99840,16.04.2024 12:00,-11,1018.6,74,3.7,104,0
15.5015,78.2453,Svalbard Lufthavn,SN99840,16.04.2024 13:00,-11.8,1018.8,77,3.5,118,0
15.5015,78.2453,Svalbard Lufthavn,SN99840,16.04.2024 14:00,-10.9,1018.9,77,3.7,110,0
15.5015,78.2453,Svalbard Lufthavn,SN99840,16.04.2024 15:00,-10.7,1019.3,76,1.3,103,0
15.5015,78.2453,Svalbard Lufthavn,SN99840,16.04.2024 16:00,-10.9,1019.3,79,3.4,108,0
15.5015,78.2453,Svalbard Lufthavn,SN99840,16.04.2024 17:00,-10.9,1019.4,80,1.7,111,0
15.5015,78.2453,Svalbard Lufthavn,SN99840,16.04.2024 18:00,-11.3,1019.8,81,2.9,103,0
15.5015,78.2453,Svalbard Lufthavn,SN99840,16.04.2024 19:00,-11.7,1020,81,1.9,112,0
15.5015,78.2453,Svalbard Lufthavn,SN99840,16.04.2024 20:00,-12,1020.2,83,3.2,106,0
15.5015,78.2453,Svalbard Lufthavn,SN99840,16.04.2024 21:00,-12.7,1020.7,81,2.8,81,0
15.5015,78.2453,Svalbard Lufthavn,SN99840,16.04.2024 22:00,-13.4,1020.9,83,2.5,123,0
15.5015,78.2453,Svalbard Lufthavn,SN99840,16.04.2024 23:00,-14.3,1021.4,84,1.2,154,0
15.5015,78.2453,Svalbard Lufthavn,SN99840,17.04.2024 00:00,-13.4,1021.6,86,2.2,108,0
15.5015,78.2453,Svalbard Lufthavn,SN99840,17.04.2024 01:00,-13.8,1021.6,83,2.9,104,0
15.5015,78.2453,Svalbard Lufthavn,SN99840,17.04.2024 02:00,-12.6,1021.8,79,2.7,108,0
15.5015,78.2453,Svalbard Lufthavn,SN99840,17.04.2024 03:00,-12.7,1022.1,82,3.6,108,0
15.5015,78.2453,Svalbard Lufthavn,SN99840,17.04.2024 04:00,-12.1,1022.3,80,3,101,0
15.5015,78.2453,Svalbard Lufthavn,SN99840,17.04.2024 05:00,-12,1022.5,80,2.3,108,0
15.5015,78.2453,Svalbard Lufthavn,SN99840,17.04.2024 06:00,-11.7,1022.7,79,2.7,94,0
15.5015,78.2453,Svalbard Lufthavn,SN99840,17.04.2024 07:00,-10.7,1022.9,72,3.2,105,0
15.5015,78.2453,Svalbard Lufthavn,SN99840,17.04.2024 08:00,-10.3,1023.1,68,1.2,102,0
15.5015,78.2453,Svalbard Lufthavn,SN99840,17.04.2024 09:00,-9.7,1023.1,67,1,138,0
15.5015,78.2453,Svalbard Lufthavn,SN99840,17.04.2024 10:00,-10.6,1023.4,72,3,101,0
15.5015,78.2453,Svalbard Lufthavn,SN99840,17.04.2024 11:00,-10.4,1023.5,73,3.3,108,0
15.5015,78.2453,Svalbard Lufthavn,SN99840,17.04.2024 12:00,-9,1023.5,66,3.1,97,0
15.5015,78.2453,Svalbard Lufthavn,SN99840,17.04.2024 13:00,-9.3,1023.4,64,2.6,127,0
15.5015,78.2453,Svalbard Lufthavn,SN99840,17.04.2024 14:00,-9.8,1023.5,65,2.7,105,0
15.5015,78.2453,Svalbard Lufthavn,SN99840,17.04.2024 15:00,-9.8,1023.4,67,2.1,108,0
15.5015,78.2453,Svalbard Lufthavn,SN99840,17.04.2024 16:00,-10.2,1023.1,68,1.4,86,0
15.5015,78.2453,Svalbard Lufthavn,SN99840,17.04.2024 17:00,-10.2,1022.7,69,1.7,131,0
15.5015,78.2453,Svalbard Lufthavn,SN99840,17.04.2024 18:00,-10.3,1022.5,71,1.7,108,0
15.5015,78.2453,Svalbard Lufthavn,SN99840,17.04.2024 19:00,-11.2,1022.2,66,2,123,0
15.5015,78.2453,Svalbard Lufthavn,SN99840,17.04.2024 20:00,-11.8,1021.9,70,1.8,100,0
15.5015,78.2453,Svalbard Lufthavn,SN99840,17.04.2024 21:00,-12.1,1021.9,70,1.8,112,0
15.5015,78.2453,Svalbard Lufthavn,SN99840,17.04.2024 22:00,-13,1021.5,77,4.7,97,0
15.5015,78.2453,Svalbard Lufthavn,SN99840,17.04.2024 23:00,-13,1020.7,75,3.6,126,0
15.5015,78.2453,Svalbard Lufthavn,SN99840,18.04.2024 00:00,-12.4,1020.2,74,1.3,89,0
15.5015,78.2453,Svalbard Lufthavn,SN99840,18.04.2024 01:00,-10.2,1019.7,72,1.5,231,0
15.5015,78.2453,Svalbard Lufthavn,SN99840,18.04.2024 02:00,-11.4,1019,70,1.6,144,0
15.5015,78.2453,Svalbard Lufthavn,SN99840,18.04.2024 03:00,-8.7,1018.4,68,4.7,105,0
15.5015,78.2453,Svalbard Lufthavn,SN99840,18.04.2024 04:00,-5.7,1017.4,65,2.5,68,0
15.5015,78.2453,Svalbard Lufthavn,SN99840,18.04.2024 05:00,-6.2,1016.6,69,6,86,0
15.5015,78.2453,Svalbard Lufthavn,SN99840,18.04.2024 06:00,-5.9,1016.1,67,7.5,89,0
15.5015,78.2453,Svalbard Lufthavn,SN99840,18.04.2024 07:00,-5,1014.8,69,8.6,131,0
15.5015,78.2453,Svalbard Lufthavn,SN99840,18.04.2024 08:00,-4.6,1014.5,70,9.6,129,0
15.5015,78.2453,Svalbard Lufthavn,SN99840,18.04.2024 09:00,-4.7,1014.5,67,7.8,133,0
15.5015,78.2453,Svalbard Lufthavn,SN99840,18.04.2024 10:00,-4.5,1014.1,66,6.4,136,0
15.5015,78.2453,Svalbard Lufthavn,SN99840,18.04.2024 11:00,-4.9,1013.7,66,7.3,143,0
15.5015,78.2453,Svalbard Lufthavn,SN99840,18.04.2024 12:00,-4.7,1013.1,67,6.6,132,0
15.5015,78.2453,Svalbard Lufthavn,SN99840,18.04.2024 13:00,-4.9,1012.6,66,4.3,140,0
15.5015,78.2453,Svalbard Lufthavn,SN99840,18.04.2024 14:00,-4.4,1012.4,67,2.3,296,0
15.5015,78.2453,Svalbard Lufthavn,SN99840,18.04.2024 15:00,-3.2,1012,64,3.8,98,0
15.5015,78.2453,Svalbard Lufthavn,SN99840,18.04.2024 16:00,-3.3,1012.1,68,2.3,294,0
15.5015,78.2453,Svalbard Lufthavn,SN99840,18.04.2024 17:00,-3.7,1011.7,73,2.7,226,0
15.5015,78.2453,Svalbard Lufthavn,SN99840,18.04.2024 18:00,-3.7,1011.7,79,3.4,138,0
15.5015,78.2453,Svalbard Lufthavn,SN99840,18.04.2024 19:00,-3,1011.4,73,4.8,100,0
15.5015,78.2453,Svalbard Lufthavn,SN99840,18.04.2024 20:00,-2.4,1012.1,74,2.1,252,0
15.5015,78.2453,Svalbard Lufthavn,SN99840,18.04.2024 21:00,-1.6,1012.2,70,1.8,252,0
15.5015,78.2453,Svalbard Lufthavn,SN99840,18.04.2024 22:00,-2.2,1012.6,81,6.4,128,0
15.5015,78.2453,Svalbard Lufthavn,SN99840,18.04.2024 23:00,-1.1,1012.8,74,4.7,113,0
15.5015,78.2453,Svalbard Lufthavn,SN99840,19.04.2024 00:00,0,1013.3,69,6.9,101,0
15.5015,78.2453,Svalbard Lufthavn,SN99840,19.04.2024 01:00,-1.6,1013.6,72,4.8,124,0
15.5015,78.2453,Svalbard Lufthavn,SN99840,19.04.2024 02:00,-1.4,1014.2,64,6.1,113,0
15.5015,78.2453,Svalbard Lufthavn,SN99840,19.04.2024 03:00,-1.2,1014.4,58,7.5,119,0
15.5015,78.2453,Svalbard Lufthavn,SN99840,19.04.2024 04:00,-2.3,1014.9,64,9.9,112,0
15.5015,78.2453,Svalbard Lufthavn,SN99840,19.04.2024 05:00,-2,1015.4,60,7.5,111,0
15.5015,78.2453,Svalbard Lufthavn,SN99840,19.04.2024 06:00,-2.1,1015.8,61,5.6,96,0
15.5015,78.2453,Svalbard Lufthavn,SN99840,19.04.2024 07:00,-2,1016,62,6,98,0
15.5015,78.2453,Svalbard Lufthavn,SN99840,19.04.2024 08:00,-1.9,1016.4,64,5.3,100,0
15.5015,78.2453,Svalbard Lufthavn,SN99840,19.04.2024 09:00,-1.9,1016.5,64,7.6,114,0
15.5015,78.2453,Svalbard Lufthavn,SN99840,19.04.2024 10:00,-1.5,1017.2,60,5.8,119,0
15.5015,78.2453,Svalbard Lufthavn,SN99840,19.04.2024 11:00,-1.4,1017.4,59,1,359,0
15.5015,78.2453,Svalbard Lufthavn,SN99840,19.04.2024 12:00,-1,1017.6,59,2.5,92,0
15.5015,78.2453,Svalbard Lufthavn,SN99840,19.04.2024 13:00,-1,1017.5,62,5.1,104,0
15.5015,78.2453,Svalbard Lufthavn,SN99840,19.04.2024 14:00,-1,1017.6,61,6,109,0
15.5015,78.2453,Svalbard Lufthavn,SN99840,19.04.2024 15:00,-1.2,1017.7,61,11.8,115,0
15.5015,78.2453,Svalbard Lufthavn,SN99840,19.04.2024 16:00,-1.1,1017.5,60,8.9,122,0
15.5015,78.2453,Svalbard Lufthavn,SN99840,19.04.2024 17:00,-1.4,1017.3,62,12.5,118,0
15.5015,78.2453,Svalbard Lufthavn,SN99840,19.04.2024 18:00,-1.6,1017,60,11.8,122,0
15.5015,78.2453,Svalbard Lufthavn,SN99840,19.04.2024 19:00,-1.8,1017.5,60,12.4,123,0
15.5015,78.2453,Svalbard Lufthavn,SN99840,19.04.2024 20:00,-1.7,1018.3,61,10.4,118,0
15.5015,78.2453,Svalbard Lufthavn,SN99840,19.04.2024 21:00,-2.4,1018.2,67,10.2,111,0
15.5015,78.2453,Svalbard Lufthavn,SN99840,19.04.2024 22:00,-2.3,1018.4,66,12.2,112,0
15.5015,78.2453,Svalbard Lufthavn,SN99840,19.04.2024 23:00,-2.3,1018.3,66,10.9,118,0
15.5015,78.2453,Svalbard Lufthavn,SN99840,20.04.2024 00:00,-2.2,1018.4,67,13.4,114,0
15.5015,78.2453,Svalbard Lufthavn,SN99840,20.04.2024 01:00,-2.2,1018.8,68,10.2,108,0
15.5015,78.2453,Svalbard Lufthavn,SN99840,20.04.2024 02:00,-1.5,1018.9,63,8.7,113,0
15.5015,78.2453,Svalbard Lufthavn,SN99840,20.04.2024 03:00,-1.9,1018.9,69,11.6,117,0
15.5015,78.2453,Svalbard Lufthavn,SN99840,20.04.2024 04:00,-1.7,1019.3,69,10.1,121,0
15.5015,78.2453,Svalbard Lufthavn,SN99840,20.04.2024 05:00,-1.2,1019.8,66,8.3,100,0
15.5015,78.2453,Svalbard Lufthavn,SN99840,20.04.2024 06:00,-0.9,1019.7,66,10,105,0
15.5015,78.2453,Svalbard Lufthavn,SN99840,20.04.2024 07:00,-0.8,1020,65,11.5,113,0
15.5015,78.2453,Svalbard Lufthavn,SN99840,20.04.2024 08:00,-0.4,1020,63,10.4,117,0
15.5015,78.2453,Svalbard Lufthavn,SN99840,20.04.2024 09:00,-0.6,1020.4,65,10.8,120,0
15.5015,78.2453,Svalbard Lufthavn,SN99840,20.04.2024 10:00,-0.3,1020.8,64,12.1,127,0
15.5015,78.2453,Svalbard Lufthavn,SN99840,20.04.2024 11:00,-0.3,1021.3,67,9.6,133,0
15.5015,78.2453,Svalbard Lufthavn,SN99840,20.04.2024 12:00,-0.2,1021.7,67,8.1,114,0
15.5015,78.2453,Svalbard Lufthavn,SN99840,20.04.2024 13:00,0.1,1022.1,63,6.3,108,0
15.5015,78.2453,Svalbard Lufthavn,SN99840,20.04.2024 14:00,-0.1,1022.2,65,5.9,129,0
15.5015,78.2453,Svalbard Lufthavn,SN99840,20.04.2024 15:00,-0.2,1022.4,65,5.3,108,0
15.5015,78.2453,Svalbard Lufthavn,SN99840,20.04.2024 16:00,-0.4,1022.6,68,5.4,120,0
15.5015,78.2453,Svalbard Lufthavn,SN99840,20.04.2024 17:00,-1.1,1022.5,78,5.9,136,0
15.5015,78.2453,Svalbard Lufthavn,SN99840,20.04.2024 18:00,-1.7,1022.8,90,6.1,100,0
15.5015,78.2453,Svalbard Lufthavn,SN99840,20.04.2024 19:00,-1.5,1023.1,86,2.3,119,0
15.5015,78.2453,Svalbard Lufthavn,SN99840,20.04.2024 20:00,0,1023.8,71,4.6,174,0
15.5015,78.2453,Svalbard Lufthavn,SN99840,20.04.2024 21:00,-1.2,1025,70,9.6,228,0
15.5015,78.2453,Svalbard Lufthavn,SN99840,20.04.2024 22:00,-2.1,1025.7,72,6.1,236,0
15.5015,78.2453,Svalbard Lufthavn,SN99840,20.04.2024 23:00,-2.2,1026.5,72,6.1,231,0
15.5015,78.2453,Svalbard Lufthavn,SN99840,21.04.2024 00:00,-2.4,1027.1,68,5.2,227,0
15.5015,78.2453,Svalbard Lufthavn,SN99840,21.04.2024 01:00,-2.9,1027.5,70,4.6,232,0
15.5015,78.2453,Svalbard Lufthavn,SN99840,21.04.2024 02:00,-2.8,1027.6,66,3.7,179,0
15.5015,78.2453,Svalbard Lufthavn,SN99840,21.04.2024 03:00,-2.8,1027.7,62,4.5,183,0
15.5015,78.2453,Svalbard Lufthavn,SN99840,21.04.2024 04:00,-2.4,1027.6,59,4.9,177,0
15.5015,78.2453,Svalbard Lufthavn,SN99840,21.04.2024 05:00,-2.6,1027.5,62,5.1,184,0
15.5015,78.2453,Svalbard Lufthavn,SN99840,21.04.2024 06:00,-2.2,1027.1,60,6.4,184,0
15.5015,78.2453,Svalbard Lufthavn,SN99840,21.04.2024 07:00,-2.2,1027.4,61,5.2,184,0
15.5015,78.2453,Svalbard Lufthavn,SN99840,21.04.2024 08:00,-2.8,1027.4,70,3.6,151,0
15.5015,78.2453,Svalbard Lufthavn,SN99840,21.04.2024 09:00,-2.2,1027.3,66,4.2,182,0
15.5015,78.2453,Svalbard Lufthavn,SN99840,21.04.2024 10:00,-1.9,1027.3,63,3.7,127,0
15.5015,78.2453,Svalbard Lufthavn,SN99840,21.04.2024 11:00,-1.5,1026.7,62,3.8,131,0
15.5015,78.2453,Svalbard Lufthavn,SN99840,21.04.2024 12:00,-0.9,1026.2,62,4.3,122,0
15.5015,78.2453,Svalbard Lufthavn,SN99840,21.04.2024 13:00,1,1025.7,62,3.6,113,0
15.5015,78.2453,Svalbard Lufthavn,SN99840,21.04.2024 14:00,2,1025.1,60,6,143,0
15.5015,78.2453,Svalbard Lufthavn,SN99840,21.04.2024 15:00,3.2,1023.9,65,5.8,145,0
15.5015,78.2453,Svalbard Lufthavn,SN99840,21.04.2024 16:00,3,1023.6,70,6.8,152,0
15.5015,78.2453,Svalbard Lufthavn,SN99840,21.04.2024 17:00,2.8,1023,68,7.9,158,0
15.5015,78.2453,Svalbard Lufthavn,SN99840,21.04.2024 18:00,2.7,1022.5,67,7.1,168,0
15.5015,78.2453,Svalbard Lufthavn,SN99840,21.04.2024 19:00,1.9,1022.1,73,5.7,152,0
15.5015,78.2453,Svalbard Lufthavn,SN99840,21.04.2024 20:00,2.2,1021.6,69,7.4,155,0
15.5015,78.2453,Svalbard Lufthavn,SN99840,21.04.2024 21:00,2.2,1021.3,68,4.8,175,0
15.5015,78.2453,Svalbard Lufthavn,SN99840,21.04.2024 22:00,2.2,1021,69,3.8,136,0
15.5015,78.2453,Svalbard Lufthavn,SN99840,21.04.2024 23:00,1.8,1020.4,71,6.6,127,0
15.5015,78.2453,Svalbard Lufthavn,SN99840,22.04.2024 00:00,2.1,1019.8,68,4.8,131,0
15.5015,78.2453,Svalbard Lufthavn,SN99840,22.04.2024 01:00,2.2,1019.6,66,5.8,129,0
15.5015,78.2453,Svalbard Lufthavn,SN99840,22.04.2024 02:00,2.8,1019.5,63,6.9,167,0
15.5015,78.2453,Svalbard Lufthavn,SN99840,22.04.2024 03:00,3.7,1018.8,60,5.4,237,0
15.5015,78.2453,Svalbard Lufthavn,SN99840,22.04.2024 04:00,3.7,1018.2,61,8.5,175,0
15.5015,78.2453,Svalbard Lufthavn,SN99840,22.04.2024 05:00,4.1,1018.2,57,7.1,183,0
15.5015,78.2453,Svalbard Lufthavn,SN99840,22.04.2024 06:00,2.8,1018.7,67,5.9,156,0
15.5015,78.2453,Svalbard Lufthavn,SN99840,22.04.2024 07:00,4.3,1018.6,61,7.7,147,0
15.5015,78.2453,Svalbard Lufthavn,SN99840,22.04.2024 08:00,4,1018.9,63,7.5,155,0
15.5015,78.2453,Svalbard Lufthavn,SN99840,22.04.2024 09:00,4,1019.5,63,4.8,176,0
15.5015,78.2453,Svalbard Lufthavn,SN99840,22.04.2024 10:00,4.8,1019.8,57,7.7,156,0
15.5015,78.2453,Svalbard Lufthavn,SN99840,22.04.2024 11:00,4.6,1019.7,58,8.3,168,0
15.5015,78.2453,Svalbard Lufthavn,SN99840,22.04.2024 12:00,4.7,1020.1,59,6.8,187,0
15.5015,78.2453,Svalbard Lufthavn,SN99840,22.04.2024 13:00,5,1020.4,58,3.1,49,0
15.5015,78.2453,Svalbard Lufthavn,SN99840,22.04.2024 14:00,4.1,1020.8,60,4.3,136,0
15.5015,78.2453,Svalbard Lufthavn,SN99840,22.04.2024 15:00,3.3,1021,64,3.7,145,0
15.5015,78.2453,Svalbard Lufthavn,SN99840,22.04.2024 16:00,3.1,1021.2,62,5.5,130,0
15.5015,78.2453,Svalbard Lufthavn,SN99840,22.04.2024 17:00,2.6,1021.4,62,6.8,148,0
15.5015,78.2453,Svalbard Lufthavn,SN99840,22.04.2024 18:00,1.8,1022,72,5,99,0
15.5015,78.2453,Svalbard Lufthavn,SN99840,22.04.2024 19:00,1,1022.2,76,5.4,108,0
15.5015,78.2453,Svalbard Lufthavn,SN99840,22.04.2024 20:00,1.2,1022.2,67,5,119,0
15.5015,78.2453,Svalbard Lufthavn,SN99840,22.04.2024 21:00,0.7,1022.6,64,6,134,0
15.5015,78.2453,Svalbard Lufthavn,SN99840,22.04.2024 22:00,0.1,1023.3,65,4.7,114,0
15.5015,78.2453,Svalbard Lufthavn,SN99840,22.04.2024 23:00,-0.4,1023.1,65,4.4,92,0
15.5015,78.2453,Svalbard Lufthavn,SN99840,23.04.2024 00:00,-0.9,1023.6,64,5.5,120,0
15.5015,78.2453,Svalbard Lufthavn,SN99840,23.04.2024 01:00,-0.7,1023.8,62,7.3,107,0
15.5015,78.2453,Svalbard Lufthavn,SN99840,23.04.2024 02:00,-1.4,1023.7,62,6.8,145,0
15.5015,78.2453,Svalbard Lufthavn,SN99840,23.04.2024 03:00,-1.8,1023.9,62,5.7,112,0
15.5015,78.2453,Svalbard Lufthavn,SN99840,23.04.2024 04:00,-0.9,1023.3,61,8,109,0
15.5015,78.2453,Svalbard Lufthavn,SN99840,23.04.2024 05:00,-0.8,1023.1,63,6,121,0
15.5015,78.2453,Svalbard Lufthavn,SN99840,23.04.2024 06:00,-0.5,1022.9,64,5.6,125,0
15.5015,78.2453,Svalbard Lufthavn,SN99840,23.04.2024 07:00,-0.1,1022.9,66,4.9,123,0
15.5015,78.2453,Svalbard Lufthavn,SN99840,23.04.2024 08:00,-0.2,1022.9,64,6.8,120,0
15.5015,78.2453,Svalbard Lufthavn,SN99840,23.04.2024 09:00,0.3,1022.9,62,8,123,0
15.5015,78.2453,Svalbard Lufthavn,SN99840,23.04.2024 10:00,0.6,1022.9,67,5.5,120,0
15.5015,78.2453,Svalbard Lufthavn,SN99840,23.04.2024 11:00,0.5,1022.8,67,5.5,118,0
15.5015,78.2453,Svalbard Lufthavn,SN99840,23.04.2024 12:00,0,1022.9,67,5.6,116,0
15.5015,78.2453,Svalbard Lufthavn,SN99840,23.04.2024 13:00,0,1022.9,68,5.8,120,0
15.5015,78.2453,Svalbard Lufthavn,SN99840,23.04.2024 14:00,0.1,1023,66,3.8,112,0
15.5015,78.2453,Svalbard Lufthavn,SN99840,23.04.2024 15:00,-0.3,1023.2,67,4.7,109,0
15.5015,78.2453,Svalbard Lufthavn,SN99840,23.04.2024 16:00,-0.2,1023.6,65,3.1,236,0
15.5015,78.2453,Svalbard Lufthavn,SN99840,23.04.2024 17:00,-0.2,1023.8,68,0.8,119,0
15.5015,78.2453,Svalbard Lufthavn,SN99840,23.04.2024 18:00,-1,1023.8,69,1.9,136,0
15.5015,78.2453,Svalbard Lufthavn,SN99840,23.04.2024 19:00,-1.7,1024.1,68,2.8,113,0
15.5015,78.2453,Svalbard Lufthavn,SN99840,23.04.2024 20:00,-2.6,1024.4,79,4,104,0
15.5015,78.2453,Svalbard Lufthavn,SN99840,23.04.2024 21:00,-3.3,1024.8,81,3.1,104,0
15.5015,78.2453,Svalbard Lufthavn,SN99840,23.04.2024 22:00,-4.3,1024.9,83,4.6,106,0
15.5015,78.2453,Svalbard Lufthavn,SN99840,23.04.2024 23:00,-4.5,1025.2,81,4.5,105,0
15.5015,78.2453,Svalbard Lufthavn,SN99840,24.04.2024 00:00,-6.3,1025,82,5.3,105,0
15.5015,78.2453,Svalbard Lufthavn,SN99840,24.04.2024 01:00,-5.8,1025,83,4.5,105,0
15.5015,78.2453,Svalbard Lufthavn,SN99840,24.04.2024 02:00,-6.2,1025,82,4.4,105,0
15.5015,78.2453,Svalbard Lufthavn,SN99840,24.04.2024 03:00,-5.9,1024.7,79,5.3,104,0
15.5015,78.2453,Svalbard Lufthavn,SN99840,24.04.2024 04:00,-5.5,1024.3,80,4.2,99,0
15.5015,78.2453,Svalbard Lufthavn,SN99840,24.04.2024 05:00,-4.9,1024.1,75,5,102,0
15.5015,78.2453,Svalbard Lufthavn,SN99840,24.04.2024 06:00,-3.4,1024.2,75,1.4,118,0
15.5015,78.2453,Svalbard Lufthavn,SN99840,24.04.2024 07:00,-3,1024.2,71,1.7,139,0
15.5015,78.2453,Svalbard Lufthavn,SN99840,24.04.2024 08:00,-2.7,1024.2,73,2.4,20,0
15.5015,78.2453,Svalbard Lufthavn,SN99840,24.04.2024 09:00,-2.4,1024.3,76,3.6,10,0
15.5015,78.2453,Svalbard Lufthavn,SN99840,24.04.2024 10:00,-2,1024.2,72,3.1,8,0
15.5015,78.2453,Svalbard Lufthavn,SN99840,24.04.2024 11:00,-1.7,1024.1,72,2.9,8,0
15.5015,78.2453,Svalbard Lufthavn,SN99840,24.04.2024 12:00,-1,1023.9,70,1.9,15,0
15.5015,78.2453,Svalbard Lufthavn,SN99840,24.04.2024 13:00,-1.4,1023.9,75,1.7,249,0
15.5015,78.2453,Svalbard Lufthavn,SN99840,24.04.2024 14:00,-1.3,1023.8,75,1.6,248,0
15.5015,78.2453,Svalbard Lufthavn,SN99840,24.04.2024 15:00,-1.5,1023.8,77,1.3,239,0
15.5015,78.2453,Svalbard Lufthavn,SN99840,24.04.2024 16:00,-0.2,1023.9,70,2.4,245,0
15.5015,78.2453,Svalbard Lufthavn,SN99840,24.04.2024 17:00,0.6,1023.9,67,2.6,249,0
15.5015,78.2453,Svalbard Lufthavn,SN99840,24.04.2024 18:00,-0.9,1024.1,73,1.2,251,0
15.5015,78.2453,Svalbard Lufthavn,SN99840,24.04.2024 19:00,-0.3,1024.2,71,0,0,0
15.5015,78.2453,Svalbard Lufthavn,SN99840,24.04.2024 20:00,-1.2,1024.4,69,2.2,96,0
15.5015,78.2453,Svalbard Lufthavn,SN99840,24.04.2024 21:00,-0.7,1024.8,65,4.2,124,0
15.5015,78.2453,Svalbard Lufthavn,SN99840,24.04.2024 22:00,-1.9,1025.2,75,0.8,266,0
15.5015,78.2453,Svalbard Lufthavn,SN99840,24.04.2024 23:00,-2.7,1025.6,79,4.7,98,0
15.5015,78.2453,Svalbard Lufthavn,SN99840,25.04.2024 00:00,-2.6,1025.6,78,4.7,95,0
15.5015,78.2453,Svalbard Lufthavn,SN99840,25.04.2024 01:00,-2.7,1025.8,81,4.3,81,0
15.5015,78.2453,Svalbard Lufthavn,SN99840,25.04.2024 02:00,-2.8,1025.8,79,2.3,117,0
15.5015,78.2453,Svalbard Lufthavn,SN99840,25.04.2024 03:00,-1.7,1026,72,2,239,0
15.5015,78.2453,Svalbard Lufthavn,SN99840,25.04.2024 04:00,-3,1026.3,81,0.7,249,0
15.5015,78.2453,Svalbard Lufthavn,SN99840,25.04.2024 05:00,-2.2,1026.2,74,3.6,102,0
15.5015,78.2453,Svalbard Lufthavn,SN99840,25.04.2024 06:00,-1.7,1026.3,73,3.8,97,0
15.5015,78.2453,Svalbard Lufthavn,SN99840,25.04.2024 07:00,-1,1026.4,69,1.2,200,0
15.5015,78.2453,Svalbard Lufthavn,SN99840,25.04.2024 08:00,0.5,1026.5,65,1.1,273,0
15.5015,78.2453,Svalbard Lufthavn,SN99840,25.04.2024 09:00,-0.2,1026.7,70,0,0,0
15.5015,78.2453,Svalbard Lufthavn,SN99840,25.04.2024 10:00,0.8,1026.6,66,1.9,8,0
15.5015,78.2453,Svalbard Lufthavn,SN99840,25.04.2024 11:00,0.7,1026.5,65,1.7,260,0
15.5015,78.2453,Svalbard Lufthavn,SN99840,25.04.2024 12:00,0.5,1026.6,66,3.8,142,0
15.5015,78.2453,Svalbard Lufthavn,SN99840,25.04.2024 13:00,0.4,1026.5,67,2.2,250,0
15.5015,78.2453,Svalbard Lufthavn,SN99840,25.04.2024 14:00,0.2,1026.6,68,1.7,254,0
15.5015,78.2453,Svalbard Lufthavn,SN99840,25.04.2024 15:00,-0.3,1026.5,69,3.9,148,0
15.5015,78.2453,Svalbard Lufthavn,SN99840,25.04.2024 16:00,-0.5,1026.4,70,4.8,140,0
15.5015,78.2453,Svalbard Lufthavn,SN99840,25.04.2024 17:00,-0.8,1026.6,69,6.5,121,0
15.5015,78.2453,Svalbard Lufthavn,SN99840,25.04.2024 18:00,-1.1,1026.3,67,7.2,125,0
15.5015,78.2453,Svalbard Lufthavn,SN99840,25.04.2024 19:00,-1.4,1026.5,68,7,134,0
15.5015,78.2453,Svalbard Lufthavn,SN99840,25.04.2024 20:00,-1.7,1026.6,68,6.3,132,0
15.5015,78.2453,Svalbard Lufthavn,SN99840,25.04.2024 21:00,-1.9,1026.6,68,7.7,136,0
15.5015,78.2453,Svalbard Lufthavn,SN99840,25.04.2024 22:00,-2.1,1026.6,68,6.9,138,0
15.5015,78.2453,Svalbard Lufthavn,SN99840,25.04.2024 23:00,-2.2,1026.8,69,5.6,143,0
15.5015,78.2453,Svalbard Lufthavn,SN99840,26.04.2024 00:00,-2.7,1027,70,7,141,0
15.5015,78.2453,Svalbard Lufthavn,SN99840,26.04.2024 01:00,-3,1026.9,70,6,132,0
15.5015,78.2453,Svalbard Lufthavn,SN99840,26.04.2024 02:00,-3.3,1027,69,1.7,16,0
15.5015,78.2453,Svalbard Lufthavn,SN99840,26.04.2024 03:00,-3.6,1027.1,69,1.8,260,0
15.5015,78.2453,Svalbard Lufthavn,SN99840,26.04.2024 04:00,-3.3,1027.3,66,2.9,104,0
15.5015,78.2453,Svalbard Lufthavn,SN99840,26.04.2024 05:00,-3.8,1027.6,74,3.8,114,0
15.5015,78.2453,Svalbard Lufthavn,SN99840,26.04.2024 06:00,-3.7,1027.7,71,4.5,108,0
15.5015,78.2453,Svalbard Lufthavn,SN99840,26.04.2024 07:00,-3.6,1027.6,75,3.5,108,0
15.5015,78.2453,Svalbard Lufthavn,SN99840,26.04.2024 08:00,-3.1,1028,72,3.3,106,0
15.5015,78.2453,Svalbard Lufthavn,SN99840,26.04.2024 09:00,-2.7,1028.1,70,2,115,0
15.5015,78.2453,Svalbard Lufthavn,SN99840,26.04.2024 10:00,-2.4,1028.2,68,0.7,247,0
15.5015,78.2453,Svalbard Lufthavn,SN99840,26.04.2024 11:00,-2,1028.5,71,1.7,254,0
15.5015,78.2453,Svalbard Lufthavn,SN99840,26.04.2024 12:00,-2.2,1028.6,72,3.9,239,0
15.5015,78.2453,Svalbard Lufthavn,SN99840,26.04.2024 13:00,-0.9,1028.6,66,3.1,229,0
15.5015,78.2453,Svalbard Lufthavn,SN99840,26.04.2024 14:00,-2.4,1028.7,77,4.3,247,0
15.5015,78.2453,Svalbard Lufthavn,SN99840,26.04.2024 15:00,-2.4,1028.7,77,4,245,0
15.5015,78.2453,Svalbard Lufthavn,SN99840,26.04.2024 16:00,-2.6,1029,81,3.9,263,0
15.5015,78.2453,Svalbard Lufthavn,SN99840,26.04.2024 17:00,-2.5,1028.9,80,2.6,254,0
15.5015,78.2453,Svalbard Lufthavn,SN99840,26.04.2024 18:00,-1.8,1028.8,78,0,0,0
15.5015,78.2453,Svalbard Lufthavn,SN99840,26.04.2024 19:00,-1.7,1028.7,74,0.5,92,0
15.5015,78.2453,Svalbard Lufthavn,SN99840,26.04.2024 20:00,-2.4,1028.8,76,0,0,0
15.5015,78.2453,Svalbard Lufthavn,SN99840,26.04.2024 21:00,-3.9,1029,83,0.4,135,0
15.5015,78.2453,Svalbard Lufthavn,SN99840,26.04.2024 22:00,-3.7,1029.1,83,2.2,275,0
15.5015,78.2453,Svalbard Lufthavn,SN99840,26.04.2024 23:00,-3.8,1029.1,83,3,199,0
15.5015,78.2453,Svalbard Lufthavn,SN99840,27.04.2024 00:00,-4.3,1029.2,87,1.3,283,0
15.5015,78.2453,Svalbard Lufthavn,SN99840,27.04.2024 01:00,-4.1,1029,86,1.8,239,0
15.5015,78.2453,Svalbard Lufthavn,SN99840,27.04.2024 02:00,-3.7,1029,84,1.1,230,0
15.5015,78.2453,Svalbard Lufthavn,SN99840,27.04.2024 03:00,-3.6,1028.9,83,1.7,239,0
15.5015,78.2453,Svalbard Lufthavn,SN99840,27.04.2024 04:00,-4.3,1029,86,3.4,102,0
15.5015,78.2453,Svalbard Lufthavn,SN99840,27.04.2024 05:00,-4.5,1029,87,4.1,108,0
15.5015,78.2453,Svalbard Lufthavn,SN99840,27.04.2024 06:00,-4.3,1029,85,4.1,108,0
15.5015,78.2453,Svalbard Lufthavn,SN99840,27.04.2024 07:00,-3.9,1029,85,3.5,105,0
15.5015,78.2453,Svalbard Lufthavn,SN99840,27.04.2024 08:00,-3.7,1029,83,3.2,109,0
15.5015,78.2453,Svalbard Lufthavn,SN99840,27.04.2024 09:00,-3.6,1029.3,83,2.6,102,0
15.5015,78.2453,Svalbard Lufthavn,SN99840,27.04.2024 10:00,-3.4,1029.3,82,2.8,231,0
15.5015,78.2453,Svalbard Lufthavn,SN99840,27.04.2024 11:00,-2.5,1029.5,79,2.3,240,0
15.5015,78.2453,Svalbard Lufthavn,SN99840,27.04.2024 12:00,-2.2,1029.6,74,3.4,243,0
15.5015,78.2453,Svalbard Lufthavn,SN99840,27.04.2024 13:00,-2,1029.5,75,1.5,274,0
15.5015,78.2453,Svalbard Lufthavn,SN99840,27.04.2024 14:00,-2.4,1029.5,78,4.5,105,0
15.5015,78.2453,Svalbard Lufthavn,SN99840,27.04.2024 15:00,-1.9,1029.3,76,2.7,231,0
15.5015,78.2453,Svalbard Lufthavn,SN99840,27.04.2024 16:00,-1.9,1029.1,77,1.2,272,0
15.5015,78.2453,Svalbard Lufthavn,SN99840,27.04.2024 17:00,-2.1,1029.1,80,0.6,14,0
15.5015,78.2453,Svalbard Lufthavn,SN99840,27.04.2024 18:00,-1.1,1028.7,79,1.7,23,0
15.5015,78.2453,Svalbard Lufthavn,SN99840,27.04.2024 19:00,-1.2,1028.4,82,2.4,248,0
15.5015,78.2453,Svalbard Lufthavn,SN99840,27.04.2024 20:00,-1.9,1028.6,88,2.6,300,0
15.5015,78.2453,Svalbard Lufthavn,SN99840,27.04.2024 21:00,-2.1,1028.5,89,1.7,285,0
15.5015,78.2453,Svalbard Lufthavn,SN99840,27.04.2024 22:00,-2.1,1028.5,90,0.6,289,0
15.5015,78.2453,Svalbard Lufthavn,SN99840,27.04.2024 23:00,-2.1,1028.4,90,1.3,140,0
15.5015,78.2453,Svalbard Lufthavn,SN99840,28.04.2024 00:00,-2,1028.2,90,1.1,74,0
15.5015,78.2453,Svalbard Lufthavn,SN99840,28.04.2024 01:00,-1,1028,86,3.3,230,0
15.5015,78.2453,Svalbard Lufthavn,SN99840,28.04.2024 02:00,0.4,1027.5,73,4.6,221,0
15.5015,78.2453,Svalbard Lufthavn,SN99840,28.04.2024 03:00,0.9,1027.3,69,4.2,223,0
15.5015,78.2453,Svalbard Lufthavn,SN99840,28.04.2024 04:00,0.4,1027.2,76,5.3,252,0
15.5015,78.2453,Svalbard Lufthavn,SN99840,28.04.2024 05:00,0.7,1026.8,72,5.2,233,0
15.5015,78.2453,Svalbard Lufthavn,SN99840,28.04.2024 06:00,0.7,1026.7,74,4,232,0
15.5015,78.2453,Svalbard Lufthavn,SN99840,28.04.2024 07:00,0.8,1026.7,76,5.2,229,0
15.5015,78.2453,Svalbard Lufthavn,SN99840,28.04.2024 08:00,1,1026.6,71,5.4,232,0
15.5015,78.2453,Svalbard Lufthavn,SN99840,28.04.2024 09:00,1.1,1026.4,73,6.1,222,0
15.5015,78.2453,Svalbard Lufthavn,SN99840,28.04.2024 10:00,1.5,1026.6,68,6.1,236,0
15.5015,78.2453,Svalbard Lufthavn,SN99840,28.04.2024 11:00,1.4,1026.6,72,4.8,233,0
15.5015,78.2453,Svalbard Lufthavn,SN99840,28.04.2024 12:00,1.5,1026.6,72,4.8,236,0
15.5015,78.2453,Svalbard Lufthavn,SN99840,28.04.2024 13:00,1.4,1026.6,73,6.1,237,0
15.5015,78.2453,Svalbard Lufthavn,SN99840,28.04.2024 14:00,1.5,1026.7,76,5.6,246,0
15.5015,78.2453,Svalbard Lufthavn,SN99840,28.04.2024 15:00,1.4,1026.5,78,5.1,226,0
15.5015,78.2453,Svalbard Lufthavn,SN99840,28.04.2024 16:00,1.6,1026.3,76,5.9,235,0
15.5015,78.2453,Svalbard Lufthavn,SN99840,28.04.2024 17:00,1.5,1026,77,5.1,237,0
15.5015,78.2453,Svalbard Lufthavn,SN99840,28.04.2024 18:00,1.2,1026,78,6.7,234,0
15.5015,78.2453,Svalbard Lufthavn,SN99840,28.04.2024 19:00,1.5,1025.8,70,4.2,226,0
15.5015,78.2453,Svalbard Lufthavn,SN99840,28.04.2024 20:00,1.2,1025.7,76,5.4,233,0
15.5015,78.2453,Svalbard Lufthavn,SN99840,28.04.2024 21:00,1.2,1025.8,77,6,241,0
15.5015,78.2453,Svalbard Lufthavn,SN99840,28.04.2024 22:00,1.1,1025.7,78,5.7,226,0
15.5015,78.2453,Svalbard Lufthavn,SN99840,28.04.2024 23:00,1.2,1025.7,76,4.4,244,0
15.5015,78.2453,Svalbard Lufthavn,SN99840,29.04.2024 00:00,1.2,1025.3,78,2.5,236,0.1
15.5015,78.2453,Svalbard Lufthavn,SN99840,29.04.2024 01:00,1.1,1025.2,81,7.5,235,0
15.5015,78.2453,Svalbard Lufthavn,SN99840,29.04.2024 02:00,0.8,1025.1,85,8.8,237,0
15.5015,78.2453,Svalbard Lufthavn,SN99840,29.04.2024 03:00,0.8,1025,82,8,234,0
15.5015,78.2453,Svalbard Lufthavn,SN99840,29.04.2024 04:00,0.8,1025,80,7.9,236,0.1
15.5015,78.2453,Svalbard Lufthavn,SN99840,29.04.2024 05:00,0.7,1024.8,83,7.4,236,0
15.5015,78.2453,Svalbard Lufthavn,SN99840,29.04.2024 06:00,0.8,1024.7,81,5.6,248,0
15.5015,78.2453,Svalbard Lufthavn,SN99840,29.04.2024 07:00,1.1,1024.7,79,6,240,0
15.5015,78.2453,Svalbard Lufthavn,SN99840,29.04.2024 08:00,1.2,1024.6,79,5.1,238,0
15.5015,78.2453,Svalbard Lufthavn,SN99840,29.04.2024 09:00,1.3,1024.6,76,3.7,241,0
15.5015,78.2453,Svalbard Lufthavn,SN99840,29.04.2024 10:00,1.1,1024.8,79,4.1,245,0
15.5015,78.2453,Svalbard Lufthavn,SN99840,29.04.2024 11:00,1.5,1024.9,72,4.8,244,0
15.5015,78.2453,Svalbard Lufthavn,SN99840,29.04.2024 12:00,1.4,1025,80,3.9,253,0
15.5015,78.2453,Svalbard Lufthavn,SN99840,29.04.2024 13:00,1.2,1025.1,83,2.7,258,0
15.5015,78.2453,Svalbard Lufthavn,SN99840,29.04.2024 14:00,1.2,1024.8,83,2.9,262,0
15.5015,78.2453,Svalbard Lufthavn,SN99840,29.04.2024 15:00,1.3,1024.7,81,1.7,256,0
15.5015,78.2453,Svalbard Lufthavn,SN99840,29.04.2024 16:00,1.8,1024.7,71,2.3,250,0
15.5015,78.2453,Svalbard Lufthavn,SN99840,29.04.2024 17:00,0.8,1024.5,85,4,247,0
15.5015,78.2453,Svalbard Lufthavn,SN99840,29.04.2024 18:00,0.8,1024.3,86,5.7,246,0
15.5015,78.2453,Svalbard Lufthavn,SN99840,29.04.2024 19:00,0.7,1024.2,81,3.6,231,0
15.5015,78.2453,Svalbard Lufthavn,SN99840,29.04.2024 20:00,0.5,1024.4,78,5.7,226,0
15.5015,78.2453,Svalbard Lufthavn,SN99840,29.04.2024 21:00,0.1,1024.3,77,6.2,233,0
15.5015,78.2453,Svalbard Lufthavn,SN99840,29.04.2024 22:00,0.1,1024.4,76,4.6,232,0
15.5015,78.2453,Svalbard Lufthavn,SN99840,29.04.2024 23:00,-0.2,1024.4,82,4.8,228,0
15.5015,78.2453,Svalbard Lufthavn,SN99840,30.04.2024 00:00,-0.1,1024.2,81,4.7,240,0
15.5015,78.2453,Svalbard Lufthavn,SN99840,30.04.2024 01:00,0.5,1024.1,73,5.4,245,0
15.5015,78.2453,Svalbard Lufthavn,SN99840,30.04.2024 02:00,0.7,1024,74,6.5,245,0
15.5015,78.2453,Svalbard Lufthavn,SN99840,30.04.2024 03:00,0.8,1023.9,79,6.1,229,0
15.5015,78.2453,Svalbard Lufthavn,SN99840,30.04.2024 04:00,0.6,1023.9,81,5.3,235,0
15.5015,78.2453,Svalbard Lufthavn,SN99840,30.04.2024 05:00,0.4,1023.7,85,7.2,237,0
15.5015,78.2453,Svalbard Lufthavn,SN99840,30.04.2024 06:00,0.5,1023.5,83,6,226,0
15.5015,78.2453,Svalbard Lufthavn,SN99840,30.04.2024 07:00,0.7,1023.6,82,6,236,0
15.5015,78.2453,Svalbard Lufthavn,SN99840,30.04.2024 08:00,0.8,1023.5,82,4.9,231,0
15.5015,78.2453,Svalbard Lufthavn,SN99840,30.04.2024 09:00,1.5,1023.5,74,4.3,237,0
15.5015,78.2453,Svalbard Lufthavn,SN99840,30.04.2024 10:00,1.6,1023.6,75,5.3,234,0
15.5015,78.2453,Svalbard Lufthavn,SN99840,30.04.2024 11:00,1.4,1023.6,79,5.4,231,0
15.5015,78.2453,Svalbard Lufthavn,SN99840,30.04.2024 12:00,1.4,1023.8,80,5.8,223,0
15.5015,78.2453,Svalbard Lufthavn,SN99840,30.04.2024 13:00,1.3,1023.9,76,7.2,231,0
15.5015,78.2453,Svalbard Lufthavn,SN99840,30.04.2024 14:00,1.5,1023.9,75,6.3,231,0
15.5015,78.2453,Svalbard Lufthavn,SN99840,30.04.2024 15:00,1.6,1024,74,5.2,237,0
15.5015,78.2453,Svalbard Lufthavn,SN99840,30.04.2024 16:00,1.8,1024,74,6.8,234,0
15.5015,78.2453,Svalbard Lufthavn,SN99840,30.04.2024 17:00,1.8,1024,73,6.1,234,0
15.5015,78.2453,Svalbard Lufthavn,SN99840,30.04.2024 18:00,1.6,1023.7,74,5.8,248,0
15.5015,78.2453,Svalbard Lufthavn,SN99840,30.04.2024 19:00,1.2,1023.9,80,4.1,230,0
15.5015,78.2453,Svalbard Lufthavn,SN99840,30.04.2024 20:00,1.4,1024,78,3.5,224,0
15.5015,78.2453,Svalbard Lufthavn,SN99840,30.04.2024 21:00,1.4,1024.2,76,4.6,244,0
15.5015,78.2453,Svalbard Lufthavn,SN99840,30.04.2024 22:00,1.3,1024.5,78,4.3,220,0
15.5015,78.2453,Svalbard Lufthavn,SN99840,30.04.2024 23:00,1.3,1024.7,76,2.2,250,0
15.5015,78.2453,Svalbard Lufthavn,SN99840,01.05.2024 00:00,1,1025.2,78,3.8,216,0
15.5015,78.2453,Svalbard Lufthavn,SN99840,01.05.2024 01:00,1.1,1025.4,77,3.8,224,0
15.5015,78.2453,Svalbard Lufthavn,SN99840,01.05.2024 02:00,1,1025.7,77,4,219,0
15.5015,78.2453,Svalbard Lufthavn,SN99840,01.05.2024 03:00,1.1,1026.1,75,2.2,233,0
15.5015,78.2453,Svalbard Lufthavn,SN99840,01.05.2024 04:00,1.2,1026.4,72,2.9,184,0
15.5015,78.2453,Svalbard Lufthavn,SN99840,01.05.2024 05:00,0.9,1026.6,76,3.1,187,0
15.5015,78.2453,Svalbard Lufthavn,SN99840,01.05.2024 06:00,1.6,1027.1,67,2,116,0
15.5015,78.2453,Svalbard Lufthavn,SN99840,01.05.2024 07:00,1.4,1027.5,69,3.7,158,0
15.5015,78.2453,Svalbard Lufthavn,SN99840,01.05.2024 08:00,1.4,1028,69,3.3,146,0
15.5015,78.2453,Svalbard Lufthavn,SN99840,01.05.2024 09:00,1.8,1028.5,67,3.3,164,0
15.5015,78.2453,Svalbard Lufthavn,SN99840,01.05.2024 10:00,1.2,1028.9,77,3.2,123,0
15.5015,78.2453,Svalbard Lufthavn,SN99840,01.05.2024 11:00,1.9,1029.2,67,3.5,159,0
15.5015,78.2453,Svalbard Lufthavn,SN99840,01.05.2024 12:00,1.1,1029.7,80,1.2,269,0
15.5015,78.2453,Svalbard Lufthavn,SN99840,01.05.2024 13:00,1.3,1030.1,78,2,248,0
15.5015,78.2453,Svalbard Lufthavn,SN99840,01.05.2024 14:00,1.7,1030.5,75,2.3,246,0
15.5015,78.2453,Svalbard Lufthavn,SN99840,01.05.2024 15:00,1.3,1030.6,73,1.4,239,0
15.5015,78.2453,Svalbard Lufthavn,SN99840,01.05.2024 16:00,1.2,1030.9,75,1.2,309,0
15.5015,78.2453,Svalbard Lufthavn,SN99840,01.05.2024 17:00,0.8,1031.1,75,1.7,297,0
15.5015,78.2453,Svalbard Lufthavn,SN99840,01.05.2024 18:00,0.8,1031.2,74,0.9,234,0
15.5015,78.2453,Svalbard Lufthavn,SN99840,01.05.2024 19:00,0.5,1031.4,75,1.2,259,0
15.5015,78.2453,Svalbard Lufthavn,SN99840,01.05.2024 20:00,0.4,1031.7,75,1.7,292,0
15.5015,78.2453,Svalbard Lufthavn,SN99840,01.05.2024 21:00,-0.4,1032.3,90,2.2,260,0
15.5015,78.2453,Svalbard Lufthavn,SN99840,01.05.2024 22:00,-0.2,1032.5,78,1.4,259,0
15.5015,78.2453,Svalbard Lufthavn,SN99840,01.05.2024 23:00,-0.3,1032.8,74,1.7,256,0
15.5015,78.2453,Svalbard Lufthavn,SN99840,02.05.2024 00:00,-0.5,1032.8,77,0.4,275,0
15.5015,78.2453,Svalbard Lufthavn,SN99840,02.05.2024 01:00,-0.5,1032.9,69,2.3,269,0
15.5015,78.2453,Svalbard Lufthavn,SN99840,02.05.2024 02:00,-0.5,1032.8,67,1.2,254,0
15.5015,78.2453,Svalbard Lufthavn,SN99840,02.05.2024 03:00,-0.5,1032.9,65,1,268,0
15.5015,78.2453,Svalbard Lufthavn,SN99840,02.05.2024 04:00,-0.6,1032.9,64,2.9,239,0
15.5015,78.2453,Svalbard Lufthavn,SN99840,02.05.2024 05:00,-1.3,1032.8,67,1.8,275,0
15.5015,78.2453,Svalbard Lufthavn,SN99840,02.05.2024 06:00,-1.9,1032.8,74,1.5,110,0
15.5015,78.2453,Svalbard Lufthavn,SN99840,02.05.2024 07:00,-2.4,1032.8,77,3.4,105,0
15.5015,78.2453,Svalbard Lufthavn,SN99840,02.05.2024 08:00,-2.4,1032.8,72,5.3,103,0
15.5015,78.2453,Svalbard Lufthavn,SN99840,02.05.2024 09:00,-2,1032.8,68,3.5,107,0
15.5015,78.2453,Svalbard Lufthavn,SN99840,02.05.2024 10:00,-1.7,1033,67,3.2,105,0
15.5015,78.2453,Svalbard Lufthavn,SN99840,02.05.2024 11:00,-1.8,1032.8,68,3.9,105,0
15.5015,78.2453,Svalbard Lufthavn,SN99840,02.05.2024 12:00,-1.8,1032.7,67,1.7,141,0
15.5015,78.2453,Svalbard Lufthavn,SN99840,02.05.2024 13:00,-1.6,1032.4,66,1.1,179,0
15.5015,78.2453,Svalbard Lufthavn,SN99840,02.05.2024 14:00,-1.7,1032,67,3,113,0
15.5015,78.2453,Svalbard Lufthavn,SN99840,02.05.2024 15:00,-1.8,1031.7,69,2.5,120,0
15.5015,78.2453,Svalbard Lufthavn,SN99840,02.05.2024 16:00,-1.8,1031.4,68,1.6,117,0
15.5015,78.2453,Svalbard Lufthavn,SN99840,02.05.2024 17:00,-2.1,1031.2,70,1.7,267,0
15.5015,78.2453,Svalbard Lufthavn,SN99840,02.05.2024 18:00,-2.2,1030.8,71,2.4,257,0
15.5015,78.2453,Svalbard Lufthavn,SN99840,02.05.2024 19:00,-3.4,1030.6,73,3.8,108,0
15.5015,78.2453,Svalbard Lufthavn,SN99840,02.05.2024 20:00,-3.6,1030.4,73,4,105,0
15.5015,78.2453,Svalbard Lufthavn,SN99840,02.05.2024 21:00,-4.3,1030.2,73,3.6,113,0
15.5015,78.2453,Svalbard Lufthavn,SN99840,02.05.2024 22:00,-4.9,1030,73,4.1,105,0
15.5015,78.2453,Svalbard Lufthavn,SN99840,02.05.2024 23:00,-5.4,1029.9,74,4.5,106,0
15.5015,78.2453,Svalbard Lufthavn,SN99840,03.05.2024 00:00,-5.5,1029.8,73,4.6,108,0
15.5015,78.2453,Svalbard Lufthavn,SN99840,03.05.2024 01:00,-5.5,1029.3,70,5.1,106,0
15.5015,78.2453,Svalbard Lufthavn,SN99840,03.05.2024 02:00,-5.7,1029.1,71,5.5,105,0
15.5015,78.2453,Svalbard Lufthavn,SN99840,03.05.2024 03:00,-6.2,1028.8,73,5.1,105,0
15.5015,78.2453,Svalbard Lufthavn,SN99840,03.05.2024 04:00,-5.8,1028.4,70,5.4,109,0
15.5015,78.2453,Svalbard Lufthavn,SN99840,03.05.2024 05:00,-5.8,1028.1,71,5.1,102,0
15.5015,78.2453,Svalbard Lufthavn,SN99840,03.05.2024 06:00,-5.5,1027.8,67,4.6,100,0
15.5015,78.2453,Svalbard Lufthavn,SN99840,03.05.2024 07:00,-4.7,1027.6,70,4,107,0
15.5015,78.2453,Svalbard Lufthavn,SN99840,03.05.2024 08:00,-3.9,1027.5,65,1.4,107,0
15.5015,78.2453,Svalbard Lufthavn,SN99840,03.05.2024 09:00,-2.3,1027.4,56,0.6,271,0
15.5015,78.2453,Svalbard Lufthavn,SN99840,03.05.2024 10:00,-2.8,1027.4,65,1.6,245,0
15.5015,78.2453,Svalbard Lufthavn,SN99840,03.05.2024 11:00,-3.6,1027.3,73,2.1,234,0
15.5015,78.2453,Svalbard Lufthavn,SN99840,03.05.2024 12:00,-3.5,1027.3,73,3.1,238,0
15.5015,78.2453,Svalbard Lufthavn,SN99840,03.05.2024 13:00,-3.1,1027.2,69,3.5,242,0
15.5015,78.2453,Svalbard Lufthavn,SN99840,03.05.2024 14:00,-1.7,1027,65,3.2,234,0
15.5015,78.2453,Svalbard Lufthavn,SN99840,03.05.2024 15:00,-1.9,1026.8,68,2.4,267,0
15.5015,78.2453,Svalbard Lufthavn,SN99840,03.05.2024 16:00,-2.1,1026.7,72,1.6,267,0
15.5015,78.2453,Svalbard Lufthavn,SN99840,03.05.2024 17:00,-2.2,1026.8,75,1.8,284,0
15.5015,78.2453,Svalbard Lufthavn,SN99840,03.05.2024 18:00,-2.1,1026.6,76,1.5,260,0
15.5015,78.2453,Svalbard Lufthavn,SN99840,03.05.2024 19:00,-2.4,1026.5,77,1.5,268,0
15.5015,78.2453,Svalbard Lufthavn,SN99840,03.05.2024 20:00,-2.4,1026.6,75,1.6,242,0
15.5015,78.2453,Svalbard Lufthavn,SN99840,03.05.2024 21:00,-2.1,1026.8,67,2.2,254,0
15.5015,78.2453,Svalbard Lufthavn,SN99840,03.05.2024 22:00,-2.9,1027,65,1.9,251,0
15.5015,78.2453,Svalbard Lufthavn,SN99840,03.05.2024 23:00,-2.9,1027,60,1.7,253,0
15.5015,78.2453,Svalbard Lufthavn,SN99840,04.05.2024 00:00,-4.2,1026.8,64,1.2,113,0
15.5015,78.2453,Svalbard Lufthavn,SN99840,04.05.2024 01:00,-4.6,1026.8,69,1.2,111,0
15.5015,78.2453,Svalbard Lufthavn,SN99840,04.05.2024 02:00,-4.7,1026.8,72,1.6,97,0
15.5015,78.2453,Svalbard Lufthavn,SN99840,04.05.2024 03:00,-4.6,1026.6,64,1.3,103,0
15.5015,78.2453,Svalbard Lufthavn,SN99840,04.05.2024 04:00,-4.4,1026.4,68,0.5,9,0
15.5015,78.2453,Svalbard Lufthavn,SN99840,04.05.2024 05:00,-4.2,1026.3,65,1.3,321,0
15.5015,78.2453,Svalbard Lufthavn,SN99840,04.05.2024 06:00,-3.6,1026.3,62,1.2,102,0
15.5015,78.2453,Svalbard Lufthavn,SN99840,04.05.2024 07:00,-3.8,1026.3,66,2.2,251,0
15.5015,78.2453,Svalbard Lufthavn,SN99840,04.05.2024 08:00,-2.1,1026.2,57,2.5,268,0
15.5015,78.2453,Svalbard Lufthavn,SN99840,04.05.2024 09:00,-2.3,1026.2,57,2,237,0
15.5015,78.2453,Svalbard Lufthavn,SN99840,04.05.2024 10:00,-1.8,1026.2,56,1.6,34,0
15.5015,78.2453,Svalbard Lufthavn,SN99840,04.05.2024 11:00,-2.1,1026.1,56,2.8,360,0
15.5015,78.2453,Svalbard Lufthavn,SN99840,04.05.2024 12:00,-1.7,1026.2,57,4.4,2,0
15.5015,78.2453,Svalbard Lufthavn,SN99840,04.05.2024 13:00,-1.9,1026.3,52,3.4,355,0
15.5015,78.2453,Svalbard Lufthavn,SN99840,04.05.2024 14:00,-1.6,1026.3,55,5,360,0
15.5015,78.2453,Svalbard Lufthavn,SN99840,04.05.2024 15:00,-1.7,1026.1,61,4.1,3,0
15.5015,78.2453,Svalbard Lufthavn,SN99840,04.05.2024 16:00,-2,1026,59,5.3,7,0
15.5015,78.2453,Svalbard Lufthavn,SN99840,04.05.2024 17:00,-1.8,1025.9,63,5.7,7,0
15.5015,78.2453,Svalbard Lufthavn,SN99840,04.05.2024 18:00,-2.1,1025.9,61,4.4,6,0
15.5015,78.2453,Svalbard Lufthavn,SN99840,04.05.2024 19:00,-2.4,1025.7,60,2.8,17,0
15.5015,78.2453,Svalbard Lufthavn,SN99840,04.05.2024 20:00,-3.1,1025.9,70,1.2,34,0
15.5015,78.2453,Svalbard Lufthavn,SN99840,04.05.2024 21:00,-3.8,1025.8,71,2.4,119,0
15.5015,78.2453,Svalbard Lufthavn,SN99840,04.05.2024 22:00,-4.4,1025.8,71,3.1,108,0
15.5015,78.2453,Svalbard Lufthavn,SN99840,04.05.2024 23:00,-4.6,1025.8,71,3.3,104,0
15.5015,78.2453,Svalbard Lufthavn,SN99840,05.05.2024 00:00,-5.2,1025.6,71,2.4,99,0
15.5015,78.2453,Svalbard Lufthavn,SN99840,05.05.2024 01:00,-5.8,1025.7,78,3.5,113,0
15.5015,78.2453,Svalbard Lufthavn,SN99840,05.05.2024 02:00,-5.4,1025.7,78,1.7,118,0
15.5015,78.2453,Svalbard Lufthavn,SN99840,05.05.2024 03:00,-5.3,1025.6,77,1,182,0
15.5015,78.2453,Svalbard Lufthavn,SN99840,05.05.2024 04:00,-4.7,1025.2,77,2.8,91,0
15.5015,78.2453,Svalbard Lufthavn,SN99840,05.05.2024 05:00,-4,1025.1,70,1.4,314,0
15.5015,78.2453,Svalbard Lufthavn,SN99840,05.05.2024 06:00,-4,1025.3,74,2.3,315,0
15.5015,78.2453,Svalbard Lufthavn,SN99840,05.05.2024 07:00,-3.8,1025.2,70,1.9,331,0
15.5015,78.2453,Svalbard Lufthavn,SN99840,05.05.2024 08:00,-3.9,1025.1,68,2.6,321,0
15.5015,78.2453,Svalbard Lufthavn,SN99840,05.05.2024 09:00,-3.7,1025,67,2.3,284,0
15.5015,78.2453,Svalbard Lufthavn,SN99840,05.05.2024 10:00,-3.5,1025.1,67,2.1,285,0
15.5015,78.2453,Svalbard Lufthavn,SN99840,05.05.2024 11:00,-3.5,1025.1,66,2.9,260,0
15.5015,78.2453,Svalbard Lufthavn,SN99840,05.05.2024 12:00,-3.4,1025,62,2.5,255,0
15.5015,78.2453,Svalbard Lufthavn,SN99840,05.05.2024 13:00,-3.4,1025.2,67,3.7,261,0
15.5015,78.2453,Svalbard Lufthavn,SN99840,05.05.2024 14:00,-3.2,1025,64,2.5,255,0
15.5015,78.2453,Svalbard Lufthavn,SN99840,05.05.2024 15:00,-3.2,1024.9,66,3.1,262,0
15.5015,78.2453,Svalbard Lufthavn,SN99840,05.05.2024 16:00,-3.2,1024.8,64,3.3,245,0
15.5015,78.2453,Svalbard Lufthavn,SN99840,05.05.2024 17:00,-3.1,1024.6,65,3.2,256,0
15.5015,78.2453,Svalbard Lufthavn,SN99840,05.05.2024 18:00,-3.2,1024.6,65,2.8,260,0
15.5015,78.2453,Svalbard Lufthavn,SN99840,05.05.2024 19:00,-3.4,1024.5,67,2.3,251,0
15.5015,78.2453,Svalbard Lufthavn,SN99840,05.05.2024 20:00,-3.4,1024.3,67,2.6,274,0
15.5015,78.2453,Svalbard Lufthavn,SN99840,05.05.2024 21:00,-3.3,1024.3,63,2.8,307,0
15.5015,78.2453,Svalbard Lufthavn,SN99840,05.05.2024 22:00,-3.3,1024.2,62,3.2,282,0
15.5015,78.2453,Svalbard Lufthavn,SN99840,05.05.2024 23:00,-3.6,1024.3,62,2.5,278,0
15.5015,78.2453,Svalbard Lufthavn,SN99840,06.05.2024 00:00,-3.6,1024.2,66,3.4,306,0
15.5015,78.2453,Svalbard Lufthavn,SN99840,06.05.2024 01:00,-3.8,1024.1,64,2.8,320,0
15.5015,78.2453,Svalbard Lufthavn,SN99840,06.05.2024 02:00,-4,1024.1,66,2.7,312,0
15.5015,78.2453,Svalbard Lufthavn,SN99840,06.05.2024 03:00,-4.2,1024.2,70,3.7,316,0
15.5015,78.2453,Svalbard Lufthavn,SN99840,06.05.2024 04:00,-4.4,1024.2,69,2,310,0
15.5015,78.2453,Svalbard Lufthavn,SN99840,06.05.2024 05:00,-4.2,1024.4,67,1.9,280,0
15.5015,78.2453,Svalbard Lufthavn,SN99840,06.05.2024 06:00,-4.3,1024.3,68,2,351,0
15.5015,78.2453,Svalbard Lufthavn,SN99840,06.05.2024 07:00,-4.3,1024.4,66,0.7,271,0
15.5015,78.2453,Svalbard Lufthavn,SN99840,06.05.2024 08:00,-4.2,1024.4,68,2,332,0
15.5015,78.2453,Svalbard Lufthavn,SN99840,06.05.2024 09:00,-3.9,1024.5,67,1.8,338,0
15.5015,78.2453,Svalbard Lufthavn,SN99840,06.05.2024 10:00,-3.9,1024.7,67,1.7,341,0
15.5015,78.2453,Svalbard Lufthavn,SN99840,06.05.2024 11:00,-3.6,1024.7,66,1.4,313,0
15.5015,78.2453,Svalbard Lufthavn,SN99840,06.05.2024 12:00,-2.9,1024.9,64,1.4,331,0
15.5015,78.2453,Svalbard Lufthavn,SN99840,06.05.2024 13:00,-3.4,1025.1,68,1.4,341,0
15.5015,78.2453,Svalbard Lufthavn,SN99840,06.05.2024 14:00,-3.4,1025.3,69,1.8,299,0
15.5015,78.2453,Svalbard Lufthavn,SN99840,06.05.2024 15:00,-3.2,1025.4,72,3.8,264,0
15.5015,78.2453,Svalbard Lufthavn,SN99840,06.05.2024 16:00,-3.4,1025.5,74,3.7,258,0
15.5015,78.2453,Svalbard Lufthavn,SN99840,06.05.2024 17:00,-3.4,1025.7,76,4,245,0
15.5015,78.2453,Svalbard Lufthavn,SN99840,06.05.2024 18:00,-2.9,1025.7,71,2.5,250,0
15.5015,78.2453,Svalbard Lufthavn,SN99840,06.05.2024 19:00,-2.4,1025.8,68,3.1,254,0
15.5015,78.2453,Svalbard Lufthavn,SN99840,06.05.2024 20:00,-3.1,1025.9,71,1.7,248,0
15.5015,78.2453,Svalbard Lufthavn,SN99840,06.05.2024 21:00,-3,1025.9,70,1,229,0
15.5015,78.2453,Svalbard Lufthavn,SN99840,06.05.2024 22:00,-3.4,1026,73,1.4,224,0
15.5015,78.2453,Svalbard Lufthavn,SN99840,06.05.2024 23:00,-3.6,1026,77,1.8,99,0
15.5015,78.2453,Svalbard Lufthavn,SN99840,07.05.2024 00:00,-3.5,1026.2,78,1,48,0
15.5015,78.2453,Svalbard Lufthavn,SN99840,07.05.2024 01:00,-3.6,1026.4,76,1.4,110,0
15.5015,78.2453,Svalbard Lufthavn,SN99840,07.05.2024 02:00,-3.6,1026.2,75,4.2,95,0
15.5015,78.2453,Svalbard Lufthavn,SN99840,07.05.2024 03:00,-3.2,1026,76,5.3,99,0
15.5015,78.2453,Svalbard Lufthavn,SN99840,07.05.2024 04:00,-3.3,1026,77,3.6,127,0
15.5015,78.2453,Svalbard Lufthavn,SN99840,07.05.2024 05:00,-3.1,1026.1,75,4.3,104,0
15.5015,78.2453,Svalbard Lufthavn,SN99840,07.05.2024 06:00,-2.8,1026,75,3.9,96,0
15.5015,78.2453,Svalbard Lufthavn,SN99840,07.05.2024 07:00,-2.4,1025.8,75,0.7,131,0
15.5015,78.2453,Svalbard Lufthavn,SN99840,07.05.2024 08:00,-1.3,1026,73,1.9,253,0
15.5015,78.2453,Svalbard Lufthavn,SN99840,07.05.2024 09:00,-1.2,1026,73,0,0,0
15.5015,78.2453,Svalbard Lufthavn,SN99840,07.05.2024 10:00,-0.5,1026,75,1.8,274,0
15.5015,78.2453,Svalbard Lufthavn,SN99840,07.05.2024 11:00,0.7,1026,73,1.4,263,0
15.5015,78.2453,Svalbard Lufthavn,SN99840,07.05.2024 12:00,0.9,1026,74,2.1,275,0
15.5015,78.2453,Svalbard Lufthavn,SN99840,07.05.2024 13:00,-0.6,1026.1,79,3,264,0
15.5015,78.2453,Svalbard Lufthavn,SN99840,07.05.2024 14:00,-0.6,1026,81,2.5,257,0
15.5015,78.2453,Svalbard Lufthavn,SN99840,07.05.2024 15:00,0,1026,80,2,262,0
15.5015,78.2453,Svalbard Lufthavn,SN99840,07.05.2024 16:00,1.8,1026,72,1.3,270,0
15.5015,78.2453,Svalbard Lufthavn,SN99840,07.05.2024 17:00,2.3,1025.8,71,3.6,151,0
15.5015,78.2453,Svalbard Lufthavn,SN99840,07.05.2024 18:00,1.6,1025.8,74,1.2,222,0
15.5015,78.2453,Svalbard Lufthavn,SN99840,07.05.2024 19:00,2.4,1025.7,67,2.9,191,0
15.5015,78.2453,Svalbard Lufthavn,SN99840,07.05.2024 20:00,1.7,1025.9,73,6.7,170,0
15.5015,78.2453,Svalbard Lufthavn,SN99840,07.05.2024 21:00,1.9,1025.7,72,5.1,154,0
15.5015,78.2453,Svalbard Lufthavn,SN99840,07.05.2024 22:00,1.2,1025.7,77,3.9,150,0
15.5015,78.2453,Svalbard Lufthavn,SN99840,07.05.2024 23:00,1.4,1025.7,77,4.9,132,0
15.5015,78.2453,Svalbard Lufthavn,SN99840,08.05.2024 00:00,1,1025.6,77,4.2,133,0
15.5015,78.2453,Svalbard Lufthavn,SN99840,08.05.2024 01:00,1.5,1025.4,70,6,162,0
15.5015,78.2453,Svalbard Lufthavn,SN99840,08.05.2024 02:00,1.7,1025.4,69,5.5,172,0
15.5015,78.2453,Svalbard Lufthavn,SN99840,08.05.2024 03:00,1.4,1025.1,74,3.8,131,0
15.5015,78.2453,Svalbard Lufthavn,SN99840,08.05.2024 04:00,2.6,1024.9,64,6.5,166,0
15.5015,78.2453,Svalbard Lufthavn,SN99840,08.05.2024 05:00,2.2,1024.9,67,9.8,169,0
15.5015,78.2453,Svalbard Lufthavn,SN99840,08.05.2024 06:00,1.2,1025.4,77,4.1,180,0
15.5015,78.2453,Svalbard Lufthavn,SN99840,08.05.2024 07:00,2.6,1025.2,63,6.4,171,0
15.5015,78.2453,Svalbard Lufthavn,SN99840,08.05.2024 08:00,1.6,1025,72,7.8,124,0
15.5015,78.2453,Svalbard Lufthavn,SN99840,08.05.2024 09:00,2.2,1024.8,66,7.8,121,0
15.5015,78.2453,Svalbard Lufthavn,SN99840,08.05.2024 10:00,2.4,1024.8,62,8.6,138,0
15.5015,78.2453,Svalbard Lufthavn,SN99840,08.05.2024 11:00,2.2,1025.1,65,7.7,138,0
15.5015,78.2453,Svalbard Lufthavn,SN99840,08.05.2024 12:00,2.4,1024.7,66,7.7,121,0
15.5015,78.2453,Svalbard Lufthavn,SN99840,08.05.2024 13:00,2.6,1024.9,65,7.1,140,0
15.5015,78.2453,Svalbard Lufthavn,SN99840,08.05.2024 14:00,3.3,1024.9,62,4.9,130,0
15.5015,78.2453,Svalbard Lufthavn,SN99840,08.05.2024 15:00,3.2,1024.5,61,5.6,119,0
15.5015,78.2453,Svalbard Lufthavn,SN99840,08.05.2024 16:00,2.5,1024.3,62,4.9,130,0
15.5015,78.2453,Svalbard Lufthavn,SN99840,08.05.2024 17:00,2.5,1023.8,61,5.1,152,0
15.5015,78.2453,Svalbard Lufthavn,SN99840,08.05.2024 18:00,1.8,1023.5,60,5.2,148,0
15.5015,78.2453,Svalbard Lufthavn,SN99840,08.05.2024 19:00,0.9,1023,64,4.3,151,0
15.5015,78.2453,Svalbard Lufthavn,SN99840,08.05.2024 20:00,0.7,1022.7,60,3.5,159,0
15.5015,78.2453,Svalbard Lufthavn,SN99840,08.05.2024 21:00,0.5,1022.3,60,4.9,131,0
15.5015,78.2453,Svalbard Lufthavn,SN99840,08.05.2024 22:00,0.5,1022.2,65,6.2,117,0
15.5015,78.2453,Svalbard Lufthavn,SN99840,08.05.2024 23:00,0.6,1022.5,63,6.5,105,0
15.5015,78.2453,Svalbard Lufthavn,SN99840,09.05.2024 00:00,0.5,1022,62,8.9,138,0
15.5015,78.2453,Svalbard Lufthavn,SN99840,09.05.2024 01:00,0.6,1021.6,60,7.7,123,0
15.5015,78.2453,Svalbard Lufthavn,SN99840,09.05.2024 02:00,0.7,1021.4,61,8.4,109,0
15.5015,78.2453,Svalbard Lufthavn,SN99840,09.05.2024 03:00,0.3,1020.6,64,8,101,0
15.5015,78.2453,Svalbard Lufthavn,SN99840,09.05.2024 04:00,0.4,1020,63,8.8,109,0
15.5015,78.2453,Svalbard Lufthavn,SN99840,09.05.2024 05:00,0.9,1019.4,66,7.8,105,0
15.5015,78.2453,Svalbard Lufthavn,SN99840,09.05.2024 06:00,0.9,1018.8,64,5.9,100,0
15.5015,78.2453,Svalbard Lufthavn,SN99840,09.05.2024 07:00,0.8,1018.8,65,9.2,106,0
15.5015,78.2453,Svalbard Lufthavn,SN99840,09.05.2024 08:00,0.6,1018.3,69,10.1,98,0
15.5015,78.2453,Svalbard Lufthavn,SN99840,09.05.2024 09:00,0.6,1017.9,65,11,103,0
15.5015,78.2453,Svalbard Lufthavn,SN99840,09.05.2024 10:00,0,1017.8,67,11.1,97,0
15.5015,78.2453,Svalbard Lufthavn,SN99840,09.05.2024 11:00,-0.3,1017.2,62,12.7,90,0
15.5015,78.2453,Svalbard Lufthavn,SN99840,09.05.2024 12:00,-0.2,1017.3,64,11.7,97,0
15.5015,78.2453,Svalbard Lufthavn,SN99840,09.05.2024 13:00,-0.1,1016.8,67,9.4,87,0
15.5015,78.2453,Svalbard Lufthavn,SN99840,09.05.2024 14:00,0.3,1016.5,68,10.9,90,0
15.5015,78.2453,Svalbard Lufthavn,SN99840,09.05.2024 15:00,0,1016.5,66,12.3,97,0
15.5015,78.2453,Svalbard Lufthavn,SN99840,09.05.2024 16:00,0,1016.3,66,11.5,95,0
15.5015,78.2453,Svalbard Lufthavn,SN99840,09.05.2024 17:00,0,1015.8,71,11.4,93,0
15.5015,78.2453,Svalbard Lufthavn,SN99840,09.05.2024 18:00,-0.1,1015.8,70,10.4,103,0
15.5015,78.2453,Svalbard Lufthavn,SN99840,09.05.2024 19:00,0,1015.8,68,7.2,95,0
15.5015,78.2453,Svalbard Lufthavn,SN99840,09.05.2024 20:00,0.5,1015.5,66,7.3,97,0
15.5015,78.2453,Svalbard Lufthavn,SN99840,09.05.2024 21:00,0.6,1015.6,69,6.7,103,0
15.5015,78.2453,Svalbard Lufthavn,SN99840,09.05.2024 22:00,0.5,1015.8,70,8.2,114,0
15.5015,78.2453,Svalbard Lufthavn,SN99840,09.05.2024 23:00,0.6,1016,70,5.8,114,0
15.5015,78.2453,Svalbard Lufthavn,SN99840,10.05.2024 00:00,0.6,1016,68,8.6,112,0
15.5015,78.2453,Svalbard Lufthavn,SN99840,10.05.2024 01:00,0.2,1016.4,68,7.5,114,0
15.5015,78.2453,Svalbard Lufthavn,SN99840,10.05.2024 02:00,0,1016.9,67,9.3,98,0
15.5015,78.2453,Svalbard Lufthavn,SN99840,10.05.2024 03:00,-0.4,1016.9,67,9.9,104,0
15.5015,78.2453,Svalbard Lufthavn,SN99840,10.05.2024 04:00,-0.2,1016.8,67,8.8,98,0
15.5015,78.2453,Svalbard Lufthavn,SN99840,10.05.2024 05:00,-0.1,1016.9,68,7.8,94,0
15.5015,78.2453,Svalbard Lufthavn,SN99840,10.05.2024 06:00,0.3,1017.1,64,6.5,100,0
15.5015,78.2453,Svalbard Lufthavn,SN99840,10.05.2024 07:00,0.1,1017.2,68,6.6,110,0
15.5015,78.2453,Svalbard Lufthavn,SN99840,10.05.2024 08:00,0.6,1017.4,63,7.3,121,0
15.5015,78.2453,Svalbard Lufthavn,SN99840,10.05.2024 09:00,0.7,1017.4,64,7.4,116,0
15.5015,78.2453,Svalbard Lufthavn,SN99840,10.05.2024 10:00,0.6,1017.7,67,7.2,118,0
15.5015,78.2453,Svalbard Lufthavn,SN99840,10.05.2024 11:00,0.5,1018,66,8.2,112,0
15.5015,78.2453,Svalbard Lufthavn,SN99840,10.05.2024 12:00,0.7,1018.2,66,9,101,0
15.5015,78.2453,Svalbard Lufthavn,SN99840,10.05.2024 13:00,0.7,1018.2,68,8.7,104,0
15.5015,78.2453,Svalbard Lufthavn,SN99840,10.05.2024 14:00,0.9,1018.4,63,6.6,109,0
15.5015,78.2453,Svalbard Lufthavn,SN99840,10.05.2024 15:00,1.2,1018.3,65,5.8,102,0
15.5015,78.2453,Svalbard Lufthavn,SN99840,10.05.2024 16:00,1,1018.2,66,7.3,100,0
15.5015,78.2453,Svalbard Lufthavn,SN99840,10.05.2024 17:00,0.8,1018.1,66,6.2,112,0
15.5015,78.2453,Svalbard Lufthavn,SN99840,10.05.2024 18:00,0,1017.7,67,8.9,106,0
15.5015,78.2453,Svalbard Lufthavn,SN99840,10.05.2024 19:00,-0.1,1017.3,66,8.8,105,0
15.5015,78.2453,Svalbard Lufthavn,SN99840,10.05.2024 20:00,0.1,1017,65,10.2,106,0
15.5015,78.2453,Svalbard Lufthavn,SN99840,10.05.2024 21:00,-0.2,1016.6,65,10.8,112,0
15.5015,78.2453,Svalbard Lufthavn,SN99840,10.05.2024 22:00,-0.5,1016,66,14.2,112,0
15.5015,78.2453,Svalbard Lufthavn,SN99840,10.05.2024 23:00,-0.6,1015.9,67,13,114,0
15.5015,78.2453,Svalbard Lufthavn,SN99840,11.05.2024 00:00,-0.7,1016.1,67,12,119,0
15.5015,78.2453,Svalbard Lufthavn,SN99840,11.05.2024 01:00,-0.8,1015.6,69,10.7,114,0
15.5015,78.2453,Svalbard Lufthavn,SN99840,11.05.2024 02:00,-0.9,1015.2,68,10.7,118,0
15.5015,78.2453,Svalbard Lufthavn,SN99840,11.05.2024 03:00,-0.9,1014.6,68,11.3,113,0
15.5015,78.2453,Svalbard Lufthavn,SN99840,11.05.2024 04:00,-0.7,1014.5,68,11.7,123,0
15.5015,78.2453,Svalbard Lufthavn,SN99840,11.05.2024 05:00,-0.2,1013.9,68,12.4,120,0
15.5015,78.2453,Svalbard Lufthavn,SN99840,11.05.2024 06:00,0.4,1013.4,67,9.8,120,0
15.5015,78.2453,Svalbard Lufthavn,SN99840,11.05.2024 07:00,0.6,1013,66,10.1,121,0
15.5015,78.2453,Svalbard Lufthavn,SN99840,11.05.2024 08:00,0.9,1012.6,67,9.5,116,0
15.5015,78.2453,Svalbard Lufthavn,SN99840,11.05.2024 09:00,0.7,1012.3,70,9.3,114,0
15.5015,78.2453,Svalbard Lufthavn,SN99840,11.05.2024 10:00,2.1,1011.7,65,9.4,120,0
15.5015,78.2453,Svalbard Lufthavn,SN99840,11.05.2024 11:00,2.2,1011.1,65,10.4,122,0
15.5015,78.2453,Svalbard Lufthavn,SN99840,11.05.2024 12:00,2.1,1010.8,67,8.7,121,0
15.5015,78.2453,Svalbard Lufthavn,SN99840,11.05.2024 13:00,1.3,1010.6,70,9.4,125,0
15.5015,78.2453,Svalbard Lufthavn,SN99840,11.05.2024 14:00,1.5,1010.2,67,7.7,123,0
15.5015,78.2453,Svalbard Lufthavn,SN99840,11.05.2024 15:00,2,1009.7,68,4.7,61,0
15.5015,78.2453,Svalbard Lufthavn,SN99840,11.05.2024 16:00,2,1009,66,7.5,115,0
15.5015,78.2453,Svalbard Lufthavn,SN99840,11.05.2024 17:00,2.1,1008.6,68,6,117,0
15.5015,78.2453,Svalbard Lufthavn,SN99840,11.05.2024 18:00,1.7,1007.8,72,7.9,120,0
15.5015,78.2453,Svalbard Lufthavn,SN99840,11.05.2024 19:00,2,1007.7,66,7,126,0
15.5015,78.2453,Svalbard Lufthavn,SN99840,11.05.2024 20:00,1.3,1007.8,68,5.3,139,0
15.5015,78.2453,Svalbard Lufthavn,SN99840,11.05.2024 21:00,1.4,1007.8,66,1.7,170,0
15.5015,78.2453,Svalbard Lufthavn,SN99840,11.05.2024 22:00,0.9,1007.9,71,3,245,0
15.5015,78.2453,Svalbard Lufthavn,SN99840,11.05.2024 23:00,0.7,1008.1,73,3.8,228,0
15.5015,78.2453,Svalbard Lufthavn,SN99840,12.05.2024 00:00,-0.1,1008.4,79,3.4,73,0
15.5015,78.2453,Svalbard Lufthavn,SN99840,12.05.2024 01:00,0.4,1008.8,75,5.5,239,0
15.5015,78.2453,Svalbard Lufthavn,SN99840,12.05.2024 02:00,0,1008.9,79,0.9,348,0
15.5015,78.2453,Svalbard Lufthavn,SN99840,12.05.2024 03:00,-0.2,1009.1,80,4,233,0
15.5015,78.2453,Svalbard Lufthavn,SN99840,12.05.2024 04:00,0,1009.7,80,6,241,0
15.5015,78.2453,Svalbard Lufthavn,SN99840,12.05.2024 05:00,0.2,1010,76,3.7,215,0
15.5015,78.2453,Svalbard Lufthavn,SN99840,12.05.2024 06:00,0.9,1010.5,72,4.9,236,0
15.5015,78.2453,Svalbard Lufthavn,SN99840,12.05.2024 07:00,1.2,1010.6,72,5,239,0
15.5015,78.2453,Svalbard Lufthavn,SN99840,12.05.2024 08:00,0.6,1010.9,74,4.5,218,0
15.5015,78.2453,Svalbard Lufthavn,SN99840,12.05.2024 09:00,0.8,1011.4,70,4.6,224,0
15.5015,78.2453,Svalbard Lufthavn,SN99840,12.05.2024 10:00,1.8,1011.8,69,4.3,242,0
15.5015,78.2453,Svalbard Lufthavn,SN99840,12.05.2024 11:00,1.6,1011.9,70,4,237,0
15.5015,78.2453,Svalbard Lufthavn,SN99840,12.05.2024 12:00,1.7,1012.3,69,4,252,0
15.5015,78.2453,Svalbard Lufthavn,SN99840,12.05.2024 13:00,1.9,1012.5,77,1.8,292,0
15.5015,78.2453,Svalbard Lufthavn,SN99840,12.05.2024 14:00,3.2,1012.5,70,1.2,285,0
15.5015,78.2453,Svalbard Lufthavn,SN99840,12.05.2024 15:00,2,1012.6,65,1.6,321,0
15.5015,78.2453,Svalbard Lufthavn,SN99840,12.05.2024 16:00,2.1,1012.4,65,2.4,290,0
15.5015,78.2453,Svalbard Lufthavn,SN99840,12.05.2024 17:00,1.4,1012.2,77,3.7,245,0
15.5015,78.2453,Svalbard Lufthavn,SN99840,12.05.2024 18:00,1.2,1012.1,78,5.3,241,0.1
15.5015,78.2453,Svalbard Lufthavn,SN99840,12.05.2024 19:00,1.4,1012.3,70,4.3,230,0
15.5015,78.2453,Svalbard Lufthavn,SN99840,12.05.2024 20:00,0,1012.3,87,3.5,240,0
15.5015,78.2453,Svalbard Lufthavn,SN99840,12.05.2024 21:00,0.6,1012.4,69,5.7,212,0.1
15.5015,78.2453,Svalbard Lufthavn,SN99840,12.05.2024 22:00,0.6,1012.5,70,5.2,219,0
15.5015,78.2453,Svalbard Lufthavn,SN99840,12.05.2024 23:00,0.5,1012.6,70,4.8,215,0
15.5015,78.2453,Svalbard Lufthavn,SN99840,13.05.2024 00:00,0.3,1012.7,69,4,212,0
15.5015,78.2453,Svalbard Lufthavn,SN99840,13.05.2024 01:00,0.2,1012.5,71,2,232,0
15.5015,78.2453,Svalbard Lufthavn,SN99840,13.05.2024 02:00,0.3,1012.5,66,5,220,0
15.5015,78.2453,Svalbard Lufthavn,SN99840,13.05.2024 03:00,0.5,1012.6,64,4.6,215,0
15.5015,78.2453,Svalbard Lufthavn,SN99840,13.05.2024 04:00,0.7,1012.5,64,5.1,222,0
15.5015,78.2453,Svalbard Lufthavn,SN99840,13.05.2024 05:00,0.8,1012.6,63,4.7,217,0
15.5015,78.2453,Svalbard Lufthavn,SN99840,13.05.2024 06:00,1.1,1012.6,61,3.4,212,0
15.5015,78.2453,Svalbard Lufthavn,SN99840,13.05.2024 07:00,1.3,1012.7,57,3.6,185,0
15.5015,78.2453,Svalbard Lufthavn,SN99840,13.05.2024 08:00,0.6,1013.1,67,4.3,239,0
15.5015,78.2453,Svalbard Lufthavn,SN99840,13.05.2024 09:00,0.1,1013.3,76,4,245,0
15.5015,78.2453,Svalbard Lufthavn,SN99840,13.05.2024 10:00,0.2,1013.3,72,4,249,0
15.5015,78.2453,Svalbard Lufthavn,SN99840,13.05.2024 11:00,-0.1,1013.4,71,3.7,247,0
15.5015,78.2453,Svalbard Lufthavn,SN99840,13.05.2024 12:00,-0.4,1013.7,71,3.8,264,0
15.5015,78.2453,Svalbard Lufthavn,SN99840,13.05.2024 13:00,-0.4,1013.8,71,3.5,264,0
15.5015,78.2453,Svalbard Lufthavn,SN99840,13.05.2024 14:00,-0.3,1013.8,71,3,275,0
15.5015,78.2453,Svalbard Lufthavn,SN99840,13.05.2024 15:00,-0.6,1013.5,72,2.2,281,0
15.5015,78.2453,Svalbard Lufthavn,SN99840,13.05.2024 16:00,-0.7,1013.2,71,2.3,276,0
15.5015,78.2453,Svalbard Lufthavn,SN99840,13.05.2024 17:00,0,1013.1,67,1.7,279,0
15.5015,78.2453,Svalbard Lufthavn,SN99840,13.05.2024 18:00,-0.1,1012.8,67,1.5,272,0
15.5015,78.2453,Svalbard Lufthavn,SN99840,13.05.2024 19:00,-0.7,1012.5,69,1,41,0
15.5015,78.2453,Svalbard Lufthavn,SN99840,13.05.2024 20:00,-0.1,1012.4,64,1.8,35,0
15.5015,78.2453,Svalbard Lufthavn,SN99840,13.05.2024 21:00,-0.7,1012.3,66,1.6,68,0
15.5015,78.2453,Svalbard Lufthavn,SN99840,13.05.2024 22:00,-0.7,1012.3,70,2.5,98,0
15.5015,78.2453,Svalbard Lufthavn,SN99840,13.05.2024 23:00,-1.1,1012,75,4.8,106,0
15.5015,78.2453,Svalbard Lufthavn,SN99840,14.05.2024 00:00,-1.3,1011.3,75,4.9,101,0
15.5015,78.2453,Svalbard Lufthavn,SN99840,14.05.2024 01:00,-1.7,1011.3,78,1.2,351,0
15.5015,78.2453,Svalbard Lufthavn,SN99840,14.05.2024 02:00,-1.5,1011.2,77,1.8,111,0
15.5015,78.2453,Svalbard Lufthavn,SN99840,14.05.2024 03:00,-1.4,1010.8,75,3.5,96,0
15.5015,78.2453,Svalbard Lufthavn,SN99840,14.05.2024 04:00,-1.8,1010.5,78,4.6,104,0
15.5015,78.2453,Svalbard Lufthavn,SN99840,14.05.2024 05:00,-1.2,1010.2,73,5,106,0
15.5015,78.2453,Svalbard Lufthavn,SN99840,14.05.2024 06:00,-0.6,1009.8,70,5.6,95,0
15.5015,78.2453,Svalbard Lufthavn,SN99840,14.05.2024 07:00,0,1009.4,67,5.3,97,0
15.5015,78.2453,Svalbard Lufthavn,SN99840,14.05.2024 08:00,0.3,1008.9,67,6.7,101,0
15.5015,78.2453,Svalbard Lufthavn,SN99840,14.05.2024 09:00,0.7,1008.4,69,6.5,103,0
15.5015,78.2453,Svalbard Lufthavn,SN99840,14.05.2024 10:00,0.6,1008.3,71,2.8,250,0
15.5015,78.2453,Svalbard Lufthavn,SN99840,14.05.2024 11:00,1.2,1007.9,70,3.2,257,0
15.5015,78.2453,Svalbard Lufthavn,SN99840,14.05.2024 12:00,0.7,1008,75,3.8,256,0
15.5015,78.2453,Svalbard Lufthavn,SN99840,14.05.2024 13:00,0.8,1007.7,76,2.4,278,0
15.5015,78.2453,Svalbard Lufthavn,SN99840,14.05.2024 14:00,0.9,1007.1,71,1.4,13,0
15.5015,78.2453,Svalbard Lufthavn,SN99840,14.05.2024 15:00,1.5,1006.3,70,1.9,23,0
15.5015,78.2453,Svalbard Lufthavn,SN99840,14.05.2024 16:00,1,1005.9,75,3.2,356,0
15.5015,78.2453,Svalbard Lufthavn,SN99840,14.05.2024 17:00,0.9,1005.7,75,3.4,356,0
15.5015,78.2453,Svalbard Lufthavn,SN99840,14.05.2024 18:00,1,1005,76,1.7,33,0
15.5015,78.2453,Svalbard Lufthavn,SN99840,14.05.2024 19:00,1.4,1004.6,75,1.5,88,0
15.5015,78.2453,Svalbard Lufthavn,SN99840,14.05.2024 20:00,1.3,1004.3,76,1,246,0
15.5015,78.2453,Svalbard Lufthavn,SN99840,14.05.2024 21:00,1.7,1004,71,1.4,247,0
15.5015,78.2453,Svalbard Lufthavn,SN99840,14.05.2024 22:00,1.7,1004,71,5.8,107,0
15.5015,78.2453,Svalbard Lufthavn,SN99840,14.05.2024 23:00,1.3,1004.1,72,7,111,0
15.5015,78.2453,Svalbard Lufthavn,SN99840,15.05.2024 00:00,1.4,1004,70,7.8,97,0
15.5015,78.2453,Svalbard Lufthavn,SN99840,15.05.2024 01:00,1.6,1003.8,67,8.2,114,0
15.5015,78.2453,Svalbard Lufthavn,SN99840,15.05.2024 02:00,1.3,1004.1,68,6.2,98,0
15.5015,78.2453,Svalbard Lufthavn,SN99840,15.05.2024 03:00,1.7,1004.3,64,6.3,103,0
15.5015,78.2453,Svalbard Lufthavn,SN99840,15.05.2024 04:00,1.4,1004.6,66,6.8,104,0
15.5015,78.2453,Svalbard Lufthavn,SN99840,15.05.2024 05:00,1.6,1005,64,6.9,101,0
15.5015,78.2453,Svalbard Lufthavn,SN99840,15.05.2024 06:00,2.2,1005.5,61,6.9,97,0
15.5015,78.2453,Svalbard Lufthavn,SN99840,15.05.2024 07:00,2.1,1006.1,63,6.5,90,0
15.5015,78.2453,Svalbard Lufthavn,SN99840,15.05.2024 08:00,2.5,1006.6,58,6.1,92,0
15.5015,78.2453,Svalbard Lufthavn,SN99840,15.05.2024 09:00,2.3,1007.3,59,5.7,120,0
15.5015,78.2453,Svalbard Lufthavn,SN99840,15.05.2024 10:00,2.8,1008.1,59,4.4,109,0
15.5015,78.2453,Svalbard Lufthavn,SN99840,15.05.2024 11:00,3,1008.6,58,5.7,18,0
15.5015,78.2453,Svalbard Lufthavn,SN99840,15.05.2024 12:00,2.7,1009.3,58,5.2,10,0
15.5015,78.2453,Svalbard Lufthavn,SN99840,15.05.2024 13:00,2.5,1010.1,59,5.1,11,0
15.5015,78.2453,Svalbard Lufthavn,SN99840,15.05.2024 14:00,1.4,1010.6,63,5.7,7,0
15.5015,78.2453,Svalbard Lufthavn,SN99840,15.05.2024 15:00,1.6,1011.1,65,6,13,0
15.5015,78.2453,Svalbard Lufthavn,SN99840,15.05.2024 16:00,1.1,1011.8,65,5.3,18,0
15.5015,78.2453,Svalbard Lufthavn,SN99840,15.05.2024 17:00,1,1012.1,65,3.8,19,0
15.5015,78.2453,Svalbard Lufthavn,SN99840,15.05.2024 18:00,0.5,1012.5,67,4.6,13,0
15.5015,78.2453,Svalbard Lufthavn,SN99840,15.05.2024 19:00,0,1013.1,71,3.3,325,0
15.5015,78.2453,Svalbard Lufthavn,SN99840,15.05.2024 20:00,-0.4,1013.5,73,2.1,270,0
15.5015,78.2453,Svalbard Lufthavn,SN99840,15.05.2024 21:00,-0.5,1013.9,73,3.3,3,0
15.5015,78.2453,Svalbard Lufthavn,SN99840,15.05.2024 22:00,-0.9,1014.5,76,4.4,4,0
15.5015,78.2453,Svalbard Lufthavn,SN99840,15.05.2024 23:00,-1.4,1014.8,80,3.5,355,0
15.5015,78.2453,Svalbard Lufthavn,SN99840,16.05.2024 00:00,-1.9,1015.3,86,4,2,0
15.5015,78.2453,Svalbard Lufthavn,SN99840,16.05.2024 01:00,-2.4,1015.8,88,4.9,4,0.1
15.5015,78.2453,Svalbard Lufthavn,SN99840,16.05.2024 02:00,-2.8,1016.3,86,7.7,10,0
15.5015,78.2453,Svalbard Lufthavn,SN99840,16.05.2024 03:00,-3.3,1016.7,82,9.9,12,0
15.5015,78.2453,Svalbard Lufthavn,SN99840,16.05.2024 04:00,-3.7,1017.9,84,8.9,7,0
15.5015,78.2453,Svalbard Lufthavn,SN99840,16.05.2024 05:00,-3.3,1018.8,72,4.9,11,0
15.5015,78.2453,Svalbard Lufthavn,SN99840,16.05.2024 06:00,-3.8,1019.8,72,5.3,15,0
15.5015,78.2453,Svalbard Lufthavn,SN99840,16.05.2024 07:00,-3.1,1020.5,67,2.7,3,0
15.5015,78.2453,Svalbard Lufthavn,SN99840,16.05.2024 08:00,-3.6,1021.1,65,1.9,344,0
15.5015,78.2453,Svalbard Lufthavn,SN99840,16.05.2024 09:00,-2.6,1021.8,59,3.9,343,0
15.5015,78.2453,Svalbard Lufthavn,SN99840,16.05.2024 10:00,-2.5,1022.5,52,4.7,307,0
15.5015,78.2453,Svalbard Lufthavn,SN99840,16.05.2024 11:00,-2.1,1023.2,54,5.9,320,0
15.5015,78.2453,Svalbard Lufthavn,SN99840,16.05.2024 12:00,-2.2,1023.9,49,6.5,319,0
15.5015,78.2453,Svalbard Lufthavn,SN99840,16.05.2024 13:00,-1.9,1024.4,47,7.1,312,0
15.5015,78.2453,Svalbard Lufthavn,SN99840,16.05.2024 14:00,-2.3,1024.6,47,4.4,279,0
15.5015,78.2453,Svalbard Lufthavn,SN99840,16.05.2024 15:00,-2.4,1024.6,56,6.2,254,0
15.5015,78.2453,Svalbard Lufthavn,SN99840,16.05.2024 16:00,-2.1,1024.7,56,6.2,248,0
15.5015,78.2453,Svalbard Lufthavn,SN99840,16.05.2024 17:00,-2,1024.9,59,5.4,252,0
15.5015,78.2453,Svalbard Lufthavn,SN99840,16.05.2024 18:00,-1.4,1025,62,5.9,260,0
15.5015,78.2453,Svalbard Lufthavn,SN99840,16.05.2024 19:00,-1.6,1025.3,62,5.2,266,0
15.5015,78.2453,Svalbard Lufthavn,SN99840,16.05.2024 20:00,-1.8,1025.7,65,4.9,273,0
15.5015,78.2453,Svalbard Lufthavn,SN99840,16.05.2024 21:00,-1.7,1025.9,61,4.3,273,0
15.5015,78.2453,Svalbard Lufthavn,SN99840,16.05.2024 22:00,-1.7,1026,57,4.9,287,0
15.5015,78.2453,Svalbard Lufthavn,SN99840,16.05.2024 23:00,-1.8,1026.1,53,4.8,303,0
15.5015,78.2453,Svalbard Lufthavn,SN99840,17.05.2024 00:00,-1.8,1026.1,53,4,292,0
15.5015,78.2453,Svalbard Lufthavn,SN99840,17.05.2024 01:00,-2.3,1025.9,58,3.8,241,0
15.5015,78.2453,Svalbard Lufthavn,SN99840,17.05.2024 02:00,-2.1,1025.5,59,4.1,245,0
15.5015,78.2453,Svalbard Lufthavn,SN99840,17.05.2024 03:00,-2,1025.3,67,6.2,260,0
15.5015,78.2453,Svalbard Lufthavn,SN99840,17.05.2024 04:00,-2.2,1025,65,6.5,265,0
15.5015,78.2453,Svalbard Lufthavn,SN99840,17.05.2024 05:00,-2.2,1024.7,64,5.9,268,0
15.5015,78.2453,Svalbard Lufthavn,SN99840,17.05.2024 06:00,-2.3,1024.3,63,5.1,270,0
15.5015,78.2453,Svalbard Lufthavn,SN99840,17.05.2024 07:00,-2.1,1023.9,63,4.6,246,0
15.5015,78.2453,Svalbard Lufthavn,SN99840,17.05.2024 08:00,-2,1023.7,60,3.6,238,0
15.5015,78.2453,Svalbard Lufthavn,SN99840,17.05.2024 09:00,-1.9,1023.2,64,3.5,226,0
15.5015,78.2453,Svalbard Lufthavn,SN99840,17.05.2024 10:00,-1.7,1023,65,4.8,238,0
15.5015,78.2453,Svalbard Lufthavn,SN99840,17.05.2024 11:00,-1.8,1022.4,67,3.3,221,0
15.5015,78.2453,Svalbard Lufthavn,SN99840,17.05.2024 12:00,-1.5,1022,65,4,228,0
15.5015,78.2453,Svalbard Lufthavn,SN99840,17.05.2024 13:00,-1.6,1021.5,65,3.9,217,0
15.5015,78.2453,Svalbard Lufthavn,SN99840,17.05.2024 14:00,-1.6,1020.8,65,4,231,0
15.5015,78.2453,Svalbard Lufthavn,SN99840,17.05.2024 15:00,-1.6,1020.1,64,4.4,216,0
15.5015,78.2453,Svalbard Lufthavn,SN99840,17.05.2024 16:00,-1.5,1019.4,64,3.5,232,0
15.5015,78.2453,Svalbard Lufthavn,SN99840,17.05.2024 17:00,-1.4,1018.6,62,1.2,269,0
15.5015,78.2453,Svalbard Lufthavn,SN99840,17.05.2024 18:00,-1.6,1017.8,66,2.6,97,0
15.5015,78.2453,Svalbard Lufthavn,SN99840,17.05.2024 19:00,-1.6,1017.1,64,1.3,191,0
15.5015,78.2453,Svalbard Lufthavn,SN99840,17.05.2024 20:00,-1.6,1016.5,62,0.8,255,0
15.5015,78.2453,Svalbard Lufthavn,SN99840,17.05.2024 21:00,-1.8,1015.8,66,1.5,287,0
15.5015,78.2453,Svalbard Lufthavn,SN99840,17.05.2024 22:00,-2,1015.5,66,1,309,0
15.5015,78.2453,Svalbard Lufthavn,SN99840,17.05.2024 23:00,-2,1015.5,66,0.8,93,0
15.5015,78.2453,Svalbard Lufthavn,SN99840,18.05.2024 00:00,-2.1,1013.6,69,1.1,60,0
15.5015,78.2453,Svalbard Lufthavn,SN99840,18.05.2024 01:00,-2.1,1013,69,2.1,357,0
15.5015,78.2453,Svalbard Lufthavn,SN99840,18.05.2024 02:00,-2.2,1012.2,71,2.7,20,0
15.5015,78.2453,Svalbard Lufthavn,SN99840,18.05.2024 03:00,-2.1,1011.7,69,2.7,8,0
15.5015,78.2453,Svalbard Lufthavn,SN99840,18.05.2024 04:00,-2,1010.9,68,2.6,24,0
15.5015,78.2453,Svalbard Lufthavn,SN99840,18.05.2024 05:00,-2,1010.4,67,1.4,323,0
15.5015,78.2453,Svalbard Lufthavn,SN99840,18.05.2024 06:00,-2,1010.1,71,1.8,340,0
15.5015,78.2453,Svalbard Lufthavn,SN99840,18.05.2024 07:00,-1.8,1009.8,68,2.1,331,0
15.5015,78.2453,Svalbard Lufthavn,SN99840,18.05.2024 08:00,-1.7,1009.5,67,2.1,294,0
15.5015,78.2453,Svalbard Lufthavn,SN99840,18.05.2024 09:00,-1.5,1009,67,4.4,9,0
15.5015,78.2453,Svalbard Lufthavn,SN99840,18.05.2024 10:00,-1.1,1008.9,58,5.3,3,0
15.5015,78.2453,Svalbard Lufthavn,SN99840,18.05.2024 11:00,-1,1008.5,61,2.1,333,0
15.5015,78.2453,Svalbard Lufthavn,SN99840,18.05.2024 12:00,-1.2,1008.3,60,2.4,317,0
15.5015,78.2453,Svalbard Lufthavn,SN99840,18.05.2024 13:00,-1.9,1008.2,62,2.3,299,0
15.5015,78.2453,Svalbard Lufthavn,SN99840,18.05.2024 14:00,-1.3,1007.8,60,2.5,347,0
15.5015,78.2453,Svalbard Lufthavn,SN99840,18.05.2024 15:00,-1.7,1007.5,60,4.2,343,0
15.5015,78.2453,Svalbard Lufthavn,SN99840,18.05.2024 16:00,-1.4,1007,58,4.2,4,0
15.5015,78.2453,Svalbard Lufthavn,SN99840,18.05.2024 17:00,-2.3,1006.6,76,4.5,104,0
15.5015,78.2453,Svalbard Lufthavn,SN99840,18.05.2024 18:00,-2.7,1006.2,72,4.7,108,0
15.5015,78.2453,Svalbard Lufthavn,SN99840,18.05.2024 19:00,-3.9,1006.2,84,5.5,100,0
15.5015,78.2453,Svalbard Lufthavn,SN99840,18.05.2024 20:00,-4.4,1006.2,84,5.3,102,0.1
15.5015,78.2453,Svalbard Lufthavn,SN99840,18.05.2024 21:00,-4.5,1006.2,80,5.1,103,0
15.5015,78.2453,Svalbard Lufthavn,SN99840,18.05.2024 22:00,-4.9,1006.3,80,5.6,116,0.1
15.5015,78.2453,Svalbard Lufthavn,SN99840,18.05.2024 23:00,-5.4,1006.4,83,6.9,115,0
15.5015,78.2453,Svalbard Lufthavn,SN99840,19.05.2024 00:00,-5.4,1006.2,79,5.4,110,0
15.5015,78.2453,Svalbard Lufthavn,SN99840,19.05.2024 01:00,-5.4,1006.2,79,5.5,118,0
15.5015,78.2453,Svalbard Lufthavn,SN99840,19.05.2024 02:00,-5.2,1006.4,72,5.2,106,0
15.5015,78.2453,Svalbard Lufthavn,SN99840,19.05.2024 03:00,-5.1,1006.2,69,5.8,109,0
15.5015,78.2453,Svalbard Lufthavn,SN99840,19.05.2024 04:00,-5.5,1006.2,73,5.2,112,0
15.5015,78.2453,Svalbard Lufthavn,SN99840,19.05.2024 05:00,-5.5,1006.1,69,4.5,107,0
15.5015,78.2453,Svalbard Lufthavn,SN99840,19.05.2024 06:00,-5.1,1006.2,66,4.5,113,0
15.5015,78.2453,Svalbard Lufthavn,SN99840,19.05.2024 07:00,-4.9,1006.5,63,4.1,102,0
15.5015,78.2453,Svalbard Lufthavn,SN99840,19.05.2024 08:00,-4.2,1006.6,62,3.9,102,0
15.5015,78.2453,Svalbard Lufthavn,SN99840,19.05.2024 09:00,-4.5,1006.6,62,5.3,110,0
15.5015,78.2453,Svalbard Lufthavn,SN99840,19.05.2024 10:00,-4.6,1006.8,62,4.7,110,0
15.5015,78.2453,Svalbard Lufthavn,SN99840,19.05.2024 11:00,-4.3,1007,57,4,101,0
15.5015,78.2453,Svalbard Lufthavn,SN99840,19.05.2024 12:00,-3.5,1007.2,50,4.3,46,0
15.5015,78.2453,Svalbard Lufthavn,SN99840,19.05.2024 13:00,-3.9,1007.3,50,4.2,39,0
15.5015,78.2453,Svalbard Lufthavn,SN99840,19.05.2024 14:00,-3.7,1007.5,49,3.9,89,0
15.5015,78.2453,Svalbard Lufthavn,SN99840,19.05.2024 15:00,-3.3,1007.7,46,4.5,44,0
15.5015,78.2453,Svalbard Lufthavn,SN99840,19.05.2024 16:00,-4,1007.8,49,3.7,63,0
15.5015,78.2453,Svalbard Lufthavn,SN99840,19.05.2024 17:00,-3.6,1007.9,54,3.9,74,0
15.5015,78.2453,Svalbard Lufthavn,SN99840,19.05.2024 18:00,-3.8,1008.1,55,3.3,91,0
15.5015,78.2453,Svalbard Lufthavn,SN99840,19.05.2024 19:00,-4.3,1008.4,55,3.8,134,0
15.5015,78.2453,Svalbard Lufthavn,SN99840,19.05.2024 20:00,-4.2,1008.8,55,2.6,143,0
15.5015,78.2453,Svalbard Lufthavn,SN99840,19.05.2024 21:00,-5.2,1009.1,57,2.8,119,0
15.5015,78.2453,Svalbard Lufthavn,SN99840,19.05.2024 22:00,-4.5,1009.3,54,2.6,118,0
15.5015,78.2453,Svalbard Lufthavn,SN99840,19.05.2024 23:00,-4.7,1009.9,54,2.8,97,0
15.5015,78.2453,Svalbard Lufthavn,SN99840,20.05.2024 00:00,-5.3,1010.1,56,1.5,124,0
15.5015,78.2453,Svalbard Lufthavn,SN99840,20.05.2024 01:00,-5.1,1010.5,56,1.1,91,0
15.5015,78.2453,Svalbard Lufthavn,SN99840,20.05.2024 02:00,-5.2,1011.2,59,2.4,108,0
15.5015,78.2453,Svalbard Lufthavn,SN99840,20.05.2024 03:00,-4.2,1011.6,55,2.6,83,0
15.5015,78.2453,Svalbard Lufthavn,SN99840,20.05.2024 04:00,-4.2,1011.8,62,5,15,0
15.5015,78.2453,Svalbard Lufthavn,SN99840,20.05.2024 05:00,-4,1012.2,61,3.6,358,0
15.5015,78.2453,Svalbard Lufthavn,SN99840,20.05.2024 06:00,-3.9,1012.5,59,2.8,5,0
15.5015,78.2453,Svalbard Lufthavn,SN99840,20.05.2024 07:00,-3.6,1012.8,53,2.5,340,0
15.5015,78.2453,Svalbard Lufthavn,SN99840,20.05.2024 08:00,-3.5,1013.2,54,2.2,325,0
15.5015,78.2453,Svalbard Lufthavn,SN99840,20.05.2024 09:00,-2.8,1013.7,52,1.9,350,0
15.5015,78.2453,Svalbard Lufthavn,SN99840,20.05.2024 10:00,-2.6,1014.2,52,5.7,329,0
15.5015,78.2453,Svalbard Lufthavn,SN99840,20.05.2024 11:00,-2.4,1014.5,53,6.3,332,0
15.5015,78.2453,Svalbard Lufthavn,SN99840,20.05.2024 12:00,-2.6,1015,57,6.2,327,0
15.5015,78.2453,Svalbard Lufthavn,SN99840,20.05.2024 13:00,-2.4,1015.4,57,4.7,350,0
15.5015,78.2453,Svalbard Lufthavn,SN99840,20.05.2024 14:00,-2.9,1015.8,58,3.1,12,0
15.5015,78.2453,Svalbard Lufthavn,SN99840,20.05.2024 15:00,-3.3,1016.1,62,5.2,334,0
15.5015,78.2453,Svalbard Lufthavn,SN99840,20.05.2024 16:00,-2.9,1016.4,58,4.9,334,0
15.5015,78.2453,Svalbard Lufthavn,SN99840,20.05.2024 17:00,-2.8,1016.4,53,5.7,329,0
15.5015,78.2453,Svalbard Lufthavn,SN99840,20.05.2024 18:00,-2.8,1016.6,55,5.3,334,0
15.5015,78.2453,Svalbard Lufthavn,SN99840,20.05.2024 19:00,-3,1016.9,49,4,352,0
15.5015,78.2453,Svalbard Lufthavn,SN99840,20.05.2024 20:00,-3.1,1017.4,53,3.7,347,0
15.5015,78.2453,Svalbard Lufthavn,SN99840,20.05.2024 21:00,-3.3,1017.7,50,4.8,351,0
15.5015,78.2453,Svalbard Lufthavn,SN99840,20.05.2024 22:00,-3.4,1018.1,47,4.2,353,0
15.5015,78.2453,Svalbard Lufthavn,SN99840,20.05.2024 23:00,-3.6,1018.6,54,6.3,323,0
15.5015,78.2453,Svalbard Lufthavn,SN99840,21.05.2024 00:00,-3.8,1018.9,54,3.9,349,0
15.5015,78.2453,Svalbard Lufthavn,SN99840,21.05.2024 01:00,-3.6,1019.1,54,3.8,356,0
15.5015,78.2453,Svalbard Lufthavn,SN99840,21.05.2024 02:00,-3.7,1019.5,57,4.9,336,0
15.5015,78.2453,Svalbard Lufthavn,SN99840,21.05.2024 03:00,-3.9,1019.6,55,5,325,0
15.5015,78.2453,Svalbard Lufthavn,SN99840,21.05.2024 04:00,-3.9,1019.7,51,4.8,339,0
15.5015,78.2453,Svalbard Lufthavn,SN99840,21.05.2024 05:00,-3.8,1019.7,56,5.4,339,0
15.5015,78.2453,Svalbard Lufthavn,SN99840,21.05.2024 06:00,-2.9,1020,55,4.6,331,0
15.5015,78.2453,Svalbard Lufthavn,SN99840,21.05.2024 07:00,-3.4,1020.3,51,5,303,0
15.5015,78.2453,Svalbard Lufthavn,SN99840,21.05.2024 08:00,-3.2,1020.5,49,4.3,286,0
15.5015,78.2453,Svalbard Lufthavn,SN99840,21.05.2024 09:00,-2.9,1020.6,45,5.9,291,0
15.5015,78.2453,Svalbard Lufthavn,SN99840,21.05.2024 10:00,-2.9,1020.8,46,5.1,272,0
15.5015,78.2453,Svalbard Lufthavn,SN99840,21.05.2024 11:00,-2.9,1020.5,60,6.8,249,0
15.5015,78.2453,Svalbard Lufthavn,SN99840,21.05.2024 12:00,-2.9,1020.8,55,6.5,276,0
15.5015,78.2453,Svalbard Lufthavn,SN99840,21.05.2024 13:00,-2.8,1021.2,64,6.3,284,0
15.5015,78.2453,Svalbard Lufthavn,SN99840,21.05.2024 14:00,-2.7,1021.3,53,7.7,284,0
15.5015,78.2453,Svalbard Lufthavn,SN99840,21.05.2024 15:00,-2.9,1021.4,63,6.4,264,0
15.5015,78.2453,Svalbard Lufthavn,SN99840,21.05.2024 16:00,-2.9,1021.3,68,7.2,247,0
15.5015,78.2453,Svalbard Lufthavn,SN99840,21.05.2024 17:00,-3.1,1021.3,69,7.2,268,0
15.5015,78.2453,Svalbard Lufthavn,SN99840,21.05.2024 18:00,-3.1,1021.5,64,7,286,0
15.5015,78.2453,Svalbard Lufthavn,SN99840,21.05.2024 19:00,-2.8,1021.8,63,6.2,278,0
15.5015,78.2453,Svalbard Lufthavn,SN99840,21.05.2024 20:00,-3,1021.8,62,5.5,259,0
15.5015,78.2453,Svalbard Lufthavn,SN99840,21.05.2024 21:00,-3.3,1022.2,66,6,262,0
15.5015,78.2453,Svalbard Lufthavn,SN99840,21.05.2024 22:00,-2.4,1022.3,61,5.4,261,0
15.5015,78.2453,Svalbard Lufthavn,SN99840,21.05.2024 23:00,-2.7,1022.6,64,4.7,245,0
15.5015,78.2453,Svalbard Lufthavn,SN99840,22.05.2024 00:00,-2.6,1022.6,64,5,254,0
15.5015,78.2453,Svalbard Lufthavn,SN99840,22.05.2024 01:00,-2.9,1022.8,69,5.5,313,0
15.5015,78.2453,Svalbard Lufthavn,SN99840,22.05.2024 02:00,-3.2,1023.2,67,6.2,307,0
15.5015,78.2453,Svalbard Lufthavn,SN99840,22.05.2024 03:00,-3.3,1023.5,66,5.4,315,0
15.5015,78.2453,Svalbard Lufthavn,SN99840,22.05.2024 04:00,-3.3,1023.7,65,3.6,296,0
15.5015,78.2453,Svalbard Lufthavn,SN99840,22.05.2024 05:00,-2.9,1023.9,62,4.1,289,0
15.5015,78.2453,Svalbard Lufthavn,SN99840,22.05.2024 06:00,-2.2,1023.8,59,3.7,254,0
15.5015,78.2453,Svalbard Lufthavn,SN99840,22.05.2024 07:00,-1.9,1023.7,59,4.2,231,0
15.5015,78.2453,Svalbard Lufthavn,SN99840,22.05.2024 08:00,-1.6,1024.1,58,4.3,233,0
15.5015,78.2453,Svalbard Lufthavn,SN99840,22.05.2024 09:00,-1,1024.4,54,4.4,221,0
15.5015,78.2453,Svalbard Lufthavn,SN99840,22.05.2024 10:00,-0.7,1024.6,55,3.8,239,0
15.5015,78.2453,Svalbard Lufthavn,SN99840,22.05.2024 11:00,-1,1025,54,2.8,235,0
15.5015,78.2453,Svalbard Lufthavn,SN99840,22.05.2024 12:00,-0.7,1025.2,56,2.6,268,0
15.5015,78.2453,Svalbard Lufthavn,SN99840,22.05.2024 13:00,-0.4,1025.4,53,2.1,256,0
15.5015,78.2453,Svalbard Lufthavn,SN99840,22.05.2024 14:00,-0.2,1025.4,55,1.6,263,0
15.5015,78.2453,Svalbard Lufthavn,SN99840,22.05.2024 15:00,-0.5,1025.1,51,1.8,267,0
15.5015,78.2453,Svalbard Lufthavn,SN99840,22.05.2024 16:00,-0.5,1024.9,55,2.3,333,0
15.5015,78.2453,Svalbard Lufthavn,SN99840,22.05.2024 17:00,-0.4,1024.5,53,2.5,353,0
15.5015,78.2453,Svalbard Lufthavn,SN99840,22.05.2024 18:00,-0.3,1024.3,51,3.3,357,0
15.5015,78.2453,Svalbard Lufthavn,SN99840,22.05.2024 19:00,-0.7,1024.1,56,1.4,13,0
15.5015,78.2453,Svalbard Lufthavn,SN99840,22.05.2024 20:00,-1.2,1024.3,56,3.6,134,0
15.5015,78.2453,Svalbard Lufthavn,SN99840,22.05.2024 21:00,-1.1,1023.9,56,2,163,0
15.5015,78.2453,Svalbard Lufthavn,SN99840,22.05.2024 22:00,-1.4,1023.7,58,3,116,0
15.5015,78.2453,Svalbard Lufthavn,SN99840,22.05.2024 23:00,-1.7,1023.1,60,4.6,119,0
15.5015,78.2453,Svalbard Lufthavn,SN99840,23.05.2024 00:00,-1.6,1022.4,55,4.7,116,0
15.5015,78.2453,Svalbard Lufthavn,SN99840,23.05.2024 01:00,-1.6,1021.7,54,3.7,132,0
15.5015,78.2453,Svalbard Lufthavn,SN99840,23.05.2024 02:00,-1.4,1021,51,4.5,130,0
15.5015,78.2453,Svalbard Lufthavn,SN99840,23.05.2024 03:00,-1.5,1020.3,52,3.8,127,0
15.5015,78.2453,Svalbard Lufthavn,SN99840,23.05.2024 04:00,-1.3,1019.8,55,4.4,123,0
15.5015,78.2453,Svalbard Lufthavn,SN99840,23.05.2024 05:00,-1.4,1018.7,54,7.2,105,0
15.5015,78.2453,Svalbard Lufthavn,SN99840,23.05.2024 06:00,-1.3,1018.1,54,6,113,0
15.5015,78.2453,Svalbard Lufthavn,SN99840,23.05.2024 07:00,-1.2,1017.7,56,6.1,108,0
15.5015,78.2453,Svalbard Lufthavn,SN99840,23.05.2024 08:00,-1.8,1016.9,65,7.5,96,0
15.5015,78.2453,Svalbard Lufthavn,SN99840,23.05.2024 09:00,-3,1016.2,84,8.8,100,0
15.5015,78.2453,Svalbard Lufthavn,SN99840,23.05.2024 10:00,-2.3,1015.2,80,9.6,107,0
15.5015,78.2453,Svalbard Lufthavn,SN99840,23.05.2024 11:00,-2.1,1014.1,81,9.8,105,0
15.5015,78.2453,Svalbard Lufthavn,SN99840,23.05.2024 12:00,-1.8,1012.9,76,9.2,114,0
15.5015,78.2453,Svalbard Lufthavn,SN99840,23.05.2024 13:00,-1.6,1011.4,81,9.8,110,0
15.5015,78.2453,Svalbard Lufthavn,SN99840,23.05.2024 14:00,-1.1,1010,75,9.4,119,0
15.5015,78.2453,Svalbard Lufthavn,SN99840,23.05.2024 15:00,-1,1008.5,76,10.2,119,0
15.5015,78.2453,Svalbard Lufthavn,SN99840,23.05.2024 16:00,-0.1,1006.9,69,9.3,118,0
15.5015,78.2453,Svalbard Lufthavn,SN99840,23.05.2024 17:00,-0.1,1005.7,66,9.8,123,0
15.5015,78.2453,Svalbard Lufthavn,SN99840,23.05.2024 18:00,-1.2,1004.5,73,11.3,118,0
15.5015,78.2453,Svalbard Lufthavn,SN99840,23.05.2024 19:00,-2,1003.8,80,11.2,118,0
15.5015,78.2453,Svalbard Lufthavn,SN99840,23.05.2024 20:00,-3,1002.7,86,13.6,111,0
15.5015,78.2453,Svalbard Lufthavn,SN99840,23.05.2024 21:00,-3.6,1001.7,91,13.7,107,0.1
15.5015,78.2453,Svalbard Lufthavn,SN99840,23.05.2024 22:00,-2.9,1000.7,79,12.2,113,0
15.5015,78.2453,Svalbard Lufthavn,SN99840,23.05.2024 23:00,-3.2,1000.1,84,9.9,115,0
15.5015,78.2453,Svalbard Lufthavn,SN99840,24.05.2024 00:00,-3.4,999.4,78,9.8,112,0
15.5015,78.2453,Svalbard Lufthavn,SN99840,24.05.2024 01:00,-3.2,999.2,75,8.6,114,0
15.5015,78.2453,Svalbard Lufthavn,SN99840,24.05.2024 02:00,-3.7,999.2,78,7.4,113,0
15.5015,78.2453,Svalbard Lufthavn,SN99840,24.05.2024 03:00,-3.2,999.3,71,7.6,107,0
15.5015,78.2453,Svalbard Lufthavn,SN99840,24.05.2024 04:00,-3.5,999.5,75,7.2,119,0
15.5015,78.2453,Svalbard Lufthavn,SN99840,24.05.2024 05:00,-2.9,999.9,65,7.4,95,0
15.5015,78.2453,Svalbard Lufthavn,SN99840,24.05.2024 06:00,-2.6,1000.5,62,7.9,103,0
15.5015,78.2453,Svalbard Lufthavn,SN99840,24.05.2024 07:00,-2.5,1001,63,5.8,101,0
15.5015,78.2453,Svalbard Lufthavn,SN99840,24.05.2024 08:00,-2,1002.1,65,5.6,100,0
15.5015,78.2453,Svalbard Lufthavn,SN99840,24.05.2024 09:00,-1.8,1003.1,63,4.3,57,0
15.5015,78.2453,Svalbard Lufthavn,SN99840,24.05.2024 10:00,-1.6,1004,65,4.7,113,0
15.5015,78.2453,Svalbard Lufthavn,SN99840,24.05.2024 11:00,-1.3,1005,63,2.3,63,0
15.5015,78.2453,Svalbard Lufthavn,SN99840,24.05.2024 12:00,-1.3,1006.2,61,1.8,24,0
15.5015,78.2453,Svalbard Lufthavn,SN99840,24.05.2024 13:00,-1,1007.1,61,1.8,315,0
15.5015,78.2453,Svalbard Lufthavn,SN99840,24.05.2024 14:00,-1.3,1007.9,64,3.9,253,0
15.5015,78.2453,Svalbard Lufthavn,SN99840,24.05.2024 15:00,-1.6,1009,67,4.8,337,0
15.5015,78.2453,Svalbard Lufthavn,SN99840,24.05.2024 16:00,-1.6,1009.8,65,2.5,337,0
15.5015,78.2453,Svalbard Lufthavn,SN99840,24.05.2024 17:00,-2,1010.5,65,2.4,314,0
15.5015,78.2453,Svalbard Lufthavn,SN99840,24.05.2024 18:00,-2.2,1010.8,62,2.2,294,0
15.5015,78.2453,Svalbard Lufthavn,SN99840,24.05.2024 19:00,-2.1,1011.4,63,1.9,290,0
15.5015,78.2453,Svalbard Lufthavn,SN99840,24.05.2024 20:00,-2.4,1012.1,62,2.8,338,0
15.5015,78.2453,Svalbard Lufthavn,SN99840,24.05.2024 21:00,-2.6,1012.6,60,4.7,320,0
15.5015,78.2453,Svalbard Lufthavn,SN99840,24.05.2024 22:00,-2.9,1012.9,61,6.2,321,0
15.5015,78.2453,Svalbard Lufthavn,SN99840,24.05.2024 23:00,-3.3,1013.5,61,7.4,317,0
15.5015,78.2453,Svalbard Lufthavn,SN99840,25.05.2024 00:00,-3.4,1013.9,66,9.4,310,0
15.5015,78.2453,Svalbard Lufthavn,SN99840,25.05.2024 01:00,-3.2,1014.6,63,7.1,292,0
15.5015,78.2453,Svalbard Lufthavn,SN99840,25.05.2024 02:00,-3.2,1015.2,61,6.4,275,0
15.5015,78.2453,Svalbard Lufthavn,SN99840,25.05.2024 03:00,-3.3,1015.5,67,8.8,280,0
15.5015,78.2453,Svalbard Lufthavn,SN99840,25.05.2024 04:00,-3.3,1015.9,69,7.5,264,0
15.5015,78.2453,Svalbard Lufthavn,SN99840,25.05.2024 05:00,-3.7,1016.2,66,8,264,0
15.5015,78.2453,Svalbard Lufthavn,SN99840,25.05.2024 06:00,-2.7,1016.3,69,8.6,250,0
15.5015,78.2453,Svalbard Lufthavn,SN99840,25.05.2024 07:00,-2.3,1016.5,68,9.3,248,0
15.5015,78.2453,Svalbard Lufthavn,SN99840,25.05.2024 08:00,-1.9,1016.5,70,10.5,254,0
15.5015,78.2453,Svalbard Lufthavn,SN99840,25.05.2024 09:00,-2.4,1016.8,69,8.6,235,0
15.5015,78.2453,Svalbard Lufthavn,SN99840,25.05.2024 10:00,-2.4,1016.7,73,8.8,235,0
15.5015,78.2453,Svalbard Lufthavn,SN99840,25.05.2024 11:00,-1.7,1016.3,80,10.3,247,0
15.5015,78.2453,Svalbard Lufthavn,SN99840,25.05.2024 12:00,-1.6,1016.2,78,11.2,235,0
15.5015,78.2453,Svalbard Lufthavn,SN99840,25.05.2024 13:00,-1.5,1015.9,82,11,249,0
15.5015,78.2453,Svalbard Lufthavn,SN99840,25.05.2024 14:00,-1.4,1015.4,81,11.3,238,0
15.5015,78.2453,Svalbard Lufthavn,SN99840,25.05.2024 15:00,-1.6,1015.3,86,12.5,245,0
15.5015,78.2453,Svalbard Lufthavn,SN99840,25.05.2024 16:00,-1.8,1015.1,85,10.3,240,0
15.5015,78.2453,Svalbard Lufthavn,SN99840,25.05.2024 17:00,-1.1,1014.4,80,10.2,235,0
15.5015,78.2453,Svalbard Lufthavn,SN99840,25.05.2024 18:00,-1,1013.2,84,8.4,237,0.1
15.5015,78.2453,Svalbard Lufthavn,SN99840,25.05.2024 19:00,-0.8,1012.6,85,9.8,237,0.4
15.5015,78.2453,Svalbard Lufthavn,SN99840,25.05.2024 20:00,-0.6,1011.9,84,10.8,238,0.6
15.5015,78.2453,Svalbard Lufthavn,SN99840,25.05.2024 21:00,-0.3,1011.2,80,10.8,230,0
15.5015,78.2453,Svalbard Lufthavn,SN99840,25.05.2024 22:00,-0.3,1011,83,10.5,235,0
15.5015,78.2453,Svalbard Lufthavn,SN99840,25.05.2024 23:00,-0.3,1010.6,83,10.1,231,0
15.5015,78.2453,Svalbard Lufthavn,SN99840,26.05.2024 00:00,-0.2,1010,79,10.4,229,0
15.5015,78.2453,Svalbard Lufthavn,SN99840,26.05.2024 01:00,-0.3,1009.3,81,10.1,233,0
15.5015,78.2453,Svalbard Lufthavn,SN99840,26.05.2024 02:00,-0.1,1009.3,78,7.8,237,0
15.5015,78.2453,Svalbard Lufthavn,SN99840,26.05.2024 03:00,-0.2,1009.2,78,9.2,234,0
15.5015,78.2453,Svalbard Lufthavn,SN99840,26.05.2024 04:00,-0.2,1009.3,77,9.6,236,0
15.5015,78.2453,Svalbard Lufthavn,SN99840,26.05.2024 05:00,-0.4,1009.2,74,9.6,234,0
15.5015,78.2453,Svalbard Lufthavn,SN99840,26.05.2024 06:00,-0.7,1009.6,73,6.3,293,0
15.5015,78.2453,Svalbard Lufthavn,SN99840,26.05.2024 07:00,-1.1,1010,72,7,292,0
15.5015,78.2453,Svalbard Lufthavn,SN99840,26.05.2024 08:00,-1.9,1010.3,71,7.5,310,0
15.5015,78.2453,Svalbard Lufthavn,SN99840,26.05.2024 09:00,-2.4,1011.1,67,10,306,0
15.5015,78.2453,Svalbard Lufthavn,SN99840,26.05.2024 10:00,-1.9,1011.9,63,9.9,285,0
15.5015,78.2453,Svalbard Lufthavn,SN99840,26.05.2024 11:00,-1.9,1011.9,65,9,269,0
15.5015,78.2453,Svalbard Lufthavn,SN99840,26.05.2024 12:00,-1.8,1012.3,67,9.3,258,0
15.5015,78.2453,Svalbard Lufthavn,SN99840,26.05.2024 13:00,-1.7,1013,70,9.2,252,0
15.5015,78.2453,Svalbard Lufthavn,SN99840,26.05.2024 14:00,-1.8,1013.1,68,7.2,253,0
15.5015,78.2453,Svalbard Lufthavn,SN99840,26.05.2024 15:00,-1.7,1013.5,65,7.4,261,0
15.5015,78.2453,Svalbard Lufthavn,SN99840,26.05.2024 16:00,-1.2,1013.3,61,9.5,245,0
15.5015,78.2453,Svalbard Lufthavn,SN99840,26.05.2024 17:00,-1.5,1013.8,71,8.7,266,0
15.5015,78.2453,Svalbard Lufthavn,SN99840,26.05.2024 18:00,-1.9,1014.3,62,9.7,314,0
15.5015,78.2453,Svalbard Lufthavn,SN99840,26.05.2024 19:00,-2.2,1015.1,52,9.1,286,0
15.5015,78.2453,Svalbard Lufthavn,SN99840,26.05.2024 20:00,-2.6,1015.6,59,9.6,287,0
15.5015,78.2453,Svalbard Lufthavn,SN99840,26.05.2024 21:00,-2.5,1016.2,59,10.3,276,0
15.5015,78.2453,Svalbard Lufthavn,SN99840,26.05.2024 22:00,-3.1,1016.1,62,7.4,260,0
15.5015,78.2453,Svalbard Lufthavn,SN99840,26.05.2024 23:00,-2.9,1016.3,61,8.3,272,0
15.5015,78.2453,Svalbard Lufthavn,SN99840,27.05.2024 00:00,-2.4,1016.5,59,7.8,272,0
15.5015,78.2453,Svalbard Lufthavn,SN99840,27.05.2024 01:00,-3.5,1016.7,67,7.5,274,0
15.5015,78.2453,Svalbard Lufthavn,SN99840,27.05.2024 02:00,-2.4,1017,59,6.4,274,0
15.5015,78.2453,Svalbard Lufthavn,SN99840,27.05.2024 03:00,-2.4,1017.4,61,5.7,296,0
15.5015,78.2453,Svalbard Lufthavn,SN99840,27.05.2024 04:00,-2.6,1017.6,56,4.5,291,0
15.5015,78.2453,Svalbard Lufthavn,SN99840,27.05.2024 05:00,-1.6,1017.6,55,4.3,287,0
15.5015,78.2453,Svalbard Lufthavn,SN99840,27.05.2024 06:00,-1.9,1017.8,57,4.6,275,0
15.5015,78.2453,Svalbard Lufthavn,SN99840,27.05.2024 07:00,-1.7,1018.4,58,4.3,287,0
15.5015,78.2453,Svalbard Lufthavn,SN99840,27.05.2024 08:00,-1.5,1018.5,52,3.6,324,0
15.5015,78.2453,Svalbard Lufthavn,SN99840,27.05.2024 09:00,-1.2,1018.6,54,3.6,305,0
15.5015,78.2453,Svalbard Lufthavn,SN99840,27.05.2024 10:00,-1.2,1018.8,55,2.6,318,0
15.5015,78.2453,Svalbard Lufthavn,SN99840,27.05.2024 11:00,-0.4,1019.1,49,1.6,211,0
15.5015,78.2453,Svalbard Lufthavn,SN99840,27.05.2024 12:00,-0.9,1019.1,53,2.4,257,0
15.5015,78.2453,Svalbard Lufthavn,SN99840,27.05.2024 13:00,-1.2,1019.3,55,3.2,264,0
15.5015,78.2453,Svalbard Lufthavn,SN99840,27.05.2024 14:00,-1.2,1019.5,56,2.4,262,0
15.5015,78.2453,Svalbard Lufthavn,SN99840,27.05.2024 15:00,-0.7,1019.4,55,2.3,272,0
15.5015,78.2453,Svalbard Lufthavn,SN99840,27.05.2024 16:00,-0.3,1019.6,52,2,291,0
15.5015,78.2453,Svalbard Lufthavn,SN99840,27.05.2024 17:00,-0.9,1019.4,54,2.3,8,0
15.5015,78.2453,Svalbard Lufthavn,SN99840,27.05.2024 18:00,-0.3,1019,53,1.4,309,0
15.5015,78.2453,Svalbard Lufthavn,SN99840,27.05.2024 19:00,-1,1019,58,2,3,0
15.5015,78.2453,Svalbard Lufthavn,SN99840,27.05.2024 20:00,-1.1,1018.7,57,2.6,6,0
15.5015,78.2453,Svalbard Lufthavn,SN99840,27.05.2024 21:00,-1,1018.8,53,1,143,0
15.5015,78.2453,Svalbard Lufthavn,SN99840,27.05.2024 22:00,-1.1,1018.7,54,4,111,0
15.5015,78.2453,Svalbard Lufthavn,SN99840,27.05.2024 23:00,-1.2,1018.6,59,5.9,104,0
15.5015,78.2453,Svalbard Lufthavn,SN99840,28.05.2024 00:00,-1.1,1018,60,7.3,110,0
15.5015,78.2453,Svalbard Lufthavn,SN99840,28.05.2024 01:00,-1.1,1017.7,60,7.8,105,0
15.5015,78.2453,Svalbard Lufthavn,SN99840,28.05.2024 02:00,-0.9,1017.5,58,3.1,119,0
15.5015,78.2453,Svalbard Lufthavn,SN99840,28.05.2024 03:00,-0.7,1017.2,57,6,111,0
15.5015,78.2453,Svalbard Lufthavn,SN99840,28.05.2024 04:00,-0.5,1016.9,62,5.8,125,0
15.5015,78.2453,Svalbard Lufthavn,SN99840,28.05.2024 05:00,-0.9,1016.8,74,6,117,0
15.5015,78.2453,Svalbard Lufthavn,SN99840,28.05.2024 06:00,-1,1016.3,80,6.2,132,0
15.5015,78.2453,Svalbard Lufthavn,SN99840,28.05.2024 07:00,-0.5,1016.2,80,7.2,124,0
15.5015,78.2453,Svalbard Lufthavn,SN99840,28.05.2024 08:00,-0.1,1016.3,82,9,120,0
15.5015,78.2453,Svalbard Lufthavn,SN99840,28.05.2024 09:00,0,1016.4,85,8.5,120,0
15.5015,78.2453,Svalbard Lufthavn,SN99840,28.05.2024 10:00,0.5,1016.5,83,8.2,119,0
15.5015,78.2453,Svalbard Lufthavn,SN99840,28.05.2024 11:00,1,1016.5,83,7.9,110,0
15.5015,78.2453,Svalbard Lufthavn,SN99840,28.05.2024 12:00,1.7,1016.7,77,2.3,208,0
15.5015,78.2453,Svalbard Lufthavn,SN99840,28.05.2024 13:00,2.6,1017.1,77,1.9,231,0
15.5015,78.2453,Svalbard Lufthavn,SN99840,28.05.2024 14:00,2.5,1017.2,79,1.3,252,0
15.5015,78.2453,Svalbard Lufthavn,SN99840,28.05.2024 15:00,2.7,1017.4,79,1.7,150,0
15.5015,78.2453,Svalbard Lufthavn,SN99840,28.05.2024 16:00,3.4,1017.5,75,2,260,0
15.5015,78.2453,Svalbard Lufthavn,SN99840,28.05.2024 17:00,2.1,1017.6,87,2.4,309,0
15.5015,78.2453,Svalbard Lufthavn,SN99840,28.05.2024 18:00,1.5,1017.8,85,1,32,0
15.5015,78.2453,Svalbard Lufthavn,SN99840,28.05.2024 19:00,1.4,1017.8,87,1.1,92,0
15.5015,78.2453,Svalbard Lufthavn,SN99840,28.05.2024 20:00,1.6,1017.7,86,0.4,357,0
15.5015,78.2453,Svalbard Lufthavn,SN99840,28.05.2024 21:00,1.3,1017.7,89,0.4,262,0
15.5015,78.2453,Svalbard Lufthavn,SN99840,28.05.2024 22:00,1.8,1017.6,85,0.8,267,0
15.5015,78.2453,Svalbard Lufthavn,SN99840,28.05.2024 23:00,2.5,1017.7,81,0.7,191,0
15.5015,78.2453,Svalbard Lufthavn,SN99840,29.05.2024 00:00,2.5,1017.7,84,0.4,226,0
15.5015,78.2453,Svalbard Lufthavn,SN99840,29.05.2024 01:00,1.8,1017.6,88,0.7,108,0
15.5015,78.2453,Svalbard Lufthavn,SN99840,29.05.2024 02:00,2.1,1017.4,87,3.1,88,0
15.5015,78.2453,Svalbard Lufthavn,SN99840,29.05.2024 03:00,3.1,1017.2,82,2.7,146,0
15.5015,78.2453,Svalbard Lufthavn,SN99840,29.05.2024 04:00,3.6,1016.9,82,2,138,0
15.5015,78.2453,Svalbard Lufthavn,SN99840,29.05.2024 05:00,4.1,1016.8,82,1,77,0
15.5015,78.2453,Svalbard Lufthavn,SN99840,29.05.2024 06:00,5,1016.7,78,2,277,0
15.5015,78.2453,Svalbard Lufthavn,SN99840,29.05.2024 07:00,2,1016.8,88,1.3,260,0
15.5015,78.2453,Svalbard Lufthavn,SN99840,29.05.2024 08:00,3.7,1016.8,82,1,223,0
15.5015,78.2453,Svalbard Lufthavn,SN99840,29.05.2024 09:00,2.7,1016.8,85,1.1,301,0
15.5015,78.2453,Svalbard Lufthavn,SN99840,29.05.2024 10:00,4.2,1016.7,81,0,0,0
15.5015,78.2453,Svalbard Lufthavn,SN99840,29.05.2024 11:00,3.3,1016.9,84,1.2,359,0
15.5015,78.2453,Svalbard Lufthavn,SN99840,29.05.2024 12:00,4.5,1016.8,85,0.7,290,0
15.5015,78.2453,Svalbard Lufthavn,SN99840,29.05.2024 13:00,4.4,1016.7,88,2.1,7,0
15.5015,78.2453,Svalbard Lufthavn,SN99840,29.05.2024 14:00,3.2,1016.6,92,1.3,22,0
15.5015,78.2453,Svalbard Lufthavn,SN99840,29.05.2024 15:00,3.2,1016.5,90,1.6,1,0
15.5015,78.2453,Svalbard Lufthavn,SN99840,29.05.2024 16:00,3.2,1016.5,91,1.7,17,0
15.5015,78.2453,Svalbard Lufthavn,SN99840,29.05.2024 17:00,3.5,1016.2,91,1.2,12,0
15.5015,78.2453,Svalbard Lufthavn,SN99840,29.05.2024 18:00,3.3,1016.1,93,1.6,47,0
15.5015,78.2453,Svalbard Lufthavn,SN99840,29.05.2024 19:00,4.2,1015.6,91,1.7,92,0
15.5015,78.2453,Svalbard Lufthavn,SN99840,29.05.2024 20:00,3.6,1015.6,91,2,68,0
15.5015,78.2453,Svalbard Lufthavn,SN99840,29.05.2024 21:00,4.2,1015.3,90,1.2,62,0
15.5015,78.2453,Svalbard Lufthavn,SN99840,29.05.2024 22:00,4.4,1015.1,88,1.6,46,0
15.5015,78.2453,Svalbard Lufthavn,SN99840,29.05.2024 23:00,3.9,1014.7,88,1,36,0
15.5015,78.2453,Svalbard Lufthavn,SN99840,30.05.2024 00:00,4.7,1014.2,85,1.2,49,0
15.5015,78.2453,Svalbard Lufthavn,SN99840,30.05.2024 01:00,3.1,1014.1,92,3.3,257,0
15.5015,78.2453,Svalbard Lufthavn,SN99840,30.05.2024 02:00,1.8,1013.8,95,2.7,280,0
15.5015,78.2453,Svalbard Lufthavn,SN99840,30.05.2024 03:00,1.6,1013.6,95,1.8,257,0
15.5015,78.2453,Svalbard Lufthavn,SN99840,30.05.2024 04:00,1.8,1013.2,96,2.7,260,0
15.5015,78.2453,Svalbard Lufthavn,SN99840,30.05.2024 05:00,2,1012.8,96,1.2,278,0
15.5015,78.2453,Svalbard Lufthavn,SN99840,30.05.2024 06:00,2.1,1012.4,96,2.8,265,0
15.5015,78.2453,Svalbard Lufthavn,SN99840,30.05.2024 07:00,3.2,1012.3,93,3.4,256,0
15.5015,78.2453,Svalbard Lufthavn,SN99840,30.05.2024 08:00,3,1012.4,91,4.8,244,0
15.5015,78.2453,Svalbard Lufthavn,SN99840,30.05.2024 09:00,2.5,1012.1,92,1.1,255,0
15.5015,78.2453,Svalbard Lufthavn,SN99840,30.05.2024 10:00,4.3,1012.5,86,2.2,260,0
15.5015,78.2453,Svalbard Lufthavn,SN99840,30.05.2024 11:00,2.8,1012.7,92,1.2,20,0
15.5015,78.2453,Svalbard Lufthavn,SN99840,30.05.2024 12:00,2.4,1012.8,93,1.6,293,0
15.5015,78.2453,Svalbard Lufthavn,SN99840,30.05.2024 13:00,3.2,1012.6,94,1.4,258,0.1
15.5015,78.2453,Svalbard Lufthavn,SN99840,30.05.2024 14:00,3.9,1012.6,90,3.5,250,0
15.5015,78.2453,Svalbard Lufthavn,SN99840,30.05.2024 15:00,3.1,1012.9,91,4.4,254,0
15.5015,78.2453,Svalbard Lufthavn,SN99840,30.05.2024 16:00,4.3,1013.1,85,2.5,241,0
15.5015,78.2453,Svalbard Lufthavn,SN99840,30.05.2024 17:00,3,1013.2,91,2.5,80,0
15.5015,78.2453,Svalbard Lufthavn,SN99840,30.05.2024 18:00,3.3,1012.9,91,1.6,53,0
15.5015,78.2453,Svalbard Lufthavn,SN99840,30.05.2024 19:00,3.9,1012.7,84,1.9,273,0
15.5015,78.2453,Svalbard Lufthavn,SN99840,30.05.2024 20:00,3.3,1012.5,85,2.2,260,0
15.5015,78.2453,Svalbard Lufthavn,SN99840,30.05.2024 21:00,3.8,1012.9,86,1.8,259,0
15.5015,78.2453,Svalbard Lufthavn,SN99840,30.05.2024 22:00,4.2,1012.6,86,2,241,0
15.5015,78.2453,Svalbard Lufthavn,SN99840,30.05.2024 23:00,3.8,1011.9,85,1.6,44,0.8
15.5015,78.2453,Svalbard Lufthavn,SN99840,31.05.2024 00:00,3.6,1011.5,84,1.8,260,0
15.5015,78.2453,Svalbard Lufthavn,SN99840,31.05.2024 01:00,3.6,1011.3,87,2.4,198,0
15.5015,78.2453,Svalbard Lufthavn,SN99840,31.05.2024 02:00,4,1010.9,85,3,154,0
15.5015,78.2453,Svalbard Lufthavn,SN99840,31.05.2024 03:00,4.9,1010.5,83,3.2,247,0
15.5015,78.2453,Svalbard Lufthavn,SN99840,31.05.2024 04:00,5.2,1009.9,81,3,242,0
15.5015,78.2453,Svalbard Lufthavn,SN99840,31.05.2024 05:00,8,1009.5,72,3.1,249,0
15.5015,78.2453,Svalbard Lufthavn,SN99840,31.05.2024 06:00,7.2,1008.8,74,9.3,142,0
15.5015,78.2453,Svalbard Lufthavn,SN99840,31.05.2024 07:00,7,1008.4,74,5.8,176,0
15.5015,78.2453,Svalbard Lufthavn,SN99840,31.05.2024 08:00,6.9,1008.5,73,10,137,0
15.5015,78.2453,Svalbard Lufthavn,SN99840,31.05.2024 09:00,7.5,1008.4,71,10.1,132,0
15.5015,78.2453,Svalbard Lufthavn,SN99840,31.05.2024 10:00,8,1008.1,73,9.1,126,0
15.5015,78.2453,Svalbard Lufthavn,SN99840,31.05.2024 11:00,7.3,1008.5,72,1.8,262,0
15.5015,78.2453,Svalbard Lufthavn,SN99840,31.05.2024 12:00,7.4,1008.5,72,8.6,147,0
15.5015,78.2453,Svalbard Lufthavn,SN99840,31.05.2024 13:00,5.7,1008,78,7.8,154,0
15.5015,78.2453,Svalbard Lufthavn,SN99840,31.05.2024 14:00,6.8,1008.5,74,5.5,127,0
15.5015,78.2453,Svalbard Lufthavn,SN99840,31.05.2024 15:00,5.6,1008.9,81,2.2,278,0
15.5015,78.2453,Svalbard Lufthavn,SN99840,31.05.2024 16:00,5.6,1010,82,3.8,264,0
15.5015,78.2453,Svalbard Lufthavn,SN99840,31.05.2024 17:00,5.8,1010.7,83,6,238,0
15.5015,78.2453,Svalbard Lufthavn,SN99840,31.05.2024 18:00,4.3,1011.6,88,4.6,266,0
15.5015,78.2453,Svalbard Lufthavn,SN99840,31.05.2024 19:00,3.6,1012.6,90,2.2,305,0
15.5015,78.2453,Svalbard Lufthavn,SN99840,31.05.2024 20:00,4.1,1013.3,84,6.5,245,0
15.5015,78.2453,Svalbard Lufthavn,SN99840,31.05.2024 21:00,4.8,1013.9,81,5.1,254,0
15.5015,78.2453,Svalbard Lufthavn,SN99840,31.05.2024 22:00,3.7,1014.4,84,5.7,234,0
15.5015,78.2453,Svalbard Lufthavn,SN99840,31.05.2024 23:00,3.7,1014.9,85,2.7,312,0
15.5015,78.2453,Svalbard Lufthavn,SN99840,01.06.2024 00:00,3.1,1015.4,85,1.1,185,0
15.5015,78.2453,Svalbard Lufthavn,SN99840,01.06.2024 01:00,3.1,1015.4,86,2.6,254,0
15.5015,78.2453,Svalbard Lufthavn,SN99840,01.06.2024 02:00,2.7,1015.6,87,1.3,86,0
15.5015,78.2453,Svalbard Lufthavn,SN99840,01.06.2024 03:00,2.9,1015.8,86,1.1,43,0
15.5015,78.2453,Svalbard Lufthavn,SN99840,01.06.2024 04:00,3.1,1015.7,86,2.4,55,0
15.5015,78.2453,Svalbard Lufthavn,SN99840,01.06.2024 05:00,3.1,1015.3,88,4.8,91,0
15.5015,78.2453,Svalbard Lufthavn,SN99840,01.06.2024 06:00,3.2,1015.5,88,2.8,117,0
15.5015,78.2453,Svalbard Lufthavn,SN99840,01.06.2024 07:00,4.3,1015.6,84,3.3,237,0
15.5015,78.2453,Svalbard Lufthavn,SN99840,01.06.2024 08:00,4.7,1015.6,80,3,254,0
15.5015,78.2453,Svalbard Lufthavn,SN99840,01.06.2024 09:00,6,1015.8,74,2,269,0
15.5015,78.2453,Svalbard Lufthavn,SN99840,01.06.2024 10:00,5.4,1015.5,79,4.7,94,0
15.5015,78.2453,Svalbard Lufthavn,SN99840,01.06.2024 11:00,7.1,1015.2,66,3.3,8,0
15.5015,78.2453,Svalbard Lufthavn,SN99840,01.06.2024 12:00,7.5,1014.8,64,2.2,34,0
15.5015,78.2453,Svalbard Lufthavn,SN99840,01.06.2024 13:00,6.5,1014.9,73,0.6,273,0
15.5015,78.2453,Svalbard Lufthavn,SN99840,01.06.2024 14:00,4.8,1015,80,2.3,277,0
15.5015,78.2453,Svalbard Lufthavn,SN99840,01.06.2024 15:00,3,1015.3,87,3.9,277,0
15.5015,78.2453,Svalbard Lufthavn,SN99840,01.06.2024 16:00,2.8,1015.2,87,1,79,0
15.5015,78.2453,Svalbard Lufthavn,SN99840,01.06.2024 17:00,3.9,1014.9,85,2.1,86,0
15.5015,78.2453,Svalbard Lufthavn,SN99840,01.06.2024 18:00,6.1,1014.8,77,1.7,266,0
15.5015,78.2453,Svalbard Lufthavn,SN99840,01.06.2024 19:00,6,1014.6,78,0.9,86,0
15.5015,78.2453,Svalbard Lufthavn,SN99840,01.06.2024 20:00,6.1,1014.4,76,1,191,0
15.5015,78.2453,Svalbard Lufthavn,SN99840,01.06.2024 21:00,4.9,1014.3,84,2.6,272,0
15.5015,78.2453,Svalbard Lufthavn,SN99840,01.06.2024 22:00,3.1,1014.2,84,1.4,329,0
15.5015,78.2453,Svalbard Lufthavn,SN99840,01.06.2024 23:00,3.3,1014.1,85,1.7,290,0
15.5015,78.2453,Svalbard Lufthavn,SN99840,02.06.2024 00:00,4.9,1013.7,84,1.2,9,0
15.5015,78.2453,Svalbard Lufthavn,SN99840,02.06.2024 01:00,3.4,1013.3,88,2.2,244,0
15.5015,78.2453,Svalbard Lufthavn,SN99840,02.06.2024 02:00,2.9,1013.2,88,2,233,0
15.5015,78.2453,Svalbard Lufthavn,SN99840,02.06.2024 03:00,3.5,1013.1,84,2.1,234,0
15.5015,78.2453,Svalbard Lufthavn,SN99840,02.06.2024 04:00,3.6,1012.9,84,0.9,235,0
15.5015,78.2453,Svalbard Lufthavn,SN99840,02.06.2024 05:00,4.2,1012.3,85,3.6,102,0
15.5015,78.2453,Svalbard Lufthavn,SN99840,02.06.2024 06:00,4.8,1012.2,82,1.8,248,0
15.5015,78.2453,Svalbard Lufthavn,SN99840,02.06.2024 07:00,4,1011.9,84,1.7,266,0
15.5015,78.2453,Svalbard Lufthavn,SN99840,02.06.2024 08:00,5.2,1011.7,80,1.9,250,0
15.5015,78.2453,Svalbard Lufthavn,SN99840,02.06.2024 09:00,4,1011.5,85,1.8,250,0
15.5015,78.2453,Svalbard Lufthavn,SN99840,02.06.2024 10:00,4.9,1011.1,84,0.9,251,0
15.5015,78.2453,Svalbard Lufthavn,SN99840,02.06.2024 11:00,3.9,1010.9,86,2.5,246,0
15.5015,78.2453,Svalbard Lufthavn,SN99840,02.06.2024 12:00,4.2,1010.8,85,1.7,253,0
15.5015,78.2453,Svalbard Lufthavn,SN99840,02.06.2024 13:00,4.3,1010.7,84,1.7,256,0
15.5015,78.2453,Svalbard Lufthavn,SN99840,02.06.2024 14:00,6.6,1009.9,76,2,277,0.1
15.5015,78.2453,Svalbard Lufthavn,SN99840,02.06.2024 15:00,6.3,1009.5,78,2.7,150,0
15.5015,78.2453,Svalbard Lufthavn,SN99840,02.06.2024 16:00,6,1009,80,1.6,253,0
15.5015,78.2453,Svalbard Lufthavn,SN99840,02.06.2024 17:00,6.1,1008.5,79,1.7,255,0.2
15.5015,78.2453,Svalbard Lufthavn,SN99840,02.06.2024 18:00,6.3,1007.9,75,2,244,0
15.5015,78.2453,Svalbard Lufthavn,SN99840,02.06.2024 19:00,5.9,1007.4,77,2.2,260,0
15.5015,78.2453,Svalbard Lufthavn,SN99840,02.06.2024 20:00,5.9,1007.2,76,5.8,138,0
15.5015,78.2453,Svalbard Lufthavn,SN99840,02.06.2024 21:00,5.5,1006.9,78,1.4,228,0.2
15.5015,78.2453,Svalbard Lufthavn,SN99840,02.06.2024 22:00,5.4,1006.4,78,3.8,131,0
15.5015,78.2453,Svalbard Lufthavn,SN99840,02.06.2024 23:00,5.3,1006.3,78,4.7,90,0.1
15.5015,78.2453,Svalbard Lufthavn,SN99840,03.06.2024 00:00,5.2,1005.8,77,6.4,122,0
15.5015,78.2453,Svalbard Lufthavn,SN99840,03.06.2024 01:00,5.1,1005.1,76,4.3,145,0
15.5015,78.2453,Svalbard Lufthavn,SN99840,03.06.2024 02:00,5.4,1005,76,1.9,238,0
15.5015,78.2453,Svalbard Lufthavn,SN99840,03.06.2024 03:00,5.4,1004.9,77,4.9,113,0
15.5015,78.2453,Svalbard Lufthavn,SN99840,03.06.2024 04:00,5.6,1004.5,76,3.5,170,0
15.5015,78.2453,Svalbard Lufthavn,SN99840,03.06.2024 05:00,6.4,1004.5,74,2.8,259,0
15.5015,78.2453,Svalbard Lufthavn,SN99840,03.06.2024 06:00,6,1004.3,76,2.1,275,0
15.5015,78.2453,Svalbard Lufthavn,SN99840,03.06.2024 07:00,5.9,1004.2,74,2.1,268,0
15.5015,78.2453,Svalbard Lufthavn,SN99840,03.06.2024 08:00,5.9,1004.1,74,4.1,180,0
15.5015,78.2453,Svalbard Lufthavn,SN99840,03.06.2024 09:00,6.3,1004.2,73,4.2,165,0
15.5015,78.2453,Svalbard Lufthavn,SN99840,03.06.2024 10:00,8.2,1004.3,67,5.3,154,0
15.5015,78.2453,Svalbard Lufthavn,SN99840,03.06.2024 11:00,6.8,1004.6,72,8,138,0
15.5015,78.2453,Svalbard Lufthavn,SN99840,03.06.2024 12:00,7.2,1004.6,72,8.9,157,0
15.5015,78.2453,Svalbard Lufthavn,SN99840,03.06.2024 13:00,7,1004.7,73,7.2,129,0
15.5015,78.2453,Svalbard Lufthavn,SN99840,03.06.2024 14:00,7.2,1005,73,9.1,138,0
15.5015,78.2453,Svalbard Lufthavn,SN99840,03.06.2024 15:00,6.7,1005.2,78,7.9,149,0
15.5015,78.2453,Svalbard Lufthavn,SN99840,03.06.2024 16:00,6.7,1005.5,78,2.6,246,0
15.5015,78.2453,Svalbard Lufthavn,SN99840,03.06.2024 17:00,6.8,1005.9,75,8,147,0.1
15.5015,78.2453,Svalbard Lufthavn,SN99840,03.06.2024 18:00,6.5,1006,76,8.4,145,0
15.5015,78.2453,Svalbard Lufthavn,SN99840,03.06.2024 19:00,6.3,1006.7,78,6.9,130,0
15.5015,78.2453,Svalbard Lufthavn,SN99840,03.06.2024 20:00,6.4,1007.4,78,7.2,140,0.4
15.5015,78.2453,Svalbard Lufthavn,SN99840,03.06.2024 21:00,6.3,1007.3,76,8,128,0
15.5015,78.2453,Svalbard Lufthavn,SN99840,03.06.2024 22:00,6.4,1007.7,77,8.4,132,0
15.5015,78.2453,Svalbard Lufthavn,SN99840,03.06.2024 23:00,5.9,1008.5,78,10.5,128,0
15.5015,78.2453,Svalbard Lufthavn,SN99840,04.06.2024 00:00,5.8,1008.9,78,10.5,121,0
15.5015,78.2453,Svalbard Lufthavn,SN99840,04.06.2024 01:00,6,1009.2,76,9.5,128,0.1
15.5015,78.2453,Svalbard Lufthavn,SN99840,04.06.2024 02:00,6,1009.8,76,9.4,125,1.4
15.5015,78.2453,Svalbard Lufthavn,SN99840,04.06.2024 03:00,5.6,1010.4,77,9.7,119,0.2
15.5015,78.2453,Svalbard Lufthavn,SN99840,04.06.2024 04:00,5.4,1010.8,76,10.4,121,0
15.5015,78.2453,Svalbard Lufthavn,SN99840,04.06.2024 05:00,4.5,1011.4,79,10.6,117,0.2
15.5015,78.2453,Svalbard Lufthavn,SN99840,04.06.2024 06:00,4.5,1011.8,77,9.8,119,0.9
15.5015,78.2453,Svalbard Lufthavn,SN99840,04.06.2024 07:00,4.9,1011.3,73,15,115,0.3
15.5015,78.2453,Svalbard Lufthavn,SN99840,04.06.2024 08:00,5,1012.1,70,13.6,118,0
15.5015,78.2453,Svalbard Lufthavn,SN99840,04.06.2024 09:00,4.6,1012.4,71,14.6,119,0
15.5015,78.2453,Svalbard Lufthavn,SN99840,04.06.2024 10:00,4.7,1013.4,73,15.2,120,0
15.5015,78.2453,Svalbard Lufthavn,SN99840,04.06.2024 11:00,4.6,1013,72,15,121,0
15.5015,78.2453,Svalbard Lufthavn,SN99840,04.06.2024 12:00,5.2,1014,72,10.8,118,0
15.5015,78.2453,Svalbard Lufthavn,SN99840,04.06.2024 13:00,5.5,1014.3,71,10.4,112,0
15.5015,78.2453,Svalbard Lufthavn,SN99840,04.06.2024 14:00,5.7,1014.5,69,10.4,124,0
15.5015,78.2453,Svalbard Lufthavn,SN99840,04.06.2024 15:00,5.6,1014.4,66,8.4,114,0
15.5015,78.2453,Svalbard Lufthavn,SN99840,04.06.2024 16:00,5.1,1014.4,66,10.4,128,0
15.5015,78.2453,Svalbard Lufthavn,SN99840,04.06.2024 17:00,4,1014.3,72,13.2,114,0
15.5015,78.2453,Svalbard Lufthavn,SN99840,04.06.2024 18:00,3.8,1015.1,70,10.5,106,0
15.5015,78.2453,Svalbard Lufthavn,SN99840,04.06.2024 19:00,3.4,1015.5,71,11.4,100,0
15.5015,78.2453,Svalbard Lufthavn,SN99840,04.06.2024 20:00,2.8,1015.5,71,14.7,109,0
15.5015,78.2453,Svalbard Lufthavn,SN99840,04.06.2024 21:00,2.8,1015.4,69,15.2,108,0
15.5015,78.2453,Svalbard Lufthavn,SN99840,04.06.2024 22:00,3.1,1014.6,70,18.6,123,0
15.5015,78.2453,Svalbard Lufthavn,SN99840,04.06.2024 23:00,3.2,1015,70,12.4,115,0
15.5015,78.2453,Svalbard Lufthavn,SN99840,05.06.2024 00:00,3.2,1015.5,70,14.7,114,0
15.5015,78.2453,Svalbard Lufthavn,SN99840,05.06.2024 01:00,3.1,1016,73,14.2,113,0
15.5015,78.2453,Svalbard Lufthavn,SN99840,05.06.2024 02:00,3.7,1015.9,71,12.9,112,0
15.5015,78.2453,Svalbard Lufthavn,SN99840,05.06.2024 03:00,3.6,1016.1,72,13.5,111,0
15.5015,78.2453,Svalbard Lufthavn,SN99840,05.06.2024 04:00,4.1,1017.1,70,10.9,117,0
15.5015,78.2453,Svalbard Lufthavn,SN99840,05.06.2024 05:00,4.3,1017.6,72,10.2,113,0
15.5015,78.2453,Svalbard Lufthavn,SN99840,05.06.2024 06:00,3.9,1018.1,74,9.6,115,0
15.5015,78.2453,Svalbard Lufthavn,SN99840,05.06.2024 07:00,4.1,1018.6,75,10.6,108,0
15.5015,78.2453,Svalbard Lufthavn,SN99840,05.06.2024 08:00,3.7,1019.3,75,10.4,117,0
15.5015,78.2453,Svalbard Lufthavn,SN99840,05.06.2024 09:00,3.9,1019.7,72,9,127,0
15.5015,78.2453,Svalbard Lufthavn,SN99840,05.06.2024 10:00,3.1,1020.4,76,8.5,117,0
15.5015,78.2453,Svalbard Lufthavn,SN99840,05.06.2024 11:00,3.2,1020.5,77,9.8,108,0
15.5015,78.2453,Svalbard Lufthavn,SN99840,05.06.2024 12:00,3.6,1021.1,72,7.6,124,0
15.5015,78.2453,Svalbard Lufthavn,SN99840,05.06.2024 13:00,3.4,1021.5,73,9,130,0
15.5015,78.2453,Svalbard Lufthavn,SN99840,05.06.2024 14:00,3.4,1021.8,75,7.8,126,0
15.5015,78.2453,Svalbard Lufthavn,SN99840,05.06.2024 15:00,3.5,1022.3,73,6.7,121,0
15.5015,78.2453,Svalbard Lufthavn,SN99840,05.06.2024 16:00,3.1,1022.4,77,8.1,118,0.1
15.5015,78.2453,Svalbard Lufthavn,SN99840,05.06.2024 17:00,3,1022.6,76,7.3,125,0.1
15.5015,78.2453,Svalbard Lufthavn,SN99840,05.06.2024 18:00,3,1022.5,75,6.9,127,0
15.5015,78.2453,Svalbard Lufthavn,SN99840,05.06.2024 19:00,2.4,1022.7,81,5.4,103,0.2
15.5015,78.2453,Svalbard Lufthavn,SN99840,05.06.2024 20:00,2.3,1023.1,82,2.4,237,0.4
15.5015,78.2453,Svalbard Lufthavn,SN99840,05.06.2024 21:00,2.8,1023.3,80,2.3,248,0
15.5015,78.2453,Svalbard Lufthavn,SN99840,05.06.2024 22:00,2.6,1023.1,77,2,249,0
15.5015,78.2453,Svalbard Lufthavn,SN99840,05.06.2024 23:00,2.6,1023,74,2,256,0
15.5015,78.2453,Svalbard Lufthavn,SN99840,06.06.2024 00:00,2.4,1022.9,76,7.3,100,0
15.5015,78.2453,Svalbard Lufthavn,SN99840,06.06.2024 01:00,2.2,1022.9,75,3,265,0
15.5015,78.2453,Svalbard Lufthavn,SN99840,06.06.2024 02:00,2.1,1022.9,74,1.1,308,0
15.5015,78.2453,Svalbard Lufthavn,SN99840,06.06.2024 03:00,2.5,1022.6,73,5.8,116,0
15.5015,78.2453,Svalbard Lufthavn,SN99840,06.06.2024 04:00,1.9,1022.5,75,6,122,0
15.5015,78.2453,Svalbard Lufthavn,SN99840,06.06.2024 05:00,2.2,1022,72,6.9,98,0
15.5015,78.2453,Svalbard Lufthavn,SN99840,06.06.2024 06:00,2.9,1021.8,66,2.7,174,0
15.5015,78.2453,Svalbard Lufthavn,SN99840,06.06.2024 07:00,3.6,1021.7,70,2.9,286,0
15.5015,78.2453,Svalbard Lufthavn,SN99840,06.06.2024 08:00,3.7,1021.7,70,1.9,313,0
15.5015,78.2453,Svalbard Lufthavn,SN99840,06.06.2024 09:00,4.5,1021.9,67,3.1,281,0
15.5015,78.2453,Svalbard Lufthavn,SN99840,06.06.2024 10:00,4.1,1022.1,78,3.4,272,0
15.5015,78.2453,Svalbard Lufthavn,SN99840,06.06.2024 11:00,4.1,1022.1,71,1.7,267,0
15.5015,78.2453,Svalbard Lufthavn,SN99840,06.06.2024 12:00,5.2,1022,65,1.8,264,0
15.5015,78.2453,Svalbard Lufthavn,SN99840,06.06.2024 13:00,5.8,1021.6,67,2.7,265,0
15.5015,78.2453,Svalbard Lufthavn,SN99840,06.06.2024 14:00,6.4,1021.4,68,6.2,253,0
15.5015,78.2453,Svalbard Lufthavn,SN99840,06.06.2024 15:00,6.5,1021.4,68,5.6,259,0
15.5015,78.2453,Svalbard Lufthavn,SN99840,06.06.2024 16:00,5.6,1021.4,67,5.5,251,0
15.5015,78.2453,Svalbard Lufthavn,SN99840,06.06.2024 17:00,5.4,1021.3,71,6.3,247,0
15.5015,78.2453,Svalbard Lufthavn,SN99840,06.06.2024 18:00,5.7,1021.5,73,5.6,252,0
15.5015,78.2453,Svalbard Lufthavn,SN99840,06.06.2024 19:00,5.8,1021.6,70,4.3,254,0
15.5015,78.2453,Svalbard Lufthavn,SN99840,06.06.2024 20:00,4.5,1021.4,73,1.5,285,0
15.5015,78.2453,Svalbard Lufthavn,SN99840,06.06.2024 21:00,4.7,1021.8,73,4.4,267,0
15.5015,78.2453,Svalbard Lufthavn,SN99840,06.06.2024 22:00,3.4,1021.4,80,0.9,274,0
15.5015,78.2453,Svalbard Lufthavn,SN99840,06.06.2024 23:00,4.6,1021.6,59,4.6,259,0
15.5015,78.2453,Svalbard Lufthavn,SN99840,07.06.2024 00:00,5.6,1021.5,59,1.5,294,0
15.5015,78.2453,Svalbard Lufthavn,SN99840,07.06.2024 01:00,4.5,1021.4,62,1.8,250,0
15.5015,78.2453,Svalbard Lufthavn,SN99840,07.06.2024 02:00,4.1,1021.2,65,6.5,95,0
15.5015,78.2453,Svalbard Lufthavn,SN99840,07.06.2024 03:00,4.5,1020.8,62,1.5,255,0
15.5015,78.2453,Svalbard Lufthavn,SN99840,07.06.2024 04:00,3.8,1020.5,68,4.2,262,0
15.5015,78.2453,Svalbard Lufthavn,SN99840,07.06.2024 05:00,4.3,1020.5,66,2.2,271,0
15.5015,78.2453,Svalbard Lufthavn,SN99840,07.06.2024 06:00,5.7,1020.2,58,2.4,64,0
15.5015,78.2453,Svalbard Lufthavn,SN99840,07.06.2024 07:00,6.4,1020,62,2.6,320,0
15.5015,78.2453,Svalbard Lufthavn,SN99840,07.06.2024 08:00,6.5,1020.1,62,2.6,259,0
15.5015,78.2453,Svalbard Lufthavn,SN99840,07.06.2024 09:00,6.8,1020.1,58,5.4,253,0
15.5015,78.2453,Svalbard Lufthavn,SN99840,07.06.2024 10:00,7.3,1020.4,57,3.8,261,0
15.5015,78.2453,Svalbard Lufthavn,SN99840,07.06.2024 11:00,6.4,1020.5,69,5.3,257,0
15.5015,78.2453,Svalbard Lufthavn,SN99840,07.06.2024 12:00,6.8,1020.5,62,4.4,260,0
15.5015,78.2453,Svalbard Lufthavn,SN99840,07.06.2024 13:00,7.1,1020.7,58,2.8,252,0
15.5015,78.2453,Svalbard Lufthavn,SN99840,07.06.2024 14:00,6.9,1020.8,58,3.6,274,0
15.5015,78.2453,Svalbard Lufthavn,SN99840,07.06.2024 15:00,7.5,1020.7,60,3.8,255,0
15.5015,78.2453,Svalbard Lufthavn,SN99840,07.06.2024 16:00,7.3,1020.5,58,2.8,262,0
15.5015,78.2453,Svalbard Lufthavn,SN99840,07.06.2024 17:00,7.4,1020.4,59,3.5,263,0
15.5015,78.2453,Svalbard Lufthavn,SN99840,07.06.2024 18:00,7.8,1020.4,57,3.6,264,0
15.5015,78.2453,Svalbard Lufthavn,SN99840,07.06.2024 19:00,7.9,1020.6,57,2,264,0
15.5015,78.2453,Svalbard Lufthavn,SN99840,07.06.2024 20:00,6.9,1020.7,59,3.2,255,0
15.5015,78.2453,Svalbard Lufthavn,SN99840,07.06.2024 21:00,6.5,1020.8,64,3,261,0
15.5015,78.2453,Svalbard Lufthavn,SN99840,07.06.2024 22:00,6.3,1021,64,1.1,287,0
15.5015,78.2453,Svalbard Lufthavn,SN99840,07.06.2024 23:00,7,1021.1,62,2,37,0
15.5015,78.2453,Svalbard Lufthavn,SN99840,08.06.2024 00:00,6.3,1021.1,65,3.3,19,0
15.5015,78.2453,Svalbard Lufthavn,SN99840,08.06.2024 01:00,6.3,1021,62,2.5,18,0
15.5015,78.2453,Svalbard Lufthavn,SN99840,08.06.2024 02:00,6.1,1020.8,65,3.5,21,0
15.5015,78.2453,Svalbard Lufthavn,SN99840,08.06.2024 03:00,6.2,1020.8,67,4.5,12,0
15.5015,78.2453,Svalbard Lufthavn,SN99840,08.06.2024 04:00,5.9,1020.8,62,2.8,17,0
15.5015,78.2453,Svalbard Lufthavn,SN99840,08.06.2024 05:00,5.7,1020.7,64,3.4,12,0
15.5015,78.2453,Svalbard Lufthavn,SN99840,08.06.2024 06:00,5.5,1020.3,66,3.4,7,0
15.5015,78.2453,Svalbard Lufthavn,SN99840,08.06.2024 07:00,5.5,1020.1,68,3.5,253,0
15.5015,78.2453,Svalbard Lufthavn,SN99840,08.06.2024 08:00,4.8,1020,73,2.3,254,0
15.5015,78.2453,Svalbard Lufthavn,SN99840,08.06.2024 09:00,5.2,1019.6,67,2.7,336,0
15.5015,78.2453,Svalbard Lufthavn,SN99840,08.06.2024 10:00,5.6,1019.2,65,2.8,5,0
15.5015,78.2453,Svalbard Lufthavn,SN99840,08.06.2024 11:00,6.5,1019,60,4.1,355,0
15.5015,78.2453,Svalbard Lufthavn,SN99840,08.06.2024 12:00,5.5,1018.8,68,5.6,359,0
15.5015,78.2453,Svalbard Lufthavn,SN99840,08.06.2024 13:00,5.5,1018.4,65,4,1,0
15.5015,78.2453,Svalbard Lufthavn,SN99840,08.06.2024 14:00,5.4,1018.1,67,4.7,357,0
15.5015,78.2453,Svalbard Lufthavn,SN99840,08.06.2024 15:00,4.6,1017.8,73,3.8,357,0
15.5015,78.2453,Svalbard Lufthavn,SN99840,08.06.2024 16:00,4.5,1017.5,70,2.5,341,0
15.5015,78.2453,Svalbard Lufthavn,SN99840,08.06.2024 17:00,4.7,1017,70,4.4,360,0
15.5015,78.2453,Svalbard Lufthavn,SN99840,08.06.2024 18:00,4.6,1016.5,71,4.5,6,0
15.5015,78.2453,Svalbard Lufthavn,SN99840,08.06.2024 19:00,3.9,1016.3,73,1.8,214,0
15.5015,78.2453,Svalbard Lufthavn,SN99840,08.06.2024 20:00,3.9,1016.1,72,5.2,4,0
15.5015,78.2453,Svalbard Lufthavn,SN99840,08.06.2024 21:00,3.3,1015.8,73,5.5,6,0
15.5015,78.2453,Svalbard Lufthavn,SN99840,08.06.2024 22:00,3.4,1015.7,77,4.9,4,0
15.5015,78.2453,Svalbard Lufthavn,SN99840,08.06.2024 23:00,3.6,1015.6,75,3.2,250,0
15.5015,78.2453,Svalbard Lufthavn,SN99840,09.06.2024 00:00,2.7,1015.3,75,5.2,102,0
15.5015,78.2453,Svalbard Lufthavn,SN99840,09.06.2024 01:00,2.4,1015.4,73,6.7,105,0
15.5015,78.2453,Svalbard Lufthavn,SN99840,09.06.2024 02:00,2.3,1015.3,70,4.6,107,0
15.5015,78.2453,Svalbard Lufthavn,SN99840,09.06.2024 03:00,2.2,1015.2,70,5.8,104,0
15.5015,78.2453,Svalbard Lufthavn,SN99840,09.06.2024 04:00,2.4,1015,70,6.5,147,0
15.5015,78.2453,Svalbard Lufthavn,SN99840,09.06.2024 05:00,2.1,1014.9,68,8.3,123,0
15.5015,78.2453,Svalbard Lufthavn,SN99840,09.06.2024 06:00,2.1,1014.8,71,7.1,132,0
15.5015,78.2453,Svalbard Lufthavn,SN99840,09.06.2024 07:00,2.1,1015.1,68,6.7,118,0
15.5015,78.2453,Svalbard Lufthavn,SN99840,09.06.2024 08:00,1.8,1015.2,69,7.5,118,0
15.5015,78.2453,Svalbard Lufthavn,SN99840,09.06.2024 09:00,2.2,1015.4,68,6.7,118,0
15.5015,78.2453,Svalbard Lufthavn,SN99840,09.06.2024 10:00,2.6,1015.3,66,6.9,123,0
15.5015,78.2453,Svalbard Lufthavn,SN99840,09.06.2024 11:00,3.8,1015.5,62,7,111,0
15.5015,78.2453,Svalbard Lufthavn,SN99840,09.06.2024 12:00,3.4,1015.9,60,6.3,119,0
15.5015,78.2453,Svalbard Lufthavn,SN99840,09.06.2024 13:00,4.2,1015.9,58,6.4,149,0
15.5015,78.2453,Svalbard Lufthavn,SN99840,09.06.2024 14:00,4,1016.1,58,5.7,147,0
15.5015,78.2453,Svalbard Lufthavn,SN99840,09.06.2024 15:00,4.3,1016.2,58,4.2,112,0
15.5015,78.2453,Svalbard Lufthavn,SN99840,09.06.2024 16:00,4.5,1016.4,58,5.6,112,0
15.5015,78.2453,Svalbard Lufthavn,SN99840,09.06.2024 17:00,3.6,1016.6,63,7.1,103,0
15.5015,78.2453,Svalbard Lufthavn,SN99840,09.06.2024 18:00,3,1016.5,67,5.7,94,0
15.5015,78.2453,Svalbard Lufthavn,SN99840,09.06.2024 19:00,3.2,1016.7,64,6.2,103,0
15.5015,78.2453,Svalbard Lufthavn,SN99840,09.06.2024 20:00,3,1016.5,63,6.3,122,0
15.5015,78.2453,Svalbard Lufthavn,SN99840,09.06.2024 21:00,2.9,1016.6,64,5.5,102,0
15.5015,78.2453,Svalbard Lufthavn,SN99840,09.06.2024 22:00,2.7,1016.6,67,5.7,100,0
15.5015,78.2453,Svalbard Lufthavn,SN99840,09.06.2024 23:00,2.9,1016.8,68,5.1,103,0
15.5015,78.2453,Svalbard Lufthavn,SN99840,10.06.2024 00:00,2.5,1016.7,75,4.8,91,0
15.5015,78.2453,Svalbard Lufthavn,SN99840,10.06.2024 01:00,2.3,1016.7,78,5,102,0
15.5015,78.2453,Svalbard Lufthavn,SN99840,10.06.2024 02:00,2.4,1016.5,81,3,41,0
15.5015,78.2453,Svalbard Lufthavn,SN99840,10.06.2024 03:00,3.9,1016,72,3.7,66,0
15.5015,78.2453,Svalbard Lufthavn,SN99840,10.06.2024 04:00,5.1,1015.6,65,3.1,352,0
15.5015,78.2453,Svalbard Lufthavn,SN99840,10.06.2024 05:00,3.1,1015.5,78,3.3,35,0
15.5015,78.2453,Svalbard Lufthavn,SN99840,10.06.2024 06:00,4.7,1015.2,68,1.7,40,0
15.5015,78.2453,Svalbard Lufthavn,SN99840,10.06.2024 07:00,5.1,1015,67,1,336,0
15.5015,78.2453,Svalbard Lufthavn,SN99840,10.06.2024 08:00,7.6,1014.7,60,2.2,254,0
15.5015,78.2453,Svalbard Lufthavn,SN99840,10.06.2024 09:00,7.3,1014.6,61,3,11,0
15.5015,78.2453,Svalbard Lufthavn,SN99840,10.06.2024 10:00,7.6,1014.6,61,5.6,359,0
15.5015,78.2453,Svalbard Lufthavn,SN99840,10.06.2024 11:00,9.6,1014.2,49,5,360,0
15.5015,78.2453,Svalbard Lufthavn,SN99840,10.06.2024 12:00,9.5,1013.7,51,4.1,336,0
15.5015,78.2453,Svalbard Lufthavn,SN99840,10.06.2024 13:00,7.4,1013.5,64,1.6,246,0
15.5015,78.2453,Svalbard Lufthavn,SN99840,10.06.2024 14:00,6,1013.2,67,1.7,287,0
15.5015,78.2453,Svalbard Lufthavn,SN99840,10.06.2024 15:00,7.4,1012.8,59,2.9,355,0
15.5015,78.2453,Svalbard Lufthavn,SN99840,10.06.2024 16:00,7.6,1012.5,59,1.7,272,0
15.5015,78.2453,Svalbard Lufthavn,SN99840,10.06.2024 17:00,6.9,1012.1,60,1.5,347,0
15.5015,78.2453,Svalbard Lufthavn,SN99840,10.06.2024 18:00,6.8,1011.6,62,1.3,320,0
15.5015,78.2453,Svalbard Lufthavn,SN99840,10.06.2024 19:00,7.4,1011,57,2.7,6,0
15.5015,78.2453,Svalbard Lufthavn,SN99840,10.06.2024 20:00,6.6,1010.6,61,1.4,359,0
15.5015,78.2453,Svalbard Lufthavn,SN99840,10.06.2024 21:00,6,1010.2,64,2.1,350,0
15.5015,78.2453,Svalbard Lufthavn,SN99840,10.06.2024 22:00,5.5,1009.7,64,2.8,338,0
15.5015,78.2453,Svalbard Lufthavn,SN99840,10.06.2024 23:00,5.5,1009.3,66,1.6,276,0
15.5015,78.2453,Svalbard Lufthavn,SN99840,11.06.2024 00:00,4,1008.9,75,2.9,258,0
15.5015,78.2453,Svalbard Lufthavn,SN99840,11.06.2024 01:00,3.8,1008.2,77,2,250,0
15.5015,78.2453,Svalbard Lufthavn,SN99840,11.06.2024 02:00,3.9,1007.7,75,2.3,239,0
15.5015,78.2453,Svalbard Lufthavn,SN99840,11.06.2024 03:00,4.5,1007.2,72,1.4,262,0
15.5015,78.2453,Svalbard Lufthavn,SN99840,11.06.2024 04:00,4.6,1006.7,70,1.9,348,0
15.5015,78.2453,Svalbard Lufthavn,SN99840,11.06.2024 05:00,4.4,1006.3,79,5.5,247,0
15.5015,78.2453,Svalbard Lufthavn,SN99840,11.06.2024 06:00,5,1005.8,71,5.8,247,0
15.5015,78.2453,Svalbard Lufthavn,SN99840,11.06.2024 07:00,4.4,1005.8,82,5.9,251,0
15.5015,78.2453,Svalbard Lufthavn,SN99840,11.06.2024 08:00,4.5,1005.6,81,5.8,251,0
15.5015,78.2453,Svalbard Lufthavn,SN99840,11.06.2024 09:00,4.7,1005.5,79,6.5,252,0
15.5015,78.2453,Svalbard Lufthavn,SN99840,11.06.2024 10:00,5.7,1005.2,74,8,250,0
15.5015,78.2453,Svalbard Lufthavn,SN99840,11.06.2024 11:00,5.5,1005.2,74,8.3,248,0
15.5015,78.2453,Svalbard Lufthavn,SN99840,11.06.2024 12:00,5.2,1005.2,77,8.1,245,0
15.5015,78.2453,Svalbard Lufthavn,SN99840,11.06.2024 13:00,5.8,1005.3,73,8.2,244,0
15.5015,78.2453,Svalbard Lufthavn,SN99840,11.06.2024 14:00,6.7,1005.1,70,9.2,245,0
15.5015,78.2453,Svalbard Lufthavn,SN99840,11.06.2024 15:00,6.7,1005.1,65,8.8,241,0
15.5015,78.2453,Svalbard Lufthavn,SN99840,11.06.2024 16:00,6.1,1005.1,71,8.7,239,0
15.5015,78.2453,Svalbard Lufthavn,SN99840,11.06.2024 17:00,5,1005.2,76,7.9,240,0
15.5015,78.2453,Svalbard Lufthavn,SN99840,11.06.2024 18:00,4.4,1005.4,76,6.5,248,0
15.5015,78.2453,Svalbard Lufthavn,SN99840,11.06.2024 19:00,4.5,1005.6,76,6.6,241,0
15.5015,78.2453,Svalbard Lufthavn,SN99840,11.06.2024 20:00,3.6,1006,78,6.4,238,0
15.5015,78.2453,Svalbard Lufthavn,SN99840,11.06.2024 21:00,3.4,1006.1,82,4.6,246,0.2
15.5015,78.2453,Svalbard Lufthavn,SN99840,11.06.2024 22:00,2.8,1006.4,88,4.3,258,0.1
15.5015,78.2453,Svalbard Lufthavn,SN99840,11.06.2024 23:00,2.6,1006.5,88,2.9,291,0
15.5015,78.2453,Svalbard Lufthavn,SN99840,12.06.2024 00:00,2.8,1006.6,90,3.8,254,0
15.5015,78.2453,Svalbard Lufthavn,SN99840,12.06.2024 01:00,3,1006.5,88,2.6,90,0
15.5015,78.2453,Svalbard Lufthavn,SN99840,12.06.2024 02:00,4.2,1006.3,81,2.9,253,0
15.5015,78.2453,Svalbard Lufthavn,SN99840,12.06.2024 03:00,3.8,1006.4,82,6.7,244,0
15.5015,78.2453,Svalbard Lufthavn,SN99840,12.06.2024 04:00,3.9,1006.3,82,4.9,231,0
15.5015,78.2453,Svalbard Lufthavn,SN99840,12.06.2024 05:00,4.3,1006.5,78,6.4,242,0
15.5015,78.2453,Svalbard Lufthavn,SN99840,12.06.2024 06:00,5.4,1006.4,69,6.6,245,0
15.5015,78.2453,Svalbard Lufthavn,SN99840,12.06.2024 07:00,4.9,1006.4,71,7.4,232,0
15.5015,78.2453,Svalbard Lufthavn,SN99840,12.06.2024 08:00,4.1,1006.3,72,9.2,232,0
15.5015,78.2453,Svalbard Lufthavn,SN99840,12.06.2024 09:00,4.1,1006.6,71,9.6,217,0
15.5015,78.2453,Svalbard Lufthavn,SN99840,12.06.2024 10:00,3.9,1007,71,9.2,215,0
15.5015,78.2453,Svalbard Lufthavn,SN99840,12.06.2024 11:00,3.9,1007.4,72,9.5,226,0
15.5015,78.2453,Svalbard Lufthavn,SN99840,12.06.2024 12:00,3.8,1007,74,10.5,230,0
15.5015,78.2453,Svalbard Lufthavn,SN99840,12.06.2024 13:00,3.6,1008,78,9.2,231,0
15.5015,78.2453,Svalbard Lufthavn,SN99840,12.06.2024 14:00,3.6,1008.3,78,9.1,233,0
15.5015,78.2453,Svalbard Lufthavn,SN99840,12.06.2024 15:00,3.4,1008.6,83,9,230,0
15.5015,78.2453,Svalbard Lufthavn,SN99840,12.06.2024 16:00,3,1008.8,86,10.8,234,0
15.5015,78.2453,Svalbard Lufthavn,SN99840,12.06.2024 17:00,3.2,1008.6,82,11.3,232,0
15.5015,78.2453,Svalbard Lufthavn,SN99840,12.06.2024 18:00,3.4,1008.7,78,9.8,228,0
15.5015,78.2453,Svalbard Lufthavn,SN99840,12.06.2024 19:00,2.9,1009.3,81,10.1,224,0
15.5015,78.2453,Svalbard Lufthavn,SN99840,12.06.2024 20:00,2.7,1009.9,82,6.6,214,0
15.5015,78.2453,Svalbard Lufthavn,SN99840,12.06.2024 21:00,2.6,1009.9,75,9.1,220,0
15.5015,78.2453,Svalbard Lufthavn,SN99840,12.06.2024 22:00,2.4,1009.8,79,10,213,0
15.5015,78.2453,Svalbard Lufthavn,SN99840,12.06.2024 23:00,3.1,1010,71,9.5,234,0
15.5015,78.2453,Svalbard Lufthavn,SN99840,13.06.2024 00:00,2.9,1010.3,74,8.7,231,0
15.5015,78.2453,Svalbard Lufthavn,SN99840,13.06.2024 01:00,2.7,1010.3,79,7.9,238,0
15.5015,78.2453,Svalbard Lufthavn,SN99840,13.06.2024 02:00,2.4,1010.3,81,6.4,229,0
15.5015,78.2453,Svalbard Lufthavn,SN99840,13.06.2024 03:00,2.7,1010.2,77,8.9,230,0
15.5015,78.2453,Svalbard Lufthavn,SN99840,13.06.2024 04:00,3,1009.9,78,9.1,223,0
15.5015,78.2453,Svalbard Lufthavn,SN99840,13.06.2024 05:00,3,1010.1,78,9.3,233,0
15.5015,78.2453,Svalbard Lufthavn,SN99840,13.06.2024 06:00,3,1010.2,77,9.7,232,0
15.5015,78.2453,Svalbard Lufthavn,SN99840,13.06.2024 07:00,3.2,1010.5,77,9.8,233,0
15.5015,78.2453,Svalbard Lufthavn,SN99840,13.06.2024 08:00,3.2,1010.6,82,9.4,237,0
15.5015,78.2453,Svalbard Lufthavn,SN99840,13.06.2024 09:00,3.3,1010.8,79,7.3,231,0
15.5015,78.2453,Svalbard Lufthavn,SN99840,13.06.2024 10:00,2.7,1011,87,7.3,230,0
15.5015,78.2453,Svalbard Lufthavn,SN99840,13.06.2024 11:00,3.5,1011.1,79,9,236,0.1
15.5015,78.2453,Svalbard Lufthavn,SN99840,13.06.2024 12:00,3.8,1011.2,76,8,237,0
15.5015,78.2453,Svalbard Lufthavn,SN99840,13.06.2024 13:00,4.9,1011.5,72,8.7,239,0
15.5015,78.2453,Svalbard Lufthavn,SN99840,13.06.2024 14:00,3.7,1011.7,76,6.4,235,0
15.5015,78.2453,Svalbard Lufthavn,SN99840,13.06.2024 15:00,5,1012.1,69,7.9,247,0
15.5015,78.2453,Svalbard Lufthavn,SN99840,13.06.2024 16:00,4.8,1012.1,69,7.7,244,0
15.5015,78.2453,Svalbard Lufthavn,SN99840,13.06.2024 17:00,4.2,1012,68,8.4,237,0
15.5015,78.2453,Svalbard Lufthavn,SN99840,13.06.2024 18:00,3.8,1012.2,70,9,239,0
15.5015,78.2453,Svalbard Lufthavn,SN99840,13.06.2024 19:00,3.5,1012.5,72,7.7,235,0
15.5015,78.2453,Svalbard Lufthavn,SN99840,13.06.2024 20:00,3.6,1012.4,68,8.3,241,0
15.5015,78.2453,Svalbard Lufthavn,SN99840,13.06.2024 21:00,3.7,1012.5,68,8.1,245,0
15.5015,78.2453,Svalbard Lufthavn,SN99840,13.06.2024 22:00,3.4,1012.6,70,8.4,244,0
15.5015,78.2453,Svalbard Lufthavn,SN99840,13.06.2024 23:00,3.1,1012.8,70,6.8,237,0
15.5015,78.2453,Svalbard Lufthavn,SN99840,14.06.2024 00:00,2.8,1012.8,72,7.8,238,0
15.5015,78.2453,Svalbard Lufthavn,SN99840,14.06.2024 01:00,3.2,1012.9,74,7.7,240,0
15.5015,78.2453,Svalbard Lufthavn,SN99840,14.06.2024 02:00,3.4,1013,73,7.1,235,0
15.5015,78.2453,Svalbard Lufthavn,SN99840,14.06.2024 03:00,2.9,1012.8,73,7.4,232,0
15.5015,78.2453,Svalbard Lufthavn,SN99840,14.06.2024 04:00,2.9,1012.9,76,6.8,243,0
15.5015,78.2453,Svalbard Lufthavn,SN99840,14.06.2024 05:00,3.6,1012.9,73,5.5,228,0
15.5015,78.2453,Svalbard Lufthavn,SN99840,14.06.2024 06:00,3.7,1012.8,73,5.5,238,0
15.5015,78.2453,Svalbard Lufthavn,SN99840,14.06.2024 07:00,4,1012.7,72,6.1,240,0
15.5015,78.2453,Svalbard Lufthavn,SN99840,14.06.2024 08:00,4.7,1013,70,6.9,242,0
15.5015,78.2453,Svalbard Lufthavn,SN99840,14.06.2024 09:00,5.2,1013.1,67,6.1,241,0
15.5015,78.2453,Svalbard Lufthavn,SN99840,14.06.2024 10:00,5.4,1013.3,66,6.9,243,0
15.5015,78.2453,Svalbard Lufthavn,SN99840,14.06.2024 11:00,6.1,1013.2,64,7,237,0
15.5015,78.2453,Svalbard Lufthavn,SN99840,14.06.2024 12:00,6.4,1013.4,63,6.3,229,0
15.5015,78.2453,Svalbard Lufthavn,SN99840,14.06.2024 13:00,6.6,1013.6,64,7.2,236,0
15.5015,78.2453,Svalbard Lufthavn,SN99840,14.06.2024 14:00,6.9,1013.8,62,8.3,237,0
15.5015,78.2453,Svalbard Lufthavn,SN99840,14.06.2024 15:00,6.6,1013.9,61,9.2,236,0
15.5015,78.2453,Svalbard Lufthavn,SN99840,14.06.2024 16:00,6.2,1014.1,63,9,236,0
15.5015,78.2453,Svalbard Lufthavn,SN99840,14.06.2024 17:00,6,1014.2,66,9.1,237,0
15.5015,78.2453,Svalbard Lufthavn,SN99840,14.06.2024 18:00,6.1,1014.2,64,8.1,241,0
15.5015,78.2453,Svalbard Lufthavn,SN99840,14.06.2024 19:00,6.1,1014.3,65,8.4,241,0
15.5015,78.2453,Svalbard Lufthavn,SN99840,14.06.2024 20:00,6.1,1014.5,66,8.5,242,0
15.5015,78.2453,Svalbard Lufthavn,SN99840,14.06.2024 21:00,5.9,1014.6,69,8.4,242,0
15.5015,78.2453,Svalbard Lufthavn,SN99840,14.06.2024 22:00,5.4,1014.5,71,8.4,241,0
15.5015,78.2453,Svalbard Lufthavn,SN99840,14.06.2024 23:00,4.9,1014.7,72,8,242,0
15.5015,78.2453,Svalbard Lufthavn,SN99840,15.06.2024 00:00,4.5,1014.8,72,7.9,241,0
15.5015,78.2453,Svalbard Lufthavn,SN99840,15.06.2024 01:00,4.5,1014.9,72,8.1,239,0
15.5015,78.2453,Svalbard Lufthavn,SN99840,15.06.2024 02:00,3.7,1014.7,73,8,242,0
15.5015,78.2453,Svalbard Lufthavn,SN99840,15.06.2024 03:00,3.1,1014.7,75,8,241,0
15.5015,78.2453,Svalbard Lufthavn,SN99840,15.06.2024 04:00,3.2,1014.7,72,7.3,235,0
15.5015,78.2453,Svalbard Lufthavn,SN99840,15.06.2024 05:00,3.3,1014.6,73,6.7,240,0
15.5015,78.2453,Svalbard Lufthavn,SN99840,15.06.2024 06:00,3.4,1014.5,71,6.2,237,0
15.5015,78.2453,Svalbard Lufthavn,SN99840,15.06.2024 07:00,3.7,1014.4,70,6.1,241,0
15.5015,78.2453,Svalbard Lufthavn,SN99840,15.06.2024 08:00,4.5,1014.4,66,6.2,244,0
15.5015,78.2453,Svalbard Lufthavn,SN99840,15.06.2024 09:00,5.7,1014.4,64,5.9,244,0
15.5015,78.2453,Svalbard Lufthavn,SN99840,15.06.2024 10:00,5,1014.4,67,6.1,252,0
15.5015,78.2453,Svalbard Lufthavn,SN99840,15.06.2024 11:00,4.7,1014.6,69,5.6,256,0
15.5015,78.2453,Svalbard Lufthavn,SN99840,15.06.2024 12:00,4.5,1014.7,68,4.8,258,0
15.5015,78.2453,Svalbard Lufthavn,SN99840,15.06.2024 13:00,4.5,1014.9,70,4.2,268,0
15.5015,78.2453,Svalbard Lufthavn,SN99840,15.06.2024 14:00,4.8,1015.2,70,3.6,257,0
15.5015,78.2453,Svalbard Lufthavn,SN99840,15.06.2024 15:00,5.1,1015.2,67,3,256,0
15.5015,78.2453,Svalbard Lufthavn,SN99840,15.06.2024 16:00,4.9,1015.3,66,3.2,260,0
15.5015,78.2453,Svalbard Lufthavn,SN99840,15.06.2024 17:00,5,1015.5,66,2.7,267,0
15.5015,78.2453,Svalbard Lufthavn,SN99840,15.06.2024 18:00,4.7,1015.5,71,2.3,288,0
15.5015,78.2453,Svalbard Lufthavn,SN99840,15.06.2024 19:00,4.6,1015.7,69,1.1,314,0
15.5015,78.2453,Svalbard Lufthavn,SN99840,15.06.2024 20:00,4.7,1015.9,69,1.1,319,0
15.5015,78.2453,Svalbard Lufthavn,SN99840,15.06.2024 21:00,4.9,1016.3,73,1.1,320,0
15.5015,78.2453,Svalbard Lufthavn,SN99840,15.06.2024 22:00,5.2,1016.6,70,3.8,151,0
15.5015,78.2453,Svalbard Lufthavn,SN99840,15.06.2024 23:00,5.1,1017.2,69,5.7,154,0
15.5015,78.2453,Svalbard Lufthavn,SN99840,16.06.2024 00:00,5,1017.4,69,6.2,142,0
15.5015,78.2453,Svalbard Lufthavn,SN99840,16.06.2024 01:00,4.9,1017.8,69,5.5,119,0
15.5015,78.2453,Svalbard Lufthavn,SN99840,16.06.2024 02:00,4.8,1018.2,68,7,102,0
15.5015,78.2453,Svalbard Lufthavn,SN99840,16.06.2024 03:00,4.9,1018.5,67,6.5,101,0
15.5015,78.2453,Svalbard Lufthavn,SN99840,16.06.2024 04:00,5.1,1018.6,64,6.6,103,0
15.5015,78.2453,Svalbard Lufthavn,SN99840,16.06.2024 05:00,5,1018.5,67,7.3,103,0
15.5015,78.2453,Svalbard Lufthavn,SN99840,16.06.2024 06:00,5.9,1018.6,65,7.1,105,0
15.5015,78.2453,Svalbard Lufthavn,SN99840,16.06.2024 07:00,5.6,1019,65,6.8,104,0
15.5015,78.2453,Svalbard Lufthavn,SN99840,16.06.2024 08:00,5.6,1019.6,67,5.9,103,0
15.5015,78.2453,Svalbard Lufthavn,SN99840,16.06.2024 09:00,6.3,1019.9,65,6.6,98,0
15.5015,78.2453,Svalbard Lufthavn,SN99840,16.06.2024 10:00,6.8,1020.3,66,5.4,93,0
15.5015,78.2453,Svalbard Lufthavn,SN99840,16.06.2024 11:00,7.2,1020.5,64,4.1,82,0
15.5015,78.2453,Svalbard Lufthavn,SN99840,16.06.2024 12:00,7.3,1020.8,63,4,273,0
15.5015,78.2453,Svalbard Lufthavn,SN99840,16.06.2024 13:00,7.8,1021.2,61,4.8,248,0
15.5015,78.2453,Svalbard Lufthavn,SN99840,16.06.2024 14:00,7.8,1021.6,59,4.5,246,0
15.5015,78.2453,Svalbard Lufthavn,SN99840,16.06.2024 15:00,7.2,1021.9,61,4.9,260,0
15.5015,78.2453,Svalbard Lufthavn,SN99840,16.06.2024 16:00,6,1022.3,72,2.9,307,0
15.5015,78.2453,Svalbard Lufthavn,SN99840,16.06.2024 17:00,6.1,1022.7,68,1.9,313,0
15.5015,78.2453,Svalbard Lufthavn,SN99840,16.06.2024 18:00,6.4,1022.9,65,2.7,276,0
15.5015,78.2453,Svalbard Lufthavn,SN99840,16.06.2024 19:00,6.2,1023.1,68,3.2,268,0
15.5015,78.2453,Svalbard Lufthavn,SN99840,16.06.2024 20:00,5.8,1023.3,75,6.5,250,0
15.5015,78.2453,Svalbard Lufthavn,SN99840,16.06.2024 21:00,7.1,1023.6,70,7.7,247,0
15.5015,78.2453,Svalbard Lufthavn,SN99840,16.06.2024 22:00,6.3,1024.1,72,7.3,249,0
15.5015,78.2453,Svalbard Lufthavn,SN99840,16.06.2024 23:00,6.5,1024.6,70,7.5,245,0
15.5015,78.2453,Svalbard Lufthavn,SN99840,17.06.2024 00:00,6.4,1024.9,70,7.1,246,0
15.5015,78.2453,Svalbard Lufthavn,SN99840,17.06.2024 01:00,6.1,1025.1,74,7.2,246,0
15.5015,78.2453,Svalbard Lufthavn,SN99840,17.06.2024 02:00,6.1,1025.4,73,6.8,248,0
15.5015,78.2453,Svalbard Lufthavn,SN99840,17.06.2024 03:00,6,1025.6,74,6.1,248,0
15.5015,78.2453,Svalbard Lufthavn,SN99840,17.06.2024 04:00,5.8,1025.7,76,5.4,246,0
15.5015,78.2453,Svalbard Lufthavn,SN99840,17.06.2024 05:00,5.9,1025.8,76,5,242,0
15.5015,78.2453,Svalbard Lufthavn,SN99840,17.06.2024 06:00,7.2,1025.8,71,5.8,250,0
15.5015,78.2453,Svalbard Lufthavn,SN99840,17.06.2024 07:00,6.6,1025.7,72,6.9,246,0
15.5015,78.2453,Svalbard Lufthavn,SN99840,17.06.2024 08:00,7.3,1025.8,72,6.6,251,0
15.5015,78.2453,Svalbard Lufthavn,SN99840,17.06.2024 09:00,7.3,1026.1,66,6.9,248,0
15.5015,78.2453,Svalbard Lufthavn,SN99840,17.06.2024 10:00,7.8,1026,65,6.8,250,0
15.5015,78.2453,Svalbard Lufthavn,SN99840,17.06.2024 11:00,7.8,1026,63,6.4,248,0
15.5015,78.2453,Svalbard Lufthavn,SN99840,17.06.2024 12:00,7.5,1026,68,6.4,244,0
15.5015,78.2453,Svalbard Lufthavn,SN99840,17.06.2024 13:00,8.3,1026,60,5.7,247,0
15.5015,78.2453,Svalbard Lufthavn,SN99840,17.06.2024 14:00,8.2,1025.9,59,6.6,251,0
15.5015,78.2453,Svalbard Lufthavn,SN99840,17.06.2024 15:00,8.2,1025.8,62,6.9,247,0
15.5015,78.2453,Svalbard Lufthavn,SN99840,17.06.2024 16:00,8.2,1025.7,60,7.2,247,0
15.5015,78.2453,Svalbard Lufthavn,SN99840,17.06.2024 17:00,8.6,1025.3,63,7.2,247,0
15.5015,78.2453,Svalbard Lufthavn,SN99840,17.06.2024 18:00,8.3,1025.2,63,7.1,246,0
15.5015,78.2453,Svalbard Lufthavn,SN99840,17.06.2024 19:00,8.4,1025,65,7.1,247,0
15.5015,78.2453,Svalbard Lufthavn,SN99840,17.06.2024 20:00,8.1,1025,65,7.3,247,0
15.5015,78.2453,Svalbard Lufthavn,SN99840,17.06.2024 21:00,7.6,1025.1,67,6.8,247,0
15.5015,78.2453,Svalbard Lufthavn,SN99840,17.06.2024 22:00,7.7,1025.1,65,6.4,248,0
15.5015,78.2453,Svalbard Lufthavn,SN99840,17.06.2024 23:00,7.3,1025,69,6.4,246,0
15.5015,78.2453,Svalbard Lufthavn,SN99840,18.06.2024 00:00,7.1,1024.8,70,5.6,249,0
15.5015,78.2453,Svalbard Lufthavn,SN99840,18.06.2024 01:00,7,1024.6,71,5.6,247,0
15.5015,78.2453,Svalbard Lufthavn,SN99840,18.06.2024 02:00,6.8,1024.5,72,5.6,249,0
15.5015,78.2453,Svalbard Lufthavn,SN99840,18.06.2024 03:00,6.8,1024.3,73,4.3,251,0
15.5015,78.2453,Svalbard Lufthavn,SN99840,18.06.2024 04:00,6.8,1024,74,3.2,257,0
15.5015,78.2453,Svalbard Lufthavn,SN99840,18.06.2024 05:00,6.7,1023.8,75,2.5,256,0
15.5015,78.2453,Svalbard Lufthavn,SN99840,18.06.2024 06:00,6.4,1023.6,77,2.8,266,0
15.5015,78.2453,Svalbard Lufthavn,SN99840,18.06.2024 07:00,6.5,1023.3,77,2.9,268,0
15.5015,78.2453,Svalbard Lufthavn,SN99840,18.06.2024 08:00,7,1023,75,3.3,262,0
15.5015,78.2453,Svalbard Lufthavn,SN99840,18.06.2024 09:00,7.3,1022.7,72,4.1,256,0
15.5015,78.2453,Svalbard Lufthavn,SN99840,18.06.2024 10:00,8.3,1022.5,68,4.3,256,0
15.5015,78.2453,Svalbard Lufthavn,SN99840,18.06.2024 11:00,8.6,1022.2,64,4,263,0
15.5015,78.2453,Svalbard Lufthavn,SN99840,18.06.2024 12:00,9.2,1021.8,63,3.6,269,0
15.5015,78.2453,Svalbard Lufthavn,SN99840,18.06.2024 13:00,9,1021.6,68,3.3,276,0
15.5015,78.2453,Svalbard Lufthavn,SN99840,18.06.2024 14:00,9.1,1021.3,63,2.7,273,0
15.5015,78.2453,Svalbard Lufthavn,SN99840,18.06.2024 15:00,9.6,1021,59,3.5,260,0
15.5015,78.2453,Svalbard Lufthavn,SN99840,18.06.2024 16:00,11.4,1020.6,37,4.2,265,0
15.5015,78.2453,Svalbard Lufthavn,SN99840,18.06.2024 17:00,10.3,1020.3,50,4.8,262,0
15.5015,78.2453,Svalbard Lufthavn,SN99840,18.06.2024 18:00,10.4,1019.8,42,4.5,251,0
15.5015,78.2453,Svalbard Lufthavn,SN99840,18.06.2024 19:00,10.1,1019.6,42,3.8,277,0
15.5015,78.2453,Svalbard Lufthavn,SN99840,18.06.2024 20:00,7.8,1019.3,75,3.7,261,0
15.5015,78.2453,Svalbard Lufthavn,SN99840,18.06.2024 21:00,9.2,1018.9,47,3,259,0
15.5015,78.2453,Svalbard Lufthavn,SN99840,18.06.2024 22:00,8.2,1018.6,43,3.4,270,0
15.5015,78.2453,Svalbard Lufthavn,SN99840,18.06.2024 23:00,7,1018.2,47,2.3,256,0
15.5015,78.2453,Svalbard Lufthavn,SN99840,19.06.2024 00:00,6.7,1018,52,1.6,286,0
15.5015,78.2453,Svalbard Lufthavn,SN99840,19.06.2024 01:00,6.7,1017.6,57,1.4,11,0
15.5015,78.2453,Svalbard Lufthavn,SN99840,19.06.2024 02:00,6.1,1017.2,58,1.5,268,0
15.5015,78.2453,Svalbard Lufthavn,SN99840,19.06.2024 03:00,6,1016.8,60,1.2,324,0
15.5015,78.2453,Svalbard Lufthavn,SN99840,19.06.2024 04:00,5.9,1016.2,60,7.1,92,0
15.5015,78.2453,Svalbard Lufthavn,SN99840,19.06.2024 05:00,5.9,1015.6,61,2,275,0
15.5015,78.2453,Svalbard Lufthavn,SN99840,19.06.2024 06:00,7.1,1015.1,55,4.3,266,0
15.5015,78.2453,Svalbard Lufthavn,SN99840,19.06.2024 07:00,7.8,1014.6,50,3.1,267,0
15.5015,78.2453,Svalbard Lufthavn,SN99840,19.06.2024 08:00,8.2,1014.4,46,4.1,254,0
15.5015,78.2453,Svalbard Lufthavn,SN99840,19.06.2024 09:00,8.2,1014.3,60,3,257,0
15.5015,78.2453,Svalbard Lufthavn,SN99840,19.06.2024 10:00,8.1,1014.4,61,2.3,260,0
15.5015,78.2453,Svalbard Lufthavn,SN99840,19.06.2024 11:00,7.8,1014.1,60,1.9,284,0.2
15.5015,78.2453,Svalbard Lufthavn,SN99840,19.06.2024 12:00,9,1013.7,53,2,234,0
15.5015,78.2453,Svalbard Lufthavn,SN99840,19.06.2024 13:00,9.7,1013.4,52,7.6,116,0
15.5015,78.2453,Svalbard Lufthavn,SN99840,19.06.2024 14:00,9.9,1013,49,8.1,115,0
15.5015,78.2453,Svalbard Lufthavn,SN99840,19.06.2024 15:00,10.5,1012.2,44,5.2,141,0
15.5015,78.2453,Svalbard Lufthavn,SN99840,19.06.2024 16:00,10.5,1012,42,7.2,114,0
15.5015,78.2453,Svalbard Lufthavn,SN99840,19.06.2024 17:00,9.7,1011.9,38,6.5,120,0
15.5015,78.2453,Svalbard Lufthavn,SN99840,19.06.2024 18:00,9.2,1011.4,38,8.4,128,0
15.5015,78.2453,Svalbard Lufthavn,SN99840,19.06.2024 19:00,9,1011.1,39,8.6,132,0
15.5015,78.2453,Svalbard Lufthavn,SN99840,19.06.2024 20:00,8.7,1010.8,42,9.1,127,0
15.5015,78.2453,Svalbard Lufthavn,SN99840,19.06.2024 21:00,7,1010.6,57,9.8,118,0
15.5015,78.2453,Svalbard Lufthavn,SN99840,19.06.2024 22:00,6.6,1010.4,58,10.8,120,0.1
15.5015,78.2453,Svalbard Lufthavn,SN99840,19.06.2024 23:00,6.7,1010,61,10.5,129,0
15.5015,78.2453,Svalbard Lufthavn,SN99840,20.06.2024 00:00,6.5,1009.5,72,9.6,126,0
15.5015,78.2453,Svalbard Lufthavn,SN99840,20.06.2024 01:00,5.5,1009.6,78,13.4,118,0.1
15.5015,78.2453,Svalbard Lufthavn,SN99840,20.06.2024 02:00,5.8,1009.4,77,11.5,122,0.6
15.5015,78.2453,Svalbard Lufthavn,SN99840,20.06.2024 03:00,5.4,1009.4,77,11.8,124,0.5
15.5015,78.2453,Svalbard Lufthavn,SN99840,20.06.2024 04:00,5.3,1009.7,78,11.3,151,0.6
15.5015,78.2453,Svalbard Lufthavn,SN99840,20.06.2024 05:00,5.1,1010,80,8.4,147,0
15.5015,78.2453,Svalbard Lufthavn,SN99840,20.06.2024 06:00,5.1,1010,80,5.6,132,0.2
15.5015,78.2453,Svalbard Lufthavn,SN99840,20.06.2024 07:00,5.3,1010.4,80,4.6,108,0.3
15.5015,78.2453,Svalbard Lufthavn,SN99840,20.06.2024 08:00,5.5,1010.6,81,8.3,123,0.5
15.5015,78.2453,Svalbard Lufthavn,SN99840,20.06.2024 09:00,6,1011,78,6.6,134,0.4
15.5015,78.2453,Svalbard Lufthavn,SN99840,20.06.2024 10:00,6.7,1011.4,75,5.8,128,0.2
15.5015,78.2453,Svalbard Lufthavn,SN99840,20.06.2024 11:00,7.2,1011.8,74,1.9,233,0
15.5015,78.2453,Svalbard Lufthavn,SN99840,20.06.2024 12:00,7.8,1012.4,74,2.1,241,0
15.5015,78.2453,Svalbard Lufthavn,SN99840,20.06.2024 13:00,8.6,1012.8,68,3,175,0
15.5015,78.2453,Svalbard Lufthavn,SN99840,20.06.2024 14:00,9,1013,64,7.8,139,0
15.5015,78.2453,Svalbard Lufthavn,SN99840,20.06.2024 15:00,8.9,1013.2,61,6.8,117,0
15.5015,78.2453,Svalbard Lufthavn,SN99840,20.06.2024 16:00,9.1,1013.4,58,5.8,136,0
15.5015,78.2453,Svalbard Lufthavn,SN99840,20.06.2024 17:00,9.5,1013.5,53,6,139,0
15.5015,78.2453,Svalbard Lufthavn,SN99840,20.06.2024 18:00,9.7,1013.7,48,4,115,0
15.5015,78.2453,Svalbard Lufthavn,SN99840,20.06.2024 19:00,10.3,1013.9,44,6,104,0
15.5015,78.2453,Svalbard Lufthavn,SN99840,20.06.2024 20:00,9.9,1013.9,40,4.9,117,0
15.5015,78.2453,Svalbard Lufthavn,SN99840,20.06.2024 21:00,9.9,1013.8,38,6.4,114,0
15.5015,78.2453,Svalbard Lufthavn,SN99840,20.06.2024 22:00,9.2,1013.6,39,8.6,122,0
15.5015,78.2453,Svalbard Lufthavn,SN99840,20.06.2024 23:00,9.1,1014.2,41,6.4,118,0
15.5015,78.2453,Svalbard Lufthavn,SN99840,21.06.2024 00:00,8.5,1014.3,44,3.9,94,0
15.5015,78.2453,Svalbard Lufthavn,SN99840,21.06.2024 01:00,8.6,1014.4,43,4.7,98,0
15.5015,78.2453,Svalbard Lufthavn,SN99840,21.06.2024 02:00,8,1014.6,45,7.5,107,0
15.5015,78.2453,Svalbard Lufthavn,SN99840,21.06.2024 03:00,8.1,1014.4,49,7.8,115,0
15.5015,78.2453,Svalbard Lufthavn,SN99840,21.06.2024 04:00,9.5,1014.4,44,7.4,122,0
15.5015,78.2453,Svalbard Lufthavn,SN99840,21.06.2024 05:00,10,1014.1,41,7.6,128,0
15.5015,78.2453,Svalbard Lufthavn,SN99840,21.06.2024 06:00,10.9,1014,36,6.9,112,0
15.5015,78.2453,Svalbard Lufthavn,SN99840,21.06.2024 07:00,11.2,1014,37,5.9,97,0
15.5015,78.2453,Svalbard Lufthavn,SN99840,21.06.2024 08:00,11.3,1014.1,36,5.5,101,0
15.5015,78.2453,Svalbard Lufthavn,SN99840,21.06.2024 09:00,11.2,1014.5,37,7.7,92,0
15.5015,78.2453,Svalbard Lufthavn,SN99840,21.06.2024 10:00,11.2,1014.6,37,7.2,94,0
15.5015,78.2453,Svalbard Lufthavn,SN99840,21.06.2024 11:00,11,1014.5,41,6,101,0
15.5015,78.2453,Svalbard Lufthavn,SN99840,21.06.2024 12:00,10.7,1014.2,41,9.2,101,0
15.5015,78.2453,Svalbard Lufthavn,SN99840,21.06.2024 13:00,9.7,1014.2,42,8.4,94,0
15.5015,78.2453,Svalbard Lufthavn,SN99840,21.06.2024 14:00,10.7,1014,48,6,109,0
15.5015,78.2453,Svalbard Lufthavn,SN99840,21.06.2024 15:00,9.9,1013.9,52,4.3,128,0
15.5015,78.2453,Svalbard Lufthavn,SN99840,21.06.2024 16:00,10.1,1014,52,7.4,92,0
15.5015,78.2453,Svalbard Lufthavn,SN99840,21.06.2024 17:00,9.3,1014,54,7.7,99,0
15.5015,78.2453,Svalbard Lufthavn,SN99840,21.06.2024 18:00,9.9,1014.1,56,4.7,257,0
15.5015,78.2453,Svalbard Lufthavn,SN99840,21.06.2024 19:00,9.4,1014.3,56,4.2,263,0
15.5015,78.2453,Svalbard Lufthavn,SN99840,21.06.2024 20:00,9.1,1014.3,60,6.2,248,0
15.5015,78.2453,Svalbard Lufthavn,SN99840,21.06.2024 21:00,8.4,1014.3,64,6.6,252,0
15.5015,78.2453,Svalbard Lufthavn,SN99840,21.06.2024 22:00,6.9,1014.4,70,5.6,254,0
15.5015,78.2453,Svalbard Lufthavn,SN99840,21.06.2024 23:00,7.3,1014.3,67,5.6,248,0
15.5015,78.2453,Svalbard Lufthavn,SN99840,22.06.2024 00:00,6.9,1014,67,5,252,0
15.5015,78.2453,Svalbard Lufthavn,SN99840,22.06.2024 01:00,7.5,1013.9,66,5.3,247,0
15.5015,78.2453,Svalbard Lufthavn,SN99840,22.06.2024 02:00,7.7,1013.9,66,4,252,0
15.5015,78.2453,Svalbard Lufthavn,SN99840,22.06.2024 03:00,7.1,1014,68,3.7,250,0
15.5015,78.2453,Svalbard Lufthavn,SN99840,22.06.2024 04:00,7.4,1013.9,68,4.2,248,0
15.5015,78.2453,Svalbard Lufthavn,SN99840,22.06.2024 05:00,7.6,1013.7,67,4.5,249,0
15.5015,78.2453,Svalbard Lufthavn,SN99840,22.06.2024 06:00,7.5,1013.3,66,3.7,255,0
15.5015,78.2453,Svalbard Lufthavn,SN99840,22.06.2024 07:00,7.8,1013.1,66,3.1,256,0
15.5015,78.2453,Svalbard Lufthavn,SN99840,22.06.2024 08:00,8.5,1013.1,64,4.1,255,0
15.5015,78.2453,Svalbard Lufthavn,SN99840,22.06.2024 09:00,8.4,1013,67,5.2,260,0
15.5015,78.2453,Svalbard Lufthavn,SN99840,22.06.2024 10:00,9.2,1012.8,64,6.4,263,0
15.5015,78.2453,Svalbard Lufthavn,SN99840,22.06.2024 11:00,9.6,1012.8,63,6,260,0
15.5015,78.2453,Svalbard Lufthavn,SN99840,22.06.2024 12:00,10.8,1012.7,56,6,261,0
15.5015,78.2453,Svalbard Lufthavn,SN99840,22.06.2024 13:00,10.4,1012.7,60,6.2,262,0
15.5015,78.2453,Svalbard Lufthavn,SN99840,22.06.2024 14:00,10.8,1012.4,61,9,248,0
15.5015,78.2453,Svalbard Lufthavn,SN99840,22.06.2024 15:00,10.9,1012.2,59,9.3,245,0
15.5015,78.2453,Svalbard Lufthavn,SN99840,22.06.2024 16:00,11.3,1012.3,59,10.1,244,0
15.5015,78.2453,Svalbard Lufthavn,SN99840,22.06.2024 17:00,9.7,1012.7,66,9.1,239,0
15.5015,78.2453,Svalbard Lufthavn,SN99840,22.06.2024 18:00,10.3,1012.2,64,8.8,242,0
15.5015,78.2453,Svalbard Lufthavn,SN99840,22.06.2024 19:00,10.4,1011.9,63,9.3,244,0
15.5015,78.2453,Svalbard Lufthavn,SN99840,22.06.2024 20:00,9.6,1012.1,65,9.5,239,0
15.5015,78.2453,Svalbard Lufthavn,SN99840,22.06.2024 21:00,8.2,1012.1,68,8.8,243,0
15.5015,78.2453,Svalbard Lufthavn,SN99840,22.06.2024 22:00,8.4,1012.1,70,8.5,243,0
15.5015,78.2453,Svalbard Lufthavn,SN99840,22.06.2024 23:00,7.7,1012.1,72,6.5,248,0
15.5015,78.2453,Svalbard Lufthavn,SN99840,23.06.2024 00:00,6.9,1012,74,5.7,235,0
15.5015,78.2453,Svalbard Lufthavn,SN99840,23.06.2024 01:00,7,1011.9,74,5.4,239,0
15.5015,78.2453,Svalbard Lufthavn,SN99840,23.06.2024 02:00,5.8,1011.8,78,5.7,248,0
15.5015,78.2453,Svalbard Lufthavn,SN99840,23.06.2024 03:00,6.4,1011.7,78,6.5,250,0
15.5015,78.2453,Svalbard Lufthavn,SN99840,23.06.2024 04:00,5.5,1011.5,81,5.3,250,0
15.5015,78.2453,Svalbard Lufthavn,SN99840,23.06.2024 05:00,6.6,1011.4,80,4.8,255,0
15.5015,78.2453,Svalbard Lufthavn,SN99840,23.06.2024 06:00,6,1011,81,3.8,255,0
15.5015,78.2453,Svalbard Lufthavn,SN99840,23.06.2024 07:00,5.4,1010.9,84,3.7,261,0
15.5015,78.2453,Svalbard Lufthavn,SN99840,23.06.2024 08:00,5.3,1010.9,84,2.8,294,0
15.5015,78.2453,Svalbard Lufthavn,SN99840,23.06.2024 09:00,5.9,1010.8,82,1.7,268,0
15.5015,78.2453,Svalbard Lufthavn,SN99840,23.06.2024 10:00,6,1010.7,81,1.9,286,0
15.5015,78.2453,Svalbard Lufthavn,SN99840,23.06.2024 11:00,6.4,1010.5,78,1.6,269,0
15.5015,78.2453,Svalbard Lufthavn,SN99840,23.06.2024 12:00,6.5,1010.5,76,1.4,342,0
15.5015,78.2453,Svalbard Lufthavn,SN99840,23.06.2024 13:00,6.7,1010.3,77,1.7,5,0
15.5015,78.2453,Svalbard Lufthavn,SN99840,23.06.2024 14:00,6.9,1010.1,76,1.9,32,0
15.5015,78.2453,Svalbard Lufthavn,SN99840,23.06.2024 15:00,7.8,1009.7,71,2.6,38,0
15.5015,78.2453,Svalbard Lufthavn,SN99840,23.06.2024 16:00,8.4,1009.3,69,2.4,14,0
15.5015,78.2453,Svalbard Lufthavn,SN99840,23.06.2024 17:00,7.6,1009,74,3.1,359,0
15.5015,78.2453,Svalbard Lufthavn,SN99840,23.06.2024 18:00,8.1,1008.9,71,0.9,53,0
15.5015,78.2453,Svalbard Lufthavn,SN99840,23.06.2024 19:00,8.3,1008.6,69,1.4,355,0
15.5015,78.2453,Svalbard Lufthavn,SN99840,23.06.2024 20:00,8.4,1008.3,70,1.5,278,0
15.5015,78.2453,Svalbard Lufthavn,SN99840,23.06.2024 21:00,8.1,1008.3,71,0.9,257,0
15.5015,78.2453,Svalbard Lufthavn,SN99840,23.06.2024 22:00,7.7,1008.2,72,1.6,275,0
15.5015,78.2453,Svalbard Lufthavn,SN99840,23.06.2024 23:00,7.6,1008.1,73,1,232,0
15.5015,78.2453,Svalbard Lufthavn,SN99840,24.06.2024 00:00,7.5,1008,74,1.1,229,0
15.5015,78.2453,Svalbard Lufthavn,SN99840,24.06.2024 01:00,7.5,1007.9,74,1.3,266,0
15.5015,78.2453,Svalbard Lufthavn,SN99840,24.06.2024 02:00,7.2,1007.8,76,2.5,263,0
15.5015,78.2453,Svalbard Lufthavn,SN99840,24.06.2024 03:00,6.6,1007.6,83,3.6,252,0
15.5015,78.2453,Svalbard Lufthavn,SN99840,24.06.2024 04:00,6.5,1007.5,83,2.6,254,0
15.5015,78.2453,Svalbard Lufthavn,SN99840,24.06.2024 05:00,6.9,1007,81,1.7,258,0
15.5015,78.2453,Svalbard Lufthavn,SN99840,24.06.2024 06:00,6.7,1006.6,83,1.6,273,0
15.5015,78.2453,Svalbard Lufthavn,SN99840,24.06.2024 07:00,6.9,1006.4,79,1.6,287,0
15.5015,78.2453,Svalbard Lufthavn,SN99840,24.06.2024 08:00,7.3,1006.3,77,0.8,291,0
15.5015,78.2453,Svalbard Lufthavn,SN99840,24.06.2024 09:00,7.4,1006,77,0.8,244,0
15.5015,78.2453,Svalbard Lufthavn,SN99840,24.06.2024 10:00,7.6,1005.8,75,1.4,335,0
15.5015,78.2453,Svalbard Lufthavn,SN99840,24.06.2024 11:00,7.7,1005.6,79,2.1,287,0
15.5015,78.2453,Svalbard Lufthavn,SN99840,24.06.2024 12:00,7.7,1005.2,78,2,289,0
15.5015,78.2453,Svalbard Lufthavn,SN99840,24.06.2024 13:00,7.6,1004.8,78,2.3,253,0
15.5015,78.2453,Svalbard Lufthavn,SN99840,24.06.2024 14:00,7.8,1004.3,79,3.2,299,0
15.5015,78.2453,Svalbard Lufthavn,SN99840,24.06.2024 15:00,8.5,1003.6,76,2.9,283,0
15.5015,78.2453,Svalbard Lufthavn,SN99840,24.06.2024 16:00,10.1,1003,69,5.3,258,0
15.5015,78.2453,Svalbard Lufthavn,SN99840,24.06.2024 17:00,10.7,1002.5,65,6.1,247,0
15.5015,78.2453,Svalbard Lufthavn,SN99840,24.06.2024 18:00,10.5,1002.1,65,4.8,254,0
15.5015,78.2453,Svalbard Lufthavn,SN99840,24.06.2024 19:00,10.4,1001.9,63,3.9,258,0
15.5015,78.2453,Svalbard Lufthavn,SN99840,24.06.2024 20:00,9,1001.6,71,2.4,281,0
15.5015,78.2453,Svalbard Lufthavn,SN99840,24.06.2024 21:00,8.8,1001.6,72,1.2,327,0
15.5015,78.2453,Svalbard Lufthavn,SN99840,24.06.2024 22:00,9.3,1001.4,71,2.3,273,0
15.5015,78.2453,Svalbard Lufthavn,SN99840,24.06.2024 23:00,8.3,1001.5,70,3.3,260,0
15.5015,78.2453,Svalbard Lufthavn,SN99840,25.06.2024 00:00,7.7,1001.5,75,3.1,255,0
15.5015,78.2453,Svalbard Lufthavn,SN99840,25.06.2024 01:00,7.2,1001.3,77,3.9,252,0
15.5015,78.2453,Svalbard Lufthavn,SN99840,25.06.2024 02:00,6.7,1001.6,78,1.9,249,0
15.5015,78.2453,Svalbard Lufthavn,SN99840,25.06.2024 03:00,6.4,1001.8,83,1.6,132,0
15.5015,78.2453,Svalbard Lufthavn,SN99840,25.06.2024 04:00,6.9,1001.3,77,2.5,95,0
15.5015,78.2453,Svalbard Lufthavn,SN99840,25.06.2024 05:00,7.3,1000.9,73,4,269,0
15.5015,78.2453,Svalbard Lufthavn,SN99840,25.06.2024 06:00,7.1,1001,75,2.1,253,0
15.5015,78.2453,Svalbard Lufthavn,SN99840,25.06.2024 07:00,7.4,1001.2,76,1,262,0
15.5015,78.2453,Svalbard Lufthavn,SN99840,25.06.2024 08:00,7.7,1001.4,80,3.8,259,0
15.5015,78.2453,Svalbard Lufthavn,SN99840,25.06.2024 09:00,8.3,1001.4,75,3.3,255,0
15.5015,78.2453,Svalbard Lufthavn,SN99840,25.06.2024 10:00,6.8,1001.5,85,1.9,15,0
15.5015,78.2453,Svalbard Lufthavn,SN99840,25.06.2024 11:00,8.1,1001.5,74,2.4,260,0
15.5015,78.2453,Svalbard Lufthavn,SN99840,25.06.2024 12:00,8.3,1001.3,73,3.3,257,0
15.5015,78.2453,Svalbard Lufthavn,SN99840,25.06.2024 13:00,9.1,1001.2,72,3.4,269,0
15.5015,78.2453,Svalbard Lufthavn,SN99840,25.06.2024 14:00,8.1,1000.9,73,2.1,320,0
15.5015,78.2453,Svalbard Lufthavn,SN99840,25.06.2024 15:00,8.3,1000.5,70,2,334,0
15.5015,78.2453,Svalbard Lufthavn,SN99840,25.06.2024 16:00,8.3,1000.1,72,1.7,298,0
15.5015,78.2453,Svalbard Lufthavn,SN99840,25.06.2024 17:00,7.7,999.7,77,1.4,315,0
15.5015,78.2453,Svalbard Lufthavn,SN99840,25.06.2024 18:00,8.4,999.1,75,1.7,88,0
15.5015,78.2453,Svalbard Lufthavn,SN99840,25.06.2024 19:00,8.5,998.7,74,2,38,0
15.5015,78.2453,Svalbard Lufthavn,SN99840,25.06.2024 20:00,8.3,998.2,77,0.6,78,0
15.5015,78.2453,Svalbard Lufthavn,SN99840,25.06.2024 21:00,9.1,997.8,72,4.9,109,0
15.5015,78.2453,Svalbard Lufthavn,SN99840,25.06.2024 22:00,8.9,997.3,72,6,121,0
15.5015,78.2453,Svalbard Lufthavn,SN99840,25.06.2024 23:00,8.8,996.9,71,4,124,0
15.5015,78.2453,Svalbard Lufthavn,SN99840,26.06.2024 00:00,8.6,996.3,74,1.1,299,0
15.5015,78.2453,Svalbard Lufthavn,SN99840,26.06.2024 01:00,8.3,995.8,77,0.8,230,0
15.5015,78.2453,Svalbard Lufthavn,SN99840,26.06.2024 02:00,7.5,995.6,80,1.9,249,0
15.5015,78.2453,Svalbard Lufthavn,SN99840,26.06.2024 03:00,7.6,995.4,78,2.1,290,0
15.5015,78.2453,Svalbard Lufthavn,SN99840,26.06.2024 04:00,7.3,995.1,91,1.9,262,0
15.5015,78.2453,Svalbard Lufthavn,SN99840,26.06.2024 05:00,7.8,994.8,85,2.3,263,0
15.5015,78.2453,Svalbard Lufthavn,SN99840,26.06.2024 06:00,7.6,994.7,90,3.2,267,0
15.5015,78.2453,Svalbard Lufthavn,SN99840,26.06.2024 07:00,7.7,994.6,87,2.7,257,0
15.5015,78.2453,Svalbard Lufthavn,SN99840,26.06.2024 08:00,7.9,994.4,85,2.8,257,0.2
15.5015,78.2453,Svalbard Lufthavn,SN99840,26.06.2024 09:00,8,994.4,84,3.9,254,0
15.5015,78.2453,Svalbard Lufthavn,SN99840,26.06.2024 10:00,8.2,994.5,86,4.2,255,0.1
15.5015,78.2453,Svalbard Lufthavn,SN99840,26.06.2024 11:00,8.5,994.4,87,7.6,247,0.2
15.5015,78.2453,Svalbard Lufthavn,SN99840,26.06.2024 12:00,8.1,994.7,87,8.1,244,0.2
15.5015,78.2453,Svalbard Lufthavn,SN99840,26.06.2024 13:00,7.4,994.8,90,8,245,0.2
15.5015,78.2453,Svalbard Lufthavn,SN99840,26.06.2024 14:00,6.7,994.8,92,7,248,0.1
15.5015,78.2453,Svalbard Lufthavn,SN99840,26.06.2024 15:00,6.9,994.8,92,6.8,246,0.1
15.5015,78.2453,Svalbard Lufthavn,SN99840,26.06.2024 16:00,7.2,994.8,91,6.6,237,0
15.5015,78.2453,Svalbard Lufthavn,SN99840,26.06.2024 17:00,7.1,994.9,87,7.7,238,0
15.5015,78.2453,Svalbard Lufthavn,SN99840,26.06.2024 18:00,7.1,994.9,84,7.3,227,0
15.5015,78.2453,Svalbard Lufthavn,SN99840,26.06.2024 19:00,6.6,995.1,86,6.9,236,0
15.5015,78.2453,Svalbard Lufthavn,SN99840,26.06.2024 20:00,6.8,995.2,85,6.6,239,0
15.5015,78.2453,Svalbard Lufthavn,SN99840,26.06.2024 21:00,6.7,995.3,85,6.2,240,0
15.5015,78.2453,Svalbard Lufthavn,SN99840,26.06.2024 22:00,6.7,995.3,85,5.7,240,0
15.5015,78.2453,Svalbard Lufthavn,SN99840,26.06.2024 23:00,6.3,995.6,86,5.9,242,0
15.5015,78.2453,Svalbard Lufthavn,SN99840,27.06.2024 00:00,6.2,995.7,88,6,247,0
15.5015,78.2453,Svalbard Lufthavn,SN99840,27.06.2024 01:00,6.7,995.7,84,6.9,243,0.1
15.5015,78.2453,Svalbard Lufthavn,SN99840,27.06.2024 02:00,6.7,995.8,82,6.6,240,0.1
15.5015,78.2453,Svalbard Lufthavn,SN99840,27.06.2024 03:00,6.4,995.9,83,7.2,242,0
15.5015,78.2453,Svalbard Lufthavn,SN99840,27.06.2024 04:00,5.9,996.2,86,7.1,241,0.1
15.5015,78.2453,Svalbard Lufthavn,SN99840,27.06.2024 05:00,5.9,996.6,88,6.4,243,0.4
15.5015,78.2453,Svalbard Lufthavn,SN99840,27.06.2024 06:00,6.3,996.9,87,6.2,238,0
15.5015,78.2453,Svalbard Lufthavn,SN99840,27.06.2024 07:00,6.1,997.3,87,8.2,231,0
15.5015,78.2453,Svalbard Lufthavn,SN99840,27.06.2024 08:00,4.8,997.6,88,8.8,228,0
15.5015,78.2453,Svalbard Lufthavn,SN99840,27.06.2024 09:00,5.7,998.3,79,10.4,222,0
15.5015,78.2453,Svalbard Lufthavn,SN99840,27.06.2024 10:00,5.1,999,78,11,217,0
15.5015,78.2453,Svalbard Lufthavn,SN99840,27.06.2024 11:00,4.9,999.7,75,10.8,221,0
15.5015,78.2453,Svalbard Lufthavn,SN99840,27.06.2024 12:00,4.5,1000.9,80,9.7,197,0
15.5015,78.2453,Svalbard Lufthavn,SN99840,27.06.2024 13:00,4.7,1002,79,10,222,0
15.5015,78.2453,Svalbard Lufthavn,SN99840,27.06.2024 14:00,5.1,1002.9,75,10.8,226,0
15.5015,78.2453,Svalbard Lufthavn,SN99840,27.06.2024 15:00,5.4,1003.5,76,10.5,218,0
15.5015,78.2453,Svalbard Lufthavn,SN99840,27.06.2024 16:00,4.9,1003.9,79,10.3,224,0
15.5015,78.2453,Svalbard Lufthavn,SN99840,27.06.2024 17:00,5,1005.1,78,10,229,0
15.5015,78.2453,Svalbard Lufthavn,SN99840,27.06.2024 18:00,4.1,1005,79,11,230,0
15.5015,78.2453,Svalbard Lufthavn,SN99840,27.06.2024 19:00,4.1,1005.7,78,9.9,231,0
15.5015,78.2453,Svalbard Lufthavn,SN99840,27.06.2024 20:00,4.9,1006,80,6.9,220,0
15.5015,78.2453,Svalbard Lufthavn,SN99840,27.06.2024 21:00,5.8,1006.3,76,9.2,218,0
15.5015,78.2453,Svalbard Lufthavn,SN99840,27.06.2024 22:00,5.6,1006.5,78,7.8,216,0
15.5015,78.2453,Svalbard Lufthavn,SN99840,27.06.2024 23:00,5.5,1006.2,78,9.4,213,0.1
15.5015,78.2453,Svalbard Lufthavn,SN99840,28.06.2024 00:00,5.4,1006.2,79,10.3,213,0.5
15.5015,78.2453,Svalbard Lufthavn,SN99840,28.06.2024 01:00,5.3,1006.1,79,8.9,223,1.3
15.5015,78.2453,Svalbard Lufthavn,SN99840,28.06.2024 02:00,5.6,1005.8,76,8.1,216,0.5
15.5015,78.2453,Svalbard Lufthavn,SN99840,28.06.2024 03:00,5.5,1005.2,76,8.7,229,0.8
15.5015,78.2453,Svalbard Lufthavn,SN99840,28.06.2024 04:00,5.4,1004.8,77,6.5,230,0.8
15.5015,78.2453,Svalbard Lufthavn,SN99840,28.06.2024 05:00,5.4,1004.6,76,8.3,228,0.8
15.5015,78.2453,Svalbard Lufthavn,SN99840,28.06.2024 06:00,5,1004.3,80,6.1,221,0.6
15.5015,78.2453,Svalbard Lufthavn,SN99840,28.06.2024 07:00,4.9,1004,82,8.9,212,1.1
15.5015,78.2453,Svalbard Lufthavn,SN99840,28.06.2024 08:00,3.9,1004.3,87,7.5,231,0.8
15.5015,78.2453,Svalbard Lufthavn,SN99840,28.06.2024 09:00,4.7,1004.6,85,7.8,227,0.8
15.5015,78.2453,Svalbard Lufthavn,SN99840,28.06.2024 10:00,4.2,1004.8,87,8.8,232,0.3
15.5015,78.2453,Svalbard Lufthavn,SN99840,28.06.2024 11:00,3.8,1005.2,84,9,230,0.1
15.5015,78.2453,Svalbard Lufthavn,SN99840,28.06.2024 12:00,4.4,1005.4,79,9.9,230,0
15.5015,78.2453,Svalbard Lufthavn,SN99840,28.06.2024 13:00,4.9,1005.8,75,9.3,220,0
15.5015,78.2453,Svalbard Lufthavn,SN99840,28.06.2024 14:00,4.6,1006.6,79,7,229,0
15.5015,78.2453,Svalbard Lufthavn,SN99840,28.06.2024 15:00,4.1,1006.6,78,8.4,216,0
15.5015,78.2453,Svalbard Lufthavn,SN99840,28.06.2024 16:00,4.8,1006.8,76,8,232,0
15.5015,78.2453,Svalbard Lufthavn,SN99840,28.06.2024 17:00,5.6,1007.3,72,6.9,240,0
15.5015,78.2453,Svalbard Lufthavn,SN99840,28.06.2024 18:00,5.4,1007.7,71,4.5,225,0
15.5015,78.2453,Svalbard Lufthavn,SN99840,28.06.2024 19:00,5.2,1008.2,68,4.4,246,0
15.5015,78.2453,Svalbard Lufthavn,SN99840,28.06.2024 20:00,4.5,1008.6,70,4.5,253,0
15.5015,78.2453,Svalbard Lufthavn,SN99840,28.06.2024 21:00,4.8,1009.1,70,3.7,269,0
15.5015,78.2453,Svalbard Lufthavn,SN99840,28.06.2024 22:00,5.2,1009.7,68,2.7,253,0
15.5015,78.2453,Svalbard Lufthavn,SN99840,28.06.2024 23:00,5,1010.1,69,3.2,256,0
15.5015,78.2453,Svalbard Lufthavn,SN99840,29.06.2024 00:00,5.3,1010.2,63,3.7,251,0
15.5015,78.2453,Svalbard Lufthavn,SN99840,29.06.2024 01:00,5.5,1010.7,64,3.1,242,0
15.5015,78.2453,Svalbard Lufthavn,SN99840,29.06.2024 02:00,4.8,1010.8,67,2.9,251,0
15.5015,78.2453,Svalbard Lufthavn,SN99840,29.06.2024 03:00,5.3,1011,60,3.2,248,0
15.5015,78.2453,Svalbard Lufthavn,SN99840,29.06.2024 04:00,5.6,1011,60,4,235,0
15.5015,78.2453,Svalbard Lufthavn,SN99840,29.06.2024 05:00,6.1,1011.1,59,6.4,247,0
15.5015,78.2453,Svalbard Lufthavn,SN99840,29.06.2024 06:00,5.9,1011.1,63,6.4,247,0
15.5015,78.2453,Svalbard Lufthavn,SN99840,29.06.2024 07:00,6.7,1011.1,61,6.2,244,0
15.5015,78.2453,Svalbard Lufthavn,SN99840,29.06.2024 08:00,7,1011.3,62,6.6,231,0
15.5015,78.2453,Svalbard Lufthavn,SN99840,29.06.2024 09:00,7.9,1011.3,60,6.9,238,0
15.5015,78.2453,Svalbard Lufthavn,SN99840,29.06.2024 10:00,8.3,1011.6,57,8,238,0
15.5015,78.2453,Svalbard Lufthavn,SN99840,29.06.2024 11:00,7.9,1011.6,56,7.1,230,0
15.5015,78.2453,Svalbard Lufthavn,SN99840,29.06.2024 12:00,8.4,1011.6,52,9.2,243,0
15.5015,78.2453,Svalbard Lufthavn,SN99840,29.06.2024 13:00,8.2,1011.4,55,9.4,234,0
15.5015,78.2453,Svalbard Lufthavn,SN99840,29.06.2024 14:00,9.3,1011.3,49,8.5,246,0
15.5015,78.2453,Svalbard Lufthavn,SN99840,29.06.2024 15:00,9.8,1011,47,8.3,251,0
15.5015,78.2453,Svalbard Lufthavn,SN99840,29.06.2024 16:00,10.2,1010.9,46,8.7,247,0
15.5015,78.2453,Svalbard Lufthavn,SN99840,29.06.2024 17:00,10,1010.8,49,8.2,239,0
15.5015,78.2453,Svalbard Lufthavn,SN99840,29.06.2024 18:00,9.4,1010.9,51,9.2,242,0
15.5015,78.2453,Svalbard Lufthavn,SN99840,29.06.2024 19:00,9.5,1010.8,50,9.8,244,0
15.5015,78.2453,Svalbard Lufthavn,SN99840,29.06.2024 20:00,8.9,1010.8,55,7.4,247,0
15.5015,78.2453,Svalbard Lufthavn,SN99840,29.06.2024 21:00,8.2,1010.6,63,7.6,252,0
15.5015,78.2453,Svalbard Lufthavn,SN99840,29.06.2024 22:00,8,1010.4,67,6.5,252,0
15.5015,78.2453,Svalbard Lufthavn,SN99840,29.06.2024 23:00,7.6,1010.3,69,6,251,0
15.5015,78.2453,Svalbard Lufthavn,SN99840,30.06.2024 00:00,6.7,1009.9,72,6.3,251,0
15.5015,78.2453,Svalbard Lufthavn,SN99840,30.06.2024 01:00,8,1010,64,7,246,0
15.5015,78.2453,Svalbard Lufthavn,SN99840,30.06.2024 02:00,9.2,1009.9,54,6.8,250,0
15.5015,78.2453,Svalbard Lufthavn,SN99840,30.06.2024 03:00,8.5,1009.9,60,5.7,242,0
15.5015,78.2453,Svalbard Lufthavn,SN99840,30.06.2024 04:00,9.3,1009.4,56,5.9,254,0
15.5015,78.2453,Svalbard Lufthavn,SN99840,30.06.2024 05:00,8.9,1009.2,57,5.6,256,0
15.5015,78.2453,Svalbard Lufthavn,SN99840,30.06.2024 06:00,8,1009.2,63,6.7,249,0
15.5015,78.2453,Svalbard Lufthavn,SN99840,30.06.2024 07:00,9.4,1009.2,53,6.7,242,0
15.5015,78.2453,Svalbard Lufthavn,SN99840,30.06.2024 08:00,8.6,1009.2,55,6.2,245,0
15.5015,78.2453,Svalbard Lufthavn,SN99840,30.06.2024 09:00,9.5,1009.3,48,6,238,0
15.5015,78.2453,Svalbard Lufthavn,SN99840,30.06.2024 10:00,10,1009.6,48,5.8,231,0
15.5015,78.2453,Svalbard Lufthavn,SN99840,30.06.2024 11:00,10,1009.6,45,5.2,237,0
15.5015,78.2453,Svalbard Lufthavn,SN99840,30.06.2024 12:00,10,1009.5,44,8.4,245,0
15.5015,78.2453,Svalbard Lufthavn,SN99840,30.06.2024 13:00,11.1,1009.7,46,8,241,0
15.5015,78.2453,Svalbard Lufthavn,SN99840,30.06.2024 14:00,10.5,1010,49,7.7,247,0
15.5015,78.2453,Svalbard Lufthavn,SN99840,30.06.2024 15:00,10.2,1010,49,8.5,244,0
15.5015,78.2453,Svalbard Lufthavn,SN99840,30.06.2024 16:00,10.3,1010,48,7.5,253,0
15.5015,78.2453,Svalbard Lufthavn,SN99840,30.06.2024 17:00,10.6,1009.8,48,7.8,252,0
15.5015,78.2453,Svalbard Lufthavn,SN99840,30.06.2024 18:00,10.2,1009.6,53,7.5,250,0
15.5015,78.2453,Svalbard Lufthavn,SN99840,30.06.2024 19:00,9.9,1009.7,57,6.8,254,0
15.5015,78.2453,Svalbard Lufthavn,SN99840,30.06.2024 20:00,10.1,1009.5,58,8.7,248,0
15.5015,78.2453,Svalbard Lufthavn,SN99840,30.06.2024 21:00,8.6,1009.8,68,8.6,249,0
15.5015,78.2453,Svalbard Lufthavn,SN99840,30.06.2024 22:00,8.4,1009.9,72,6.5,251,0
15.5015,78.2453,Svalbard Lufthavn,SN99840,30.06.2024 23:00,8.9,1010,70,8.5,254,0
15.5015,78.2453,Svalbard Lufthavn,SN99840,01.07.2024 00:00,8.6,1010.1,68,8.8,247,0