2.9500000e+02   1.3248207e-07  -1.0183455e-07
2.9504167e+02   1.3248207e-07  -1.0183455e-07
2.9508333e+02   1.3248207e-07  -1.0183455e-07
2.9512500e+02   1.3248207e-07  -1.0183455e-07
2.9516667e+02   1.3248207e-07  -1.0183455e-07
2.9520833e+02   1.3248207e-07  -1.0183455e-07
2.9525000e+02   1.3248207e-07  -1.0183455e-07
2.9529167e+02   1.3248207e-07  -1.0183455e-07
2.9533333e+02   1.3248207e-07  -1.0183455e-07
2.9537500e+02   1.3248207e-07  -1.0183455e-07
2.9541667e+02   1.3248207e-07  -1.0183455e-07
2.9545833e+02   1.3248207e-07  -1.0183455e-07
2.9550000e+02   1.3248207e-07  -1.0183455e-07
2.9554167e+02   1.3248207e-07  -1.0183455e-07
2.9558333e+02   1.3248207e-07  -1.0183455e-07
2.9562500e+02   1.3248207e-07  -1.0183455e-07
2.9566667e+02   1.3248207e-07  -1.0183455e-07
2.9570833e+02   1.3248207e-07  -1.0183455e-07
2.9575000e+02   1.3248207e-07  -1.0183455e-07
2.9579167e+02   1.3248207e-07  -1.0183455e-07
2.9583333e+02   1.3248207e-07  -1.0183455e-07
2.9587500e+02   1.3248207e-07  -1.0183455e-07
2.9591667e+02   1.3248207e-07  -1.0183455e-07
2.9595833e+02   1.3248207e-07  -1.0183455e-07
2.9600000e+02   1.3248207e-07  -1.0183455e-07
2.9604167e+02   1.3248207e-07  -1.0183455e-07
2.9608333e+02   1.3248207e-07  -1.0183455e-07
2.9612500e+02   1.3248207e-07  -1.0183455e-07
2.9616667e+02   1.3248207e-07  -1.0183455e-07
2.9620833e+02   1.3248207e-07  -1.0183455e-07
2.9625000e+02   1.3248207e-07  -1.0183455e-07
2.9629167e+02   1.3248207e-07  -1.0183455e-07
2.9633333e+02   1.3248207e-07  -1.0183455e-07
2.9637500e+02   1.3248207e-07  -1.0183455e-07
2.9641667e+02   1.3248207e-07  -1.0183455e-07
2.9645833e+02   1.3248207e-07  -1.0183455e-07
2.9650000e+02   1.3248207e-07  -1.0183455e-07
2.9654167e+02   1.3248207e-07  -1.0183455e-07
2.9658333e+02   1.3248207e-07  -1.0183455e-07
2.9662500e+02   1.3248207e-07  -1.0183455e-07
2.9666667e+02   1.3248207e-07  -1.0183455e-07
2.9670833e+02   1.3248207e-07  -1.0183455e-07
2.9675000e+02   1.3248207e-07  -1.0183455e-07
2.9679167e+02   1.3248207e-07  -1.0183455e-07
2.9683333e+02   1.3248207e-07  -1.0183455e-07
2.9687500e+02   1.3248207e-07  -1.0183455e-07
2.9691667e+02   1.3248207e-07  -1.0183455e-07
2.9695833e+02   1.3248207e-07  -1.0183455e-07
2.9700000e+02   1.3248207e-07  -1.0183455e-07
2.9704167e+02   1.3248207e-07  -1.0183455e-07
2.9708333e+02   1.3248207e-07  -1.0183455e-07
2.9712500e+02   1.3248207e-07  -1.0183455e-07
2.9716667e+02   1.3248207e-07  -1.0183455e-07
2.9720833e+02   1.3248207e-07  -1.0183455e-07
2.9725000e+02   1.3248207e-07  -1.0183455e-07
2.9729167e+02   1.3248207e-07  -1.0183455e-07
2.9733333e+02   1.3248207e-07  -1.0183455e-07
2.9737500e+02   1.3248207e-07  -1.0183455e-07
2.9741667e+02   1.3248207e-07  -1.0183455e-07
2.9745833e+02   1.3248207e-07  -1.0183455e-07
2.9750000e+02   1.3248207e-07  -1.0183455e-07
2.9754167e+02   1.3248207e-07  -1.0183455e-07
2.9758333e+02   1.3248207e-07  -1.0183455e-07
2.9762500e+02   1.3248207e-07  -1.0183455e-07
2.9766667e+02   1.3248207e-07  -1.0183455e-07
2.9770833e+02   1.3248207e-07  -1.0183455e-07
2.9775000e+02   1.3248207e-07  -1.0183455e-07
2.9779167e+02   1.3248207e-07  -1.0183455e-07
2.9783333e+02   1.3248207e-07  -1.0183455e-07
2.9787500e+02   1.3248207e-07  -1.0183455e-07
2.9791667e+02   1.3248207e-07  -1.0183455e-07
2.9795833e+02   1.3248207e-07  -1.0183455e-07
2.9800000e+02   1.3248207e-07  -1.0183455e-07
2.9804167e+02   1.3248207e-07  -1.0183455e-07
2.9808333e+02   1.3248207e-07  -1.0183455e-07
2.9812500e+02   1.3248207e-07  -1.0183455e-07
2.9816667e+02   1.3248207e-07  -1.0183455e-07
2.9820833e+02   1.3248207e-07  -1.0183455e-07
2.9825000e+02   1.3248207e-07  -1.0183455e-07
2.9829167e+02   1.3248207e-07  -1.0183455e-07
2.9833333e+02   1.3248207e-07  -1.0183455e-07
2.9837500e+02   1.3248207e-07  -1.0183455e-07
2.9841667e+02   1.3248207e-07  -1.0183455e-07
2.9845833e+02   1.3248207e-07  -1.0183455e-07
2.9850000e+02   1.3248207e-07  -1.0183455e-07
2.9854167e+02   1.3248207e-07  -1.0183455e-07
2.9858333e+02   1.3248207e-07  -1.0183455e-07
2.9862500e+02   1.3248207e-07  -1.0183455e-07
2.9866667e+02   1.3248207e-07  -1.0183455e-07
2.9870833e+02   1.3248207e-07  -1.0183455e-07
2.9875000e+02   1.3248207e-07  -1.0183455e-07
2.9879167e+02   1.3248207e-07  -1.0183455e-07
2.9883333e+02   1.3248207e-07  -1.0183455e-07
2.9887500e+02   1.3248207e-07  -1.0183455e-07
2.9891667e+02   1.3248207e-07  -1.0183455e-07
2.9895833e+02   1.3248207e-07  -1.0183455e-07
2.9900000e+02   1.3248207e-07  -1.0183455e-07
2.9904167e+02   1.3248207e-07  -1.0183455e-07
2.9908333e+02   1.3248207e-07  -1.0183455e-07
2.9912500e+02   1.3248207e-07  -1.0183455e-07
2.9916667e+02   1.3248207e-07  -1.0183455e-07
2.9920833e+02   1.3248207e-07  -1.0183455e-07
2.9925000e+02   1.3248207e-07  -1.0183455e-07
2.9929167e+02   1.3248207e-07  -1.0183455e-07
2.9933333e+02   1.3248207e-07  -1.0183455e-07
2.9937500e+02   1.3248207e-07  -1.0183455e-07
2.9941667e+02   1.3248207e-07  -1.0183455e-07
2.9945833e+02   1.3248207e-07  -1.0183455e-07
2.9950000e+02   1.3248207e-07  -1.0183455e-07
2.9954167e+02   1.3248207e-07  -1.0183455e-07
2.9958333e+02   1.3248207e-07  -1.0183455e-07
2.9962500e+02   1.3248207e-07  -1.0183455e-07
2.9966667e+02   1.3248207e-07  -1.0183455e-07
2.9970833e+02   1.3248207e-07  -1.0183455e-07
2.9975000e+02   1.3248207e-07  -1.0183455e-07
2.9979167e+02   1.3248207e-07  -1.0183455e-07
2.9983333e+02   1.3248207e-07  -1.0183455e-07
2.9987500e+02   1.3248207e-07  -1.0183455e-07
2.9991667e+02   1.3248207e-07  -1.0183455e-07
2.9995833e+02   1.3248207e-07  -1.0183455e-07
3.0000000e+02   1.3248207e-07  -1.0183455e-07
3.0004167e+02   1.3248207e-07  -1.0183455e-07
3.0008333e+02   1.3248207e-07  -1.0183455e-07
3.0012500e+02   1.3248207e-07  -1.0183455e-07
3.0016667e+02   1.3248207e-07  -1.0183455e-07
3.0020833e+02   1.3248207e-07  -1.0183455e-07
3.0025000e+02   1.3248207e-07  -1.0183455e-07
3.0029167e+02   1.3248207e-07  -1.0183455e-07
3.0033333e+02   1.3248207e-07  -1.0183455e-07
3.0037500e+02   1.3248207e-07  -1.0183455e-07
3.0041667e+02   1.3248207e-07  -1.0183455e-07
3.0045833e+02   1.3248207e-07  -1.0183455e-07
3.0050000e+02   1.3248207e-07  -1.0183455e-07
3.0054167e+02   1.3248207e-07  -1.0183455e-07
3.0058333e+02   1.3248207e-07  -1.0183455e-07
3.0062500e+02   1.3248207e-07  -1.0183455e-07
3.0066667e+02   1.3248207e-07  -1.0183455e-07
3.0070833e+02   1.3248207e-07  -1.0183455e-07
3.0075000e+02   1.3248207e-07  -1.0183455e-07
3.0079167e+02   1.3248207e-07  -1.0183455e-07
3.0083333e+02   1.3248207e-07  -1.0183455e-07
3.0087500e+02   1.3248207e-07  -1.0183455e-07
3.0091667e+02   1.3248207e-07  -1.0183455e-07
3.0095833e+02   1.3248207e-07  -1.0183455e-07
3.0100000e+02   1.3248207e-07  -1.0183455e-07
3.0104167e+02   1.3248207e-07  -1.0183455e-07
3.0108333e+02   1.3248207e-07  -1.0183455e-07
3.0112500e+02   1.3248207e-07  -1.0183455e-07
3.0116667e+02   1.3248207e-07  -1.0183455e-07
3.0120833e+02   1.3248207e-07  -1.0183455e-07
3.0125000e+02   1.3248207e-07  -1.0183455e-07
3.0129167e+02   1.3248207e-07  -1.0183455e-07
3.0133333e+02   1.3248207e-07  -1.0183455e-07
3.0137500e+02   1.3248207e-07  -1.0183455e-07
3.0141667e+02   1.3248207e-07  -1.0183455e-07
3.0145833e+02   1.3248207e-07  -1.0183455e-07
3.0150000e+02   1.3248207e-07  -1.0183455e-07
3.0154167e+02   1.3248207e-07  -1.0183455e-07
3.0158333e+02   1.3248207e-07  -1.0183455e-07
3.0162500e+02   1.3248207e-07  -1.0183455e-07
3.0166667e+02   1.3248207e-07  -1.0183455e-07
3.0170833e+02   1.3248207e-07  -1.0183455e-07
3.0175000e+02   1.3248207e-07  -1.0183455e-07
3.0179167e+02   1.3248207e-07  -1.0183455e-07
3.0183333e+02   1.3248207e-07  -1.0183455e-07
3.0187500e+02   1.3248207e-07  -1.0183455e-07
3.0191667e+02   1.3248207e-07  -1.0183455e-07
3.0195833e+02   1.3248207e-07  -1.0183455e-07
3.0200000e+02   1.3248207e-07  -1.0183455e-07
3.0204167e+02   1.3248207e-07  -1.0183455e-07
3.0208333e+02   1.3248207e-07  -1.0183455e-07
3.0212500e+02   1.3248207e-07  -1.0183455e-07
3.0216667e+02   1.3248207e-07  -1.0183455e-07
3.0220833e+02   1.3248207e-07  -1.0183455e-07
3.0225000e+02   1.3248207e-07  -1.0183455e-07
3.0229167e+02   1.3248207e-07  -1.0183455e-07
3.0233333e+02   1.3248207e-07  -1.0183455e-07
3.0237500e+02   1.3248207e-07  -1.0183455e-07
3.0241667e+02   1.3248207e-07  -1.0183455e-07
3.0245833e+02   1.3248207e-07  -1.0183455e-07
3.0250000e+02   1.3248207e-07  -1.0183455e-07
3.0254167e+02   1.3248207e-07  -1.0183455e-07
3.0258333e+02   1.3248207e-07  -1.0183455e-07
3.0262500e+02   1.3248207e-07  -1.0183455e-07
3.0266667e+02   1.3248207e-07  -1.0183455e-07
3.0270833e+02   1.3248207e-07  -1.0183455e-07
3.0275000e+02   1.3248207e-07  -1.0183455e-07
3.0279167e+02   1.3248207e-07  -1.0183455e-07
3.0283333e+02   1.3248207e-07  -1.0183455e-07
3.0287500e+02   1.3248207e-07  -1.0183455e-07
3.0291667e+02   1.3248207e-07  -1.0183455e-07
3.0295833e+02   1.3248207e-07  -1.0183455e-07
3.0300000e+02   1.3248207e-07  -1.0183455e-07
3.0304167e+02   1.3248207e-07  -1.0183455e-07
3.0308333e+02   1.3248207e-07  -1.0183455e-07
3.0312500e+02   1.3248207e-07  -1.0183455e-07
3.0316667e+02   1.3248207e-07  -1.0183455e-07
3.0320833e+02   1.3248207e-07  -1.0183455e-07
3.0325000e+02   1.3248207e-07  -1.0183455e-07
3.0329167e+02   1.3248207e-07  -1.0183455e-07
3.0333333e+02   1.3248207e-07  -1.0183455e-07
3.0337500e+02   1.3248207e-07  -1.0183455e-07
3.0341667e+02   1.3248207e-07  -1.0183455e-07
3.0345833e+02   1.3248207e-07  -1.0183455e-07
3.0350000e+02   1.3248207e-07  -1.0183455e-07
3.0354167e+02   1.3248207e-07  -1.0183455e-07
3.0358333e+02   1.3248207e-07  -1.0183455e-07
3.0362500e+02   1.3248207e-07  -1.0183455e-07
3.0366667e+02   1.3248207e-07  -1.0183455e-07
3.0370833e+02   1.3248207e-07  -1.0183455e-07
3.0375000e+02   1.3248207e-07  -1.0183455e-07
3.0379167e+02   1.3248207e-07  -1.0183455e-07
3.0383333e+02   1.3248207e-07  -1.0183455e-07
3.0387500e+02   1.3248207e-07  -1.0183455e-07
3.0391667e+02   1.3248207e-07  -1.0183455e-07
3.0395833e+02   1.3248207e-07  -1.0183455e-07
3.0400000e+02   1.3248207e-07  -1.0183455e-07
3.0404167e+02   1.3248207e-07  -1.0183455e-07
3.0408333e+02   1.3248207e-07  -1.0183455e-07
3.0412500e+02   1.3248207e-07  -1.0183455e-07
3.0416667e+02   1.3248207e-07  -1.0183455e-07
3.0420833e+02   1.3248207e-07  -1.0183455e-07
3.0425000e+02   1.3248207e-07  -1.0183455e-07
3.0429167e+02   1.3248207e-07  -1.0183455e-07
3.0433333e+02   1.3248207e-07  -1.0183455e-07
3.0437500e+02   1.3248207e-07  -1.0183455e-07
3.0441667e+02   1.3248207e-07  -1.0183455e-07
3.0445833e+02   1.3248207e-07  -1.0183455e-07
3.0450000e+02   1.3248207e-07  -1.0183455e-07
3.0454167e+02   1.3248207e-07  -1.0183455e-07
3.0458333e+02   1.3248207e-07  -1.0183455e-07
3.0462500e+02   1.3248207e-07  -1.0183455e-07
3.0466667e+02   1.3248207e-07  -1.0183455e-07
3.0470833e+02   1.3248207e-07  -1.0183455e-07
3.0475000e+02   1.3248207e-07  -1.0183455e-07
3.0479167e+02   1.3248207e-07  -1.0183455e-07
3.0483333e+02   1.3248207e-07  -1.0183455e-07
3.0487500e+02   1.3248207e-07  -1.0183455e-07
3.0491667e+02   1.3248207e-07  -1.0183455e-07
3.0495833e+02   1.3248207e-07  -1.0183455e-07
3.0500000e+02   1.3248207e-07  -1.0183455e-07
3.0504167e+02   1.3248207e-07  -1.0183455e-07
3.0508333e+02   1.3248207e-07  -1.0183455e-07
3.0512500e+02   1.3248207e-07  -1.0183455e-07
3.0516667e+02   1.3248207e-07  -1.0183455e-07
3.0520833e+02   1.3248207e-07  -1.0183455e-07
3.0525000e+02   1.3248207e-07  -1.0183455e-07
3.0529167e+02   1.3248207e-07  -1.0183455e-07
3.0533333e+02   1.3248207e-07  -1.0183455e-07
3.0537500e+02   1.3248207e-07  -1.0183455e-07
3.0541667e+02   1.3248207e-07  -1.0183455e-07
3.0545833e+02   1.3248207e-07  -1.0183455e-07
3.0550000e+02   1.3248207e-07  -1.0183455e-07
3.0554167e+02   1.3248207e-07  -1.0183455e-07
3.0558333e+02   1.3248207e-07  -1.0183455e-07
3.0562500e+02   1.3248207e-07  -1.0183455e-07
3.0566667e+02   1.3248207e-07  -1.0183455e-07
3.0570833e+02   1.3248207e-07  -1.0183455e-07
3.0575000e+02   1.3248207e-07  -1.0183455e-07
3.0579167e+02   1.3248207e-07  -1.0183455e-07
3.0583333e+02   1.3248207e-07  -1.0183455e-07
3.0587500e+02   1.3248207e-07  -1.0183455e-07
3.0591667e+02   1.3248207e-07  -1.0183455e-07
3.0595833e+02   1.3248207e-07  -1.0183455e-07
3.0600000e+02   1.3248207e-07  -1.0183455e-07
3.0604167e+02   1.3248207e-07  -1.0183455e-07
3.0608333e+02   1.3248207e-07  -1.0183455e-07
3.0612500e+02   1.3248207e-07  -1.0183455e-07
3.0616667e+02   1.3248207e-07  -1.0183455e-07
3.0620833e+02   1.3248207e-07  -1.0183455e-07
3.0625000e+02   1.3248207e-07  -1.0183455e-07
3.0629167e+02   1.3156287e-07  -1.0072772e-07
3.0633333e+02   1.2972448e-07  -9.8514039e-08
3.0637500e+02   1.2696690e-07  -9.5193523e-08
3.0641667e+02   1.2329012e-07  -9.0766169e-08
3.0645833e+02   1.1896998e-07  -8.5601512e-08
3.0650000e+02   1.1460172e-07  -8.0496970e-08
3.0654167e+02   1.1018533e-07  -7.5452545e-08
3.0658333e+02   1.0572081e-07  -7.0468235e-08
3.0662500e+02   1.0120817e-07  -6.5544041e-08
3.0666667e+02   9.6647405e-08  -6.0679962e-08
3.0670833e+02   9.2038512e-08  -5.5876000e-08
3.0675000e+02   8.7381494e-08  -5.1132153e-08
3.0679167e+02   8.3595544e-08  -4.7555261e-08
3.0683333e+02   8.0680663e-08  -4.5145323e-08
3.0687500e+02   7.8636852e-08  -4.3902340e-08
3.0691667e+02   7.7464109e-08  -4.3826311e-08
3.0695833e+02   7.6886597e-08  -4.4547700e-08
3.0700000e+02   7.6309084e-08  -4.5269090e-08
3.0704167e+02   7.5731572e-08  -4.5990480e-08
3.0708333e+02   7.5154060e-08  -4.6711869e-08
3.0712500e+02   7.4576548e-08  -4.7433259e-08
3.0716667e+02   7.3999036e-08  -4.8154649e-08
3.0720833e+02   7.3421523e-08  -4.8876039e-08
3.0725000e+02   7.2844011e-08  -4.9597428e-08
3.0729167e+02   7.2266499e-08  -5.0318818e-08
3.0733333e+02   7.1688987e-08  -5.1040208e-08
3.0737500e+02   7.1111474e-08  -5.1761597e-08
3.0741667e+02   7.0533962e-08  -5.2482987e-08
3.0745833e+02   6.9956450e-08  -5.3204377e-08
3.0750000e+02   6.9378938e-08  -5.3925766e-08
3.0754167e+02   6.8801426e-08  -5.4647156e-08
3.0758333e+02   6.8223913e-08  -5.5368546e-08
3.0762500e+02   6.7646401e-08  -5.6089935e-08
3.0766667e+02   6.7068889e-08  -5.6811325e-08
3.0770833e+02   6.6491377e-08  -5.7532715e-08
3.0775000e+02   6.5913865e-08  -5.8254104e-08
3.0779167e+02   6.5336352e-08  -5.8975494e-08
3.0783333e+02   6.4758840e-08  -5.9696884e-08
3.0787500e+02   6.4181328e-08  -6.0418274e-08
3.0791667e+02   6.3603816e-08  -6.1139663e-08
3.0795833e+02   6.3042914e-08  -6.1834806e-08
3.0800000e+02   6.2558674e-08  -6.2408810e-08
3.0804167e+02   6.2151097e-08  -6.2861676e-08
3.0808333e+02   6.1820182e-08  -6.3193403e-08
3.0812500e+02   6.1565930e-08  -6.3403991e-08
3.0816667e+02   6.1388341e-08  -6.3493440e-08
3.0820833e+02   6.1287414e-08  -6.3461751e-08
3.0825000e+02   6.1263149e-08  -6.3308922e-08
3.0829167e+02   6.1315547e-08  -6.3034955e-08
3.0833333e+02   6.1444607e-08  -6.2639850e-08
3.0837500e+02   6.1650330e-08  -6.2123605e-08
3.0841667e+02   6.1932715e-08  -6.1486222e-08
3.0845833e+02   6.2275152e-08  -6.0753947e-08
3.0850000e+02   6.2617590e-08  -6.0021672e-08
3.0854167e+02   6.2960027e-08  -5.9289397e-08
3.0858333e+02   6.3302465e-08  -5.8557122e-08
3.0862500e+02   6.3644902e-08  -5.7824846e-08
3.0866667e+02   6.3987340e-08  -5.7092571e-08
3.0870833e+02   6.4329777e-08  -5.6360296e-08
3.0875000e+02   6.4672215e-08  -5.5628021e-08
3.0879167e+02   6.5014652e-08  -5.4895746e-08
3.0883333e+02   6.5357090e-08  -5.4163471e-08
3.0887500e+02   6.5699527e-08  -5.3431196e-08
3.0891667e+02   6.6041965e-08  -5.2698920e-08
3.0895833e+02   6.6384402e-08  -5.1966645e-08
3.0900000e+02   6.6726840e-08  -5.1234370e-08
3.0904167e+02   6.7069277e-08  -5.0502095e-08
3.0908333e+02   6.7411715e-08  -4.9769820e-08
3.0912500e+02   6.7754152e-08  -4.9037545e-08
3.0916667e+02   6.8096590e-08  -4.8305270e-08
3.0920833e+02   6.8439027e-08  -4.7572994e-08
3.0925000e+02   6.8781465e-08  -4.6840719e-08
3.0929167e+02   6.9123902e-08  -4.6108444e-08
3.0933333e+02   6.9466340e-08  -4.5376169e-08
3.0937500e+02   6.9808777e-08  -4.4643894e-08
3.0941667e+02   7.0151215e-08  -4.3911619e-08
3.0945833e+02   7.0497682e-08  -4.3187643e-08
3.0950000e+02   7.0878693e-08  -4.2534810e-08
3.0954167e+02   7.1294247e-08  -4.1953118e-08
3.0958333e+02   7.1744345e-08  -4.1442567e-08
3.0962500e+02   7.2228986e-08  -4.1003158e-08
3.0966667e+02   7.2748170e-08  -4.0634891e-08
3.0970833e+02   7.3301898e-08  -4.0337765e-08
3.0975000e+02   7.3890168e-08  -4.0111781e-08
3.0979167e+02   7.4512983e-08  -3.9956939e-08
3.0983333e+02   7.5170340e-08  -3.9873238e-08
3.0987500e+02   7.5862241e-08  -3.9860679e-08
3.0991667e+02   7.6588685e-08  -3.9919261e-08
3.0995833e+02   7.7345643e-08  -4.0040685e-08
3.1000000e+02   7.8102600e-08  -4.0162109e-08
3.1004167e+02   7.8859558e-08  -4.0283533e-08
3.1008333e+02   7.9616516e-08  -4.0404957e-08
3.1012500e+02   8.0373473e-08  -4.0526381e-08
3.1016667e+02   8.1130431e-08  -4.0647805e-08
3.1020833e+02   8.1887388e-08  -4.0769230e-08
3.1025000e+02   8.2644346e-08  -4.0890654e-08
3.1029167e+02   8.3401303e-08  -4.1012078e-08
3.1033333e+02   8.4158261e-08  -4.1133502e-08
3.1037500e+02   8.4915218e-08  -4.1254926e-08
3.1041667e+02   8.5672176e-08  -4.1376350e-08
3.1045833e+02   8.6429133e-08  -4.1497774e-08
3.1050000e+02   8.7186091e-08  -4.1619198e-08
3.1054167e+02   8.7943048e-08  -4.1740622e-08
3.1058333e+02   8.8700006e-08  -4.1862046e-08
3.1062500e+02   8.9456963e-08  -4.1983470e-08
3.1066667e+02   9.0213921e-08  -4.2104894e-08
3.1070833e+02   9.0970878e-08  -4.2226318e-08
3.1075000e+02   9.1727836e-08  -4.2347743e-08
3.1079167e+02   9.2484793e-08  -4.2469167e-08
3.1083333e+02   9.3241751e-08  -4.2590591e-08
3.1087500e+02   9.3998708e-08  -4.2712015e-08
3.1091667e+02   9.4755666e-08  -4.2833439e-08
3.1095833e+02   9.5511026e-08  -4.2954196e-08
3.1100000e+02   9.6074662e-08  -4.2994882e-08
3.1104167e+02   9.6446576e-08  -4.2955499e-08
3.1108333e+02   9.6626766e-08  -4.2836046e-08
3.1112500e+02   9.6615234e-08  -4.2636522e-08
3.1116667e+02   9.6411978e-08  -4.2356929e-08
3.1120833e+02   9.6016999e-08  -4.1997265e-08
3.1125000e+02   9.5430297e-08  -4.1557531e-08
3.1129167e+02   9.4651872e-08  -4.1037728e-08
3.1133333e+02   9.3681724e-08  -4.0437854e-08
3.1137500e+02   9.2519852e-08  -3.9757910e-08
3.1141667e+02   9.1166258e-08  -3.8997896e-08
3.1145833e+02   8.9622538e-08  -3.8158479e-08
3.1150000e+02   8.8078818e-08  -3.7319062e-08
3.1154167e+02   8.6535098e-08  -3.6479645e-08
3.1158333e+02   8.4991378e-08  -3.5640228e-08
3.1162500e+02   8.3447658e-08  -3.4800812e-08
3.1166667e+02   8.1903938e-08  -3.3961395e-08
3.1170833e+02   8.0360218e-08  -3.3121978e-08
3.1175000e+02   7.8816498e-08  -3.2282561e-08
3.1179167e+02   7.7272778e-08  -3.1443144e-08
3.1183333e+02   7.5729058e-08  -3.0603727e-08
3.1187500e+02   7.4185338e-08  -2.9764311e-08
3.1191667e+02   7.2641618e-08  -2.8924894e-08
3.1195833e+02   7.1138075e-08  -2.8148893e-08
3.1200000e+02   6.9714885e-08  -2.7499724e-08
3.1204167e+02   6.8372047e-08  -2.6977386e-08
3.1208333e+02   6.7109563e-08  -2.6581880e-08
3.1212500e+02   6.5927432e-08  -2.6313206e-08
3.1216667e+02   6.4825655e-08  -2.6171364e-08
3.1220833e+02   6.3804230e-08  -2.6156353e-08
3.1225000e+02   6.2863158e-08  -2.6268174e-08
3.1229167e+02   6.2002440e-08  -2.6506827e-08
3.1233333e+02   6.1222074e-08  -2.6872312e-08
3.1237500e+02   6.0522062e-08  -2.7364628e-08
3.1241667e+02   5.9902403e-08  -2.7983776e-08
3.1245833e+02   5.9322920e-08  -2.8666340e-08
3.1250000e+02   5.8743438e-08  -2.9348904e-08
3.1254167e+02   5.8163955e-08  -3.0031467e-08
3.1258333e+02   5.7584473e-08  -3.0714031e-08
3.1262500e+02   5.7004990e-08  -3.1396595e-08
3.1266667e+02   5.6425507e-08  -3.2079159e-08
3.1270833e+02   5.5846025e-08  -3.2761723e-08
3.1275000e+02   5.5266542e-08  -3.3444287e-08
3.1279167e+02   5.4687060e-08  -3.4126850e-08
3.1283333e+02   5.4107577e-08  -3.4809414e-08
3.1287500e+02   5.3528094e-08  -3.5491978e-08
3.1291667e+02   5.2948612e-08  -3.6174542e-08
3.1295833e+02   5.2369129e-08  -3.6857106e-08
3.1300000e+02   5.1789647e-08  -3.7539670e-08
3.1304167e+02   5.1210164e-08  -3.8222233e-08
3.1308333e+02   5.0630681e-08  -3.8904797e-08
3.1312500e+02   5.0051199e-08  -3.9587361e-08
3.1316667e+02   4.9471716e-08  -4.0269925e-08
3.1320833e+02   4.8892234e-08  -4.0952489e-08
3.1325000e+02   4.8312751e-08  -4.1635053e-08
3.1329167e+02   4.7733269e-08  -4.2317616e-08
3.1333333e+02   4.7153786e-08  -4.3000180e-08
3.1337500e+02   4.6574303e-08  -4.3682744e-08
3.1341667e+02   4.5994821e-08  -4.4365308e-08
3.1345833e+02   4.5566163e-08  -4.5034645e-08
3.1350000e+02   4.5514567e-08  -4.5670915e-08
3.1354167e+02   4.5840033e-08  -4.6274119e-08
3.1358333e+02   4.6542560e-08  -4.6844255e-08
3.1362500e+02   4.7622150e-08  -4.7381325e-08
3.1366667e+02   4.9078801e-08  -4.7885328e-08
3.1370833e+02   5.0912514e-08  -4.8356265e-08
3.1375000e+02   5.3123289e-08  -4.8794134e-08
3.1379167e+02   5.5711126e-08  -4.9198937e-08
3.1383333e+02   5.8676025e-08  -4.9570672e-08
3.1387500e+02   6.2017986e-08  -4.9909341e-08
3.1391667e+02   6.5737008e-08  -5.0214944e-08
3.1395833e+02   6.9682268e-08  -5.0500706e-08
3.1400000e+02   7.3627527e-08  -5.0786468e-08
3.1404167e+02   7.7572787e-08  -5.1072230e-08
3.1408333e+02   8.1518046e-08  -5.1357992e-08
3.1412500e+02   8.5463306e-08  -5.1643754e-08
3.1416667e+02   8.9408565e-08  -5.1929516e-08
3.1420833e+02   9.3353825e-08  -5.2215278e-08
3.1425000e+02   9.7299084e-08  -5.2501040e-08
3.1429167e+02   1.0124434e-07  -5.2786802e-08
3.1433333e+02   1.0518960e-07  -5.3072565e-08
3.1437500e+02   1.0913486e-07  -5.3358327e-08
3.1441667e+02   1.1308012e-07  -5.3644089e-08
3.1445833e+02   1.1702538e-07  -5.3929851e-08
3.1450000e+02   1.2097064e-07  -5.4215613e-08
3.1454167e+02   1.2491590e-07  -5.4501375e-08
3.1458333e+02   1.2886116e-07  -5.4787137e-08
3.1462500e+02   1.3280642e-07  -5.5072899e-08
3.1466667e+02   1.3675168e-07  -5.5358661e-08
3.1470833e+02   1.4069694e-07  -5.5644423e-08
3.1475000e+02   1.4464220e-07  -5.5930185e-08
3.1479167e+02   1.4858746e-07  -5.6215948e-08
3.1483333e+02   1.5253272e-07  -5.6501710e-08
3.1487500e+02   1.5647798e-07  -5.6787472e-08
3.1491667e+02   1.6042324e-07  -5.7073234e-08
3.1495833e+02   1.6441361e-07  -5.7372011e-08
3.1500000e+02   1.6855865e-07  -5.7715410e-08
3.1504167e+02   1.7285836e-07  -5.8103432e-08
3.1508333e+02   1.7731273e-07  -5.8536077e-08
3.1512500e+02   1.8192178e-07  -5.9013344e-08
3.1516667e+02   1.8668550e-07  -5.9535233e-08
3.1520833e+02   1.9160388e-07  -6.0101745e-08
3.1525000e+02   1.9667693e-07  -6.0712880e-08
3.1529167e+02   2.0190466e-07  -6.1368637e-08
3.1533333e+02   2.0728705e-07  -6.2069016e-08
3.1537500e+02   2.1282411e-07  -6.2814018e-08
3.1541667e+02   2.1851584e-07  -6.3603643e-08
3.1545833e+02   2.2431712e-07  -6.4424875e-08
3.1550000e+02   2.3011841e-07  -6.5246107e-08
3.1554167e+02   2.3591969e-07  -6.6067339e-08
3.1558333e+02   2.4172098e-07  -6.6888571e-08
3.1562500e+02   2.4752227e-07  -6.7709803e-08
3.1566667e+02   2.5332355e-07  -6.8531036e-08
3.1570833e+02   2.5912484e-07  -6.9352268e-08
3.1575000e+02   2.6492612e-07  -7.0173500e-08
3.1579167e+02   2.7072741e-07  -7.0994732e-08
3.1583333e+02   2.7652870e-07  -7.1815964e-08
3.1587500e+02   2.8232998e-07  -7.2637196e-08
3.1591667e+02   2.8813127e-07  -7.3458428e-08
3.1595833e+02   2.9393255e-07  -7.4279660e-08
3.1600000e+02   2.9973384e-07  -7.5100893e-08
3.1604167e+02   3.0553513e-07  -7.5922125e-08
3.1608333e+02   3.1133641e-07  -7.6743357e-08
3.1612500e+02   3.1713770e-07  -7.7564589e-08
3.1616667e+02   3.2293898e-07  -7.8385821e-08
3.1620833e+02   3.2874027e-07  -7.9207053e-08
3.1625000e+02   3.3454156e-07  -8.0028285e-08
3.1629167e+02   3.4034284e-07  -8.0849517e-08
3.1633333e+02   3.4614413e-07  -8.1670749e-08
3.1637500e+02   3.5194541e-07  -8.2491982e-08
3.1641667e+02   3.5774670e-07  -8.3313214e-08
3.1645833e+02   3.6343815e-07  -8.4232766e-08
3.1650000e+02   3.6853050e-07  -8.5688607e-08
3.1654167e+02   3.7302374e-07  -8.7680737e-08
3.1658333e+02   3.7691788e-07  -9.0209157e-08
3.1662500e+02   3.8021292e-07  -9.3273866e-08
3.1666667e+02   3.8290885e-07  -9.6874864e-08
3.1670833e+02   3.8500568e-07  -1.0101215e-07
3.1675000e+02   3.8650340e-07  -1.0568573e-07
3.1679167e+02   3.8740202e-07  -1.1089559e-07
3.1683333e+02   3.8770154e-07  -1.1664175e-07
3.1687500e+02   3.8740195e-07  -1.2292419e-07
3.1691667e+02   3.8650326e-07  -1.2974293e-07
3.1695833e+02   3.8511531e-07  -1.3699963e-07
3.1700000e+02   3.8372735e-07  -1.4425634e-07
3.1704167e+02   3.8233939e-07  -1.5151304e-07
3.1708333e+02   3.8095143e-07  -1.5876974e-07
3.1712500e+02   3.7956348e-07  -1.6602645e-07
3.1716667e+02   3.7817552e-07  -1.7328315e-07
3.1720833e+02   3.7678756e-07  -1.8053985e-07
3.1725000e+02   3.7539960e-07  -1.8779656e-07
3.1729167e+02   3.7401165e-07  -1.9505326e-07
3.1733333e+02   3.7262369e-07  -2.0230996e-07
3.1737500e+02   3.7123573e-07  -2.0956667e-07
3.1741667e+02   3.6984777e-07  -2.1682337e-07
3.1745833e+02   3.6845981e-07  -2.2408008e-07
3.1750000e+02   3.6707186e-07  -2.3133678e-07
3.1754167e+02   3.6568390e-07  -2.3859348e-07
3.1758333e+02   3.6429594e-07  -2.4585019e-07
3.1762500e+02   3.6290798e-07  -2.5310689e-07
3.1766667e+02   3.6152003e-07  -2.6036359e-07
3.1770833e+02   3.5972046e-07  -2.6676567e-07
3.1775000e+02   3.5744597e-07  -2.7218163e-07
3.1779167e+02   3.5469654e-07  -2.7661147e-07
3.1783333e+02   3.5147218e-07  -2.8005521e-07
3.1787500e+02   3.4777289e-07  -2.8251283e-07
3.1791667e+02   3.4359867e-07  -2.8398434e-07
3.1795833e+02   3.3894952e-07  -2.8446974e-07
3.1800000e+02   3.3382544e-07  -2.8396903e-07
3.1804167e+02   3.2822642e-07  -2.8248220e-07
3.1808333e+02   3.2215248e-07  -2.8000926e-07
3.1812500e+02   3.1560360e-07  -2.7655021e-07
3.1816667e+02   3.0857980e-07  -2.7210504e-07
3.1820833e+02   3.0149266e-07  -2.6752839e-07
3.1825000e+02   2.9440553e-07  -2.6295175e-07
3.1829167e+02   2.8731840e-07  -2.5837510e-07
3.1833333e+02   2.8023127e-07  -2.5379845e-07
3.1837500e+02   2.7314414e-07  -2.4922181e-07
3.1841667e+02   2.6605701e-07  -2.4464516e-07
3.1845833e+02   2.5896988e-07  -2.4006851e-07
3.1850000e+02   2.5188275e-07  -2.3549187e-07
3.1854167e+02   2.4479562e-07  -2.3091522e-07
3.1858333e+02   2.3770848e-07  -2.2633857e-07
3.1862500e+02   2.3062135e-07  -2.2176193e-07
3.1866667e+02   2.2353422e-07  -2.1718528e-07
3.1870833e+02   2.1644709e-07  -2.1260863e-07
3.1875000e+02   2.0935996e-07  -2.0803199e-07
3.1879167e+02   2.0227283e-07  -2.0345534e-07
3.1883333e+02   1.9518570e-07  -1.9887870e-07
3.1887500e+02   1.8809857e-07  -1.9430205e-07
3.1891667e+02   1.8101143e-07  -1.8972540e-07
3.1895833e+02   1.7392430e-07  -1.8514876e-07
3.1900000e+02   1.6683717e-07  -1.8057211e-07
3.1904167e+02   1.5975004e-07  -1.7599546e-07
3.1908333e+02   1.5266291e-07  -1.7141882e-07
3.1912500e+02   1.4557578e-07  -1.6684217e-07
3.1916667e+02   1.3848865e-07  -1.6226552e-07
3.1920833e+02   1.3140152e-07  -1.5768888e-07
3.1925000e+02   1.2431438e-07  -1.5311223e-07
3.1929167e+02   1.1722725e-07  -1.4853558e-07
3.1933333e+02   1.1014012e-07  -1.4395894e-07
3.1937500e+02   1.0305299e-07  -1.3938229e-07
3.1941667e+02   9.5965859e-08  -1.3480564e-07
3.1945833e+02   8.8878728e-08  -1.3022900e-07
3.1950000e+02   8.2391612e-08  -1.2600122e-07
3.1954167e+02   7.6525202e-08  -1.2213434e-07
3.1958333e+02   7.1279498e-08  -1.1862836e-07
3.1962500e+02   6.6654499e-08  -1.1548328e-07
3.1966667e+02   6.2650206e-08  -1.1269910e-07
3.1970833e+02   5.9266619e-08  -1.1027582e-07
3.1975000e+02   5.6503738e-08  -1.0821343e-07
3.1979167e+02   5.4361562e-08  -1.0651195e-07
3.1983333e+02   5.2840092e-08  -1.0517136e-07
3.1987500e+02   5.1939327e-08  -1.0419168e-07
3.1991667e+02   5.1659268e-08  -1.0357289e-07
3.1995833e+02   5.1999915e-08  -1.0331500e-07
3.2000000e+02   5.2361252e-08  -1.0306915e-07
3.2004167e+02   5.2722590e-08  -1.0282329e-07
3.2008333e+02   5.3083927e-08  -1.0257743e-07
3.2012500e+02   5.3445264e-08  -1.0233157e-07
3.2016667e+02   5.3806601e-08  -1.0208571e-07
3.2020833e+02   5.4167938e-08  -1.0183986e-07
3.2025000e+02   5.4529275e-08  -1.0159400e-07
3.2029167e+02   5.4890612e-08  -1.0134814e-07
3.2033333e+02   5.5251949e-08  -1.0110228e-07
3.2037500e+02   5.5613287e-08  -1.0085643e-07
3.2041667e+02   5.5974624e-08  -1.0061057e-07
3.2045833e+02   5.6335961e-08  -1.0036471e-07
3.2050000e+02   5.6697298e-08  -1.0011885e-07
3.2054167e+02   5.7058635e-08  -9.9872993e-08
3.2058333e+02   5.7419972e-08  -9.9627136e-08
3.2062500e+02   5.7781309e-08  -9.9381278e-08
3.2066667e+02   5.8142647e-08  -9.9135420e-08
3.2070833e+02   5.8503984e-08  -9.8889562e-08
3.2075000e+02   5.8865321e-08  -9.8643704e-08
3.2079167e+02   5.9226658e-08  -9.8397846e-08
3.2083333e+02   5.9587995e-08  -9.8151988e-08
3.2087500e+02   5.9949332e-08  -9.7906130e-08
3.2091667e+02   6.0310669e-08  -9.7660272e-08
3.2095833e+02   6.0672006e-08  -9.7414414e-08
3.2100000e+02   6.1052658e-08  -9.7177903e-08
3.2104167e+02   6.1455595e-08  -9.6952177e-08
3.2108333e+02   6.1880818e-08  -9.6737236e-08
3.2112500e+02   6.2328327e-08  -9.6533079e-08
3.2116667e+02   6.2798122e-08  -9.6339708e-08
3.2120833e+02   6.3290203e-08  -9.6157121e-08
3.2125000e+02   6.3804570e-08  -9.5985319e-08
3.2129167e+02   6.4341222e-08  -9.5824302e-08
3.2133333e+02   6.4900160e-08  -9.5674069e-08
3.2137500e+02   6.5481384e-08  -9.5534622e-08
3.2141667e+02   6.6084894e-08  -9.5405959e-08
3.2145833e+02   6.6710690e-08  -9.5288082e-08
3.2150000e+02   6.7339457e-08  -9.5171642e-08
3.2154167e+02   6.7968224e-08  -9.5055202e-08
3.2158333e+02   6.8596991e-08  -9.4938762e-08
3.2162500e+02   6.9225758e-08  -9.4822323e-08
3.2166667e+02   6.9854525e-08  -9.4705883e-08
3.2170833e+02   7.0483292e-08  -9.4589443e-08
3.2175000e+02   7.1112059e-08  -9.4473003e-08
3.2179167e+02   7.1740826e-08  -9.4356563e-08
3.2183333e+02   7.2369594e-08  -9.4240124e-08
3.2187500e+02   7.2998361e-08  -9.4123684e-08
3.2191667e+02   7.3627128e-08  -9.4007244e-08
3.2195833e+02   7.4255895e-08  -9.3890804e-08
3.2200000e+02   7.4884662e-08  -9.3774365e-08
3.2204167e+02   7.5513429e-08  -9.3657925e-08
3.2208333e+02   7.6142196e-08  -9.3541485e-08
3.2212500e+02   7.6770963e-08  -9.3425045e-08
3.2216667e+02   7.7399730e-08  -9.3308605e-08
3.2220833e+02   7.8028498e-08  -9.3192166e-08
3.2225000e+02   7.8657265e-08  -9.3075726e-08
3.2229167e+02   7.9286032e-08  -9.2959286e-08
3.2233333e+02   7.9914799e-08  -9.2842846e-08
3.2237500e+02   8.0543566e-08  -9.2726407e-08
3.2241667e+02   8.1172333e-08  -9.2609967e-08
3.2245833e+02   8.1801100e-08  -9.2493527e-08
3.2250000e+02   8.2429867e-08  -9.2377087e-08
3.2254167e+02   8.3058635e-08  -9.2260647e-08
3.2258333e+02   8.3687402e-08  -9.2144208e-08
3.2262500e+02   8.4316169e-08  -9.2027768e-08
3.2266667e+02   8.4944936e-08  -9.1911328e-08
3.2270833e+02   8.5573703e-08  -9.1794888e-08
3.2275000e+02   8.6202470e-08  -9.1678449e-08
3.2279167e+02   8.6831237e-08  -9.1562009e-08
3.2283333e+02   8.7460004e-08  -9.1445569e-08
3.2287500e+02   8.8088771e-08  -9.1329129e-08
3.2291667e+02   8.8717539e-08  -9.1212689e-08
3.2295833e+02   8.9346659e-08  -9.1096717e-08
3.2300000e+02   9.0018199e-08  -9.1036860e-08
3.2304167e+02   9.0732158e-08  -9.1033118e-08
3.2308333e+02   9.1488536e-08  -9.1085491e-08
3.2312500e+02   9.2287333e-08  -9.1193979e-08
3.2316667e+02   9.3128549e-08  -9.1358582e-08
3.2320833e+02   9.4012184e-08  -9.1579300e-08
3.2325000e+02   9.4938238e-08  -9.1856134e-08
3.2329167e+02   9.5906712e-08  -9.2189082e-08
3.2333333e+02   9.6917604e-08  -9.2578145e-08
3.2337500e+02   9.7970916e-08  -9.3023324e-08
3.2341667e+02   9.9066647e-08  -9.3524617e-08
3.2345833e+02   1.0020444e-07  -9.4081558e-08
3.2350000e+02   1.0134224e-07  -9.4638499e-08
3.2354167e+02   1.0248004e-07  -9.5195439e-08
3.2358333e+02   1.0361783e-07  -9.5752380e-08
3.2362500e+02   1.0475563e-07  -9.6309321e-08
3.2366667e+02   1.0589342e-07  -9.6866262e-08
3.2370833e+02   1.0703122e-07  -9.7423203e-08
3.2375000e+02   1.0816902e-07  -9.7980143e-08
3.2379167e+02   1.0930681e-07  -9.8537084e-08
3.2383333e+02   1.1044461e-07  -9.9094025e-08
3.2387500e+02   1.1158241e-07  -9.9650966e-08
3.2391667e+02   1.1272020e-07  -1.0020791e-07
3.2395833e+02   1.1385800e-07  -1.0076485e-07
3.2400000e+02   1.1499580e-07  -1.0132179e-07
3.2404167e+02   1.1613359e-07  -1.0187873e-07
3.2408333e+02   1.1727139e-07  -1.0243567e-07
3.2412500e+02   1.1840918e-07  -1.0299261e-07
3.2416667e+02   1.1954698e-07  -1.0354955e-07
3.2420833e+02   1.2068478e-07  -1.0410649e-07
3.2425000e+02   1.2182257e-07  -1.0466343e-07
3.2429167e+02   1.2296037e-07  -1.0522037e-07
3.2433333e+02   1.2409817e-07  -1.0577731e-07
3.2437500e+02   1.2523596e-07  -1.0633426e-07
3.2441667e+02   1.2637376e-07  -1.0689120e-07
3.2445833e+02   1.2751156e-07  -1.0744814e-07
3.2450000e+02   1.2864935e-07  -1.0800508e-07
3.2454167e+02   1.2978715e-07  -1.0856202e-07
3.2458333e+02   1.3092494e-07  -1.0911896e-07
3.2462500e+02   1.3206274e-07  -1.0967590e-07
3.2466667e+02   1.3320054e-07  -1.1023284e-07
3.2470833e+02   1.3400007e-07  -1.1064605e-07
3.2475000e+02   1.3443719e-07  -1.1090525e-07
3.2479167e+02   1.3451189e-07  -1.1101046e-07
3.2483333e+02   1.3422417e-07  -1.1096166e-07
3.2487500e+02   1.3357402e-07  -1.1075886e-07
3.2491667e+02   1.3256146e-07  -1.1040206e-07
3.2495833e+02   1.3118648e-07  -1.0989125e-07
3.2500000e+02   1.2944908e-07  -1.0922645e-07
3.2504167e+02   1.2734925e-07  -1.0840764e-07
3.2508333e+02   1.2488701e-07  -1.0743484e-07
3.2512500e+02   1.2206235e-07  -1.0630803e-07
3.2516667e+02   1.1887526e-07  -1.0502722e-07
3.2520833e+02   1.1566402e-07  -1.0373614e-07
3.2525000e+02   1.1245278e-07  -1.0244506e-07
3.2529167e+02   1.0924153e-07  -1.0115399e-07
3.2533333e+02   1.0603029e-07  -9.9862908e-08
3.2537500e+02   1.0281904e-07  -9.8571831e-08
3.2541667e+02   9.9607799e-08  -9.7280754e-08
3.2545833e+02   9.6396555e-08  -9.5989677e-08
3.2550000e+02   9.3185310e-08  -9.4698600e-08
3.2554167e+02   8.9974066e-08  -9.3407523e-08
3.2558333e+02   8.6762822e-08  -9.2116446e-08
3.2562500e+02   8.3551577e-08  -9.0825369e-08
3.2566667e+02   8.0340333e-08  -8.9534292e-08
3.2570833e+02   7.7129089e-08  -8.8243215e-08
3.2575000e+02   7.3917845e-08  -8.6952138e-08
3.2579167e+02   7.0706600e-08  -8.5661061e-08
3.2583333e+02   6.7495356e-08  -8.4369984e-08
3.2587500e+02   6.4284112e-08  -8.3078907e-08
3.2591667e+02   6.1072867e-08  -8.1787829e-08
3.2595833e+02   5.7861623e-08  -8.0496752e-08
3.2600000e+02   5.4650379e-08  -7.9205675e-08
3.2604167e+02   5.1439134e-08  -7.7914598e-08
3.2608333e+02   4.8227890e-08  -7.6623521e-08
3.2612500e+02   4.5016646e-08  -7.5332444e-08
3.2616667e+02   4.1805401e-08  -7.4041367e-08
3.2620833e+02   3.9232701e-08  -7.2935055e-08
3.2625000e+02   3.7426254e-08  -7.2050461e-08
3.2629167e+02   3.6386060e-08  -7.1387584e-08
3.2633333e+02   3.6112118e-08  -7.0946425e-08
3.2637500e+02   3.6604430e-08  -7.0726984e-08
3.2641667e+02   3.7862994e-08  -7.0729261e-08
3.2645833e+02   3.9887812e-08  -7.0953256e-08
3.2650000e+02   4.2678882e-08  -7.1398968e-08
3.2654167e+02   4.6236205e-08  -7.2066398e-08
3.2658333e+02   5.0559782e-08  -7.2955546e-08
3.2662500e+02   5.5649611e-08  -7.4066412e-08
3.2666667e+02   6.1505693e-08  -7.5398996e-08
3.2670833e+02   6.7489484e-08  -7.6768532e-08
3.2675000e+02   7.3473275e-08  -7.8138069e-08
3.2679167e+02   7.9457065e-08  -7.9507605e-08
3.2683333e+02   8.5440856e-08  -8.0877142e-08
3.2687500e+02   9.1424647e-08  -8.2246679e-08
3.2691667e+02   9.7408438e-08  -8.3616215e-08
3.2695833e+02   1.0339223e-07  -8.4985752e-08
3.2700000e+02   1.0937602e-07  -8.6355288e-08
3.2704167e+02   1.1535981e-07  -8.7724825e-08
3.2708333e+02   1.2134360e-07  -8.9094361e-08
3.2712500e+02   1.2732739e-07  -9.0463898e-08
3.2716667e+02   1.3331118e-07  -9.1833435e-08
3.2720833e+02   1.3929497e-07  -9.3202971e-08
3.2725000e+02   1.4527877e-07  -9.4572508e-08
3.2729167e+02   1.5126256e-07  -9.5942044e-08
3.2733333e+02   1.5724635e-07  -9.7311581e-08
3.2737500e+02   1.6323014e-07  -9.8681118e-08
3.2741667e+02   1.6921393e-07  -1.0005065e-07
3.2745833e+02   1.7519772e-07  -1.0142019e-07
3.2750000e+02   1.8118151e-07  -1.0278973e-07
3.2754167e+02   1.8716530e-07  -1.0415926e-07
3.2758333e+02   1.9314909e-07  -1.0552880e-07
3.2762500e+02   1.9913288e-07  -1.0689834e-07
3.2766667e+02   2.0511667e-07  -1.0826787e-07
3.2770833e+02   2.1110047e-07  -1.0963741e-07
3.2775000e+02   2.1708426e-07  -1.1100695e-07
3.2779167e+02   2.2306805e-07  -1.1237648e-07
3.2783333e+02   2.2905184e-07  -1.1374602e-07
3.2787500e+02   2.3503563e-07  -1.1511556e-07
3.2791667e+02   2.4101942e-07  -1.1648509e-07
3.2795833e+02   2.4700321e-07  -1.1785463e-07
3.2800000e+02   2.5202762e-07  -1.1899930e-07
3.2804167e+02   2.5603322e-07  -1.1990516e-07
3.2808333e+02   2.5902000e-07  -1.2057222e-07
3.2812500e+02   2.6098798e-07  -1.2100049e-07
3.2816667e+02   2.6193714e-07  -1.2118995e-07
3.2820833e+02   2.6186749e-07  -1.2114061e-07
3.2825000e+02   2.6077902e-07  -1.2085247e-07
3.2829167e+02   2.5867175e-07  -1.2032553e-07
3.2833333e+02   2.5554566e-07  -1.1955979e-07
3.2837500e+02   2.5140076e-07  -1.1855524e-07
3.2841667e+02   2.4623705e-07  -1.1731190e-07
3.2845833e+02   2.4005453e-07  -1.1582976e-07
3.2850000e+02   2.3381258e-07  -1.1433368e-07
3.2854167e+02   2.2757062e-07  -1.1283761e-07
3.2858333e+02   2.2132867e-07  -1.1134153e-07
3.2862500e+02   2.1508672e-07  -1.0984546e-07
3.2866667e+02   2.0884476e-07  -1.0834938e-07
3.2870833e+02   2.0260281e-07  -1.0685331e-07
3.2875000e+02   1.9636085e-07  -1.0535723e-07
3.2879167e+02   1.9011890e-07  -1.0386116e-07
3.2883333e+02   1.8387695e-07  -1.0236508e-07
3.2887500e+02   1.7763499e-07  -1.0086901e-07
3.2891667e+02   1.7139304e-07  -9.9372933e-08
3.2895833e+02   1.6515109e-07  -9.7876859e-08
3.2900000e+02   1.5890913e-07  -9.6380784e-08
3.2904167e+02   1.5266718e-07  -9.4884709e-08
3.2908333e+02   1.4642523e-07  -9.3388634e-08
3.2912500e+02   1.4018327e-07  -9.1892559e-08
3.2916667e+02   1.3394132e-07  -9.0396485e-08
3.2920833e+02   1.2769936e-07  -8.8900410e-08
3.2925000e+02   1.2145741e-07  -8.7404335e-08
3.2929167e+02   1.1521546e-07  -8.5908260e-08
3.2933333e+02   1.0897350e-07  -8.4412186e-08
3.2937500e+02   1.0273155e-07  -8.2916111e-08
3.2941667e+02   9.6489596e-08  -8.1420036e-08
3.2945833e+02   9.0247642e-08  -7.9923961e-08
3.2950000e+02   8.4409084e-08  -7.8520204e-08
3.2954167e+02   7.9054600e-08  -7.7227226e-08
3.2958333e+02   7.4184190e-08  -7.6045030e-08
3.2962500e+02   6.9797855e-08  -7.4973613e-08
3.2966667e+02   6.5895593e-08  -7.4012978e-08
3.2970833e+02   6.2477407e-08  -7.3163122e-08
3.2975000e+02   5.9543294e-08  -7.2424048e-08
3.2979167e+02   5.7093256e-08  -7.1795753e-08
3.2983333e+02   5.5127292e-08  -7.1278239e-08
3.2987500e+02   5.3645403e-08  -7.0871506e-08
3.2991667e+02   5.2647588e-08  -7.0575553e-08
3.2995833e+02   5.2133847e-08  -7.0390381e-08
3.3000000e+02   5.1700785e-08  -7.0223672e-08
3.3004167e+02   5.1267724e-08  -7.0056963e-08
3.3008333e+02   5.0834662e-08  -6.9890253e-08
3.3012500e+02   5.0401600e-08  -6.9723544e-08
3.3016667e+02   4.9968539e-08  -6.9556835e-08
3.3020833e+02   4.9535477e-08  -6.9390126e-08
3.3025000e+02   4.9102415e-08  -6.9223417e-08
3.3029167e+02   4.8669354e-08  -6.9056708e-08
3.3033333e+02   4.8236292e-08  -6.8889999e-08
3.3037500e+02   4.7803230e-08  -6.8723290e-08
3.3041667e+02   4.7370168e-08  -6.8556581e-08
3.3045833e+02   4.6937107e-08  -6.8389872e-08
3.3050000e+02   4.6504045e-08  -6.8223163e-08
3.3054167e+02   4.6070983e-08  -6.8056454e-08
3.3058333e+02   4.5637922e-08  -6.7889745e-08
3.3062500e+02   4.5204860e-08  -6.7723036e-08
3.3066667e+02   4.4771798e-08  -6.7556327e-08
3.3070833e+02   4.4338736e-08  -6.7389618e-08
3.3075000e+02   4.3905675e-08  -6.7222909e-08
3.3079167e+02   4.3472613e-08  -6.7056200e-08
3.3083333e+02   4.3039551e-08  -6.6889491e-08
3.3087500e+02   4.2606490e-08  -6.6722782e-08
3.3091667e+02   4.2173428e-08  -6.6556073e-08
3.3095833e+02   4.1740366e-08  -6.6389364e-08
3.3100000e+02   4.1419689e-08  -6.6201735e-08
3.3104167e+02   4.1254025e-08  -6.5985252e-08
3.3108333e+02   4.1243374e-08  -6.5739914e-08
3.3112500e+02   4.1387736e-08  -6.5465722e-08
3.3116667e+02   4.1687112e-08  -6.5162675e-08
3.3120833e+02   4.2141500e-08  -6.4830773e-08
3.3125000e+02   4.2750902e-08  -6.4470017e-08
3.3129167e+02   4.3515317e-08  -6.4080406e-08
3.3133333e+02   4.4434745e-08  -6.3661941e-08
3.3137500e+02   4.5509186e-08  -6.3214621e-08
3.3141667e+02   4.6738641e-08  -6.2738446e-08
3.3145833e+02   4.8123108e-08  -6.2233417e-08
3.3150000e+02   4.9550204e-08  -6.1720453e-08
3.3154167e+02   5.0977301e-08  -6.1207489e-08
3.3158333e+02   5.2404397e-08  -6.0694525e-08
3.3162500e+02   5.3831493e-08  -6.0181560e-08
3.3166667e+02   5.5258589e-08  -5.9668596e-08
3.3170833e+02   5.6685685e-08  -5.9155632e-08
3.3175000e+02   5.8112781e-08  -5.8642668e-08
3.3179167e+02   5.9539877e-08  -5.8129704e-08
3.3183333e+02   6.0966974e-08  -5.7616739e-08
3.3187500e+02   6.2394070e-08  -5.7103775e-08
3.3191667e+02   6.3821166e-08  -5.6590811e-08
3.3195833e+02   6.5266816e-08  -5.6071392e-08
3.3200000e+02   6.6798103e-08  -5.5522178e-08
3.3204167e+02   6.8415026e-08  -5.4943171e-08
3.3208333e+02   7.0117585e-08  -5.4334370e-08
3.3212500e+02   7.1905780e-08  -5.3695775e-08
3.3216667e+02   7.3779611e-08  -5.3027386e-08
3.3220833e+02   7.5739078e-08  -5.2329203e-08
3.3225000e+02   7.7784181e-08  -5.1601227e-08
3.3229167e+02   7.9914921e-08  -5.0843456e-08
3.3233333e+02   8.2131296e-08  -5.0055892e-08
3.3237500e+02   8.4433308e-08  -4.9238534e-08
3.3241667e+02   8.6820955e-08  -4.8391382e-08
3.3245833e+02   8.9275684e-08  -4.7520891e-08
3.3250000e+02   9.1730414e-08  -4.6650401e-08
3.3254167e+02   9.4185143e-08  -4.5779910e-08
3.3258333e+02   9.6639872e-08  -4.4909420e-08
3.3262500e+02   9.9094601e-08  -4.4038929e-08
3.3266667e+02   1.0154933e-07  -4.3168439e-08
3.3270833e+02   1.0400406e-07  -4.2297948e-08
3.3275000e+02   1.0645879e-07  -4.1427458e-08
3.3279167e+02   1.0891352e-07  -4.0556967e-08
3.3283333e+02   1.1136825e-07  -3.9686477e-08
3.3287500e+02   1.1382298e-07  -3.8815986e-08
3.3291667e+02   1.1627771e-07  -3.7945496e-08
3.3295833e+02   1.1873243e-07  -3.7075005e-08
3.3300000e+02   1.2118716e-07  -3.6204515e-08
3.3304167e+02   1.2364189e-07  -3.5334024e-08
3.3308333e+02   1.2609662e-07  -3.4463534e-08
3.3312500e+02   1.2855135e-07  -3.3593043e-08
3.3316667e+02   1.3100608e-07  -3.2722553e-08
3.3320833e+02   1.3346081e-07  -3.1852062e-08
3.3325000e+02   1.3591554e-07  -3.0981572e-08
3.3329167e+02   1.3837027e-07  -3.0111081e-08
3.3333333e+02   1.4082500e-07  -2.9240591e-08
3.3337500e+02   1.4327973e-07  -2.8370100e-08
3.3341667e+02   1.4573446e-07  -2.7499610e-08
3.3345833e+02   1.4814791e-07  -2.6662314e-08
3.3350000e+02   1.5020760e-07  -2.6109546e-08
3.3354167e+02   1.5191352e-07  -2.5841305e-08
3.3358333e+02   1.5326567e-07  -2.5857591e-08
3.3362500e+02   1.5426405e-07  -2.6158405e-08
3.3366667e+02   1.5490866e-07  -2.6743746e-08
3.3370833e+02   1.5519951e-07  -2.7613615e-08
3.3375000e+02   1.5513658e-07  -2.8768010e-08
3.3379167e+02   1.5471989e-07  -3.0206934e-08
3.3383333e+02   1.5394943e-07  -3.1930384e-08
3.3387500e+02   1.5282520e-07  -3.3938362e-08
3.3391667e+02   1.5134720e-07  -3.6230868e-08
3.3395833e+02   1.4955670e-07  -3.8774705e-08
3.3400000e+02   1.4776621e-07  -4.1318543e-08
3.3404167e+02   1.4597571e-07  -4.3862381e-08
3.3408333e+02   1.4418522e-07  -4.6406219e-08
3.3412500e+02   1.4239472e-07  -4.8950057e-08
3.3416667e+02   1.4060423e-07  -5.1493895e-08
3.3420833e+02   1.3881373e-07  -5.4037733e-08
3.3425000e+02   1.3702324e-07  -5.6581570e-08
3.3429167e+02   1.3523274e-07  -5.9125408e-08
3.3433333e+02   1.3344225e-07  -6.1669246e-08
3.3437500e+02   1.3165175e-07  -6.4213084e-08
3.3441667e+02   1.2986126e-07  -6.6756922e-08
3.3445833e+02   1.2807076e-07  -6.9300760e-08
3.3450000e+02   1.2628027e-07  -7.1844597e-08
3.3454167e+02   1.2448977e-07  -7.4388435e-08
3.3458333e+02   1.2269928e-07  -7.6932273e-08
3.3462500e+02   1.2090878e-07  -7.9476111e-08
3.3466667e+02   1.1911829e-07  -8.2019949e-08
3.3470833e+02   1.1732779e-07  -8.4563787e-08
3.3475000e+02   1.1553730e-07  -8.7107625e-08
3.3479167e+02   1.1374680e-07  -8.9651462e-08
3.3483333e+02   1.1195631e-07  -9.2195300e-08
3.3487500e+02   1.1016581e-07  -9.4739138e-08
3.3491667e+02   1.0837532e-07  -9.7282976e-08
3.3495833e+02   1.0658511e-07  -9.9823884e-08
3.3500000e+02   1.0482991e-07  -1.0201319e-07
3.3504167e+02   1.0310972e-07  -1.0385090e-07
3.3508333e+02   1.0142453e-07  -1.0533701e-07
3.3512500e+02   9.9774345e-08  -1.0647152e-07
3.3516667e+02   9.8159164e-08  -1.0725443e-07
3.3520833e+02   9.6578987e-08  -1.0768574e-07
3.3525000e+02   9.5033815e-08  -1.0776545e-07
3.3529167e+02   9.3523647e-08  -1.0749356e-07
3.3533333e+02   9.2048484e-08  -1.0687007e-07
3.3537500e+02   9.0608325e-08  -1.0589498e-07
3.3541667e+02   8.9203171e-08  -1.0456829e-07
3.3545833e+02   8.7832729e-08  -1.0289293e-07
3.3550000e+02   8.6462288e-08  -1.0121757e-07
3.3554167e+02   8.5091846e-08  -9.9542213e-08
3.3558333e+02   8.3721405e-08  -9.7866854e-08
3.3562500e+02   8.2350963e-08  -9.6191496e-08
3.3566667e+02   8.0980522e-08  -9.4516137e-08
3.3570833e+02   7.9610080e-08  -9.2840778e-08
3.3575000e+02   7.8239638e-08  -9.1165420e-08
3.3579167e+02   7.6869197e-08  -8.9490061e-08
3.3583333e+02   7.5498755e-08  -8.7814702e-08
3.3587500e+02   7.4128314e-08  -8.6139344e-08
3.3591667e+02   7.2757872e-08  -8.4463985e-08
3.3595833e+02   7.1387431e-08  -8.2788626e-08
3.3600000e+02   7.0016989e-08  -8.1113268e-08
3.3604167e+02   6.8646547e-08  -7.9437909e-08
3.3608333e+02   6.7276106e-08  -7.7762550e-08
3.3612500e+02   6.5905664e-08  -7.6087192e-08
3.3616667e+02   6.4535223e-08  -7.4411833e-08
3.3620833e+02   6.3164781e-08  -7.2736474e-08
3.3625000e+02   6.1794340e-08  -7.1061116e-08
3.3629167e+02   6.0423898e-08  -6.9385757e-08
3.3633333e+02   5.9053456e-08  -6.7710398e-08
3.3637500e+02   5.7683015e-08  -6.6035040e-08
3.3641667e+02   5.6312573e-08  -6.4359681e-08
3.3645833e+02   5.4942132e-08  -6.2684322e-08
3.3650000e+02   5.3725121e-08  -6.1099051e-08
3.3654167e+02   5.2678588e-08  -5.9613878e-08
3.3658333e+02   5.1802533e-08  -5.8228802e-08
3.3662500e+02   5.1096957e-08  -5.6943823e-08
3.3666667e+02   5.0561859e-08  -5.5758942e-08
3.3670833e+02   5.0197239e-08  -5.4674158e-08
3.3675000e+02   5.0003098e-08  -5.3689472e-08
3.3679167e+02   4.9979435e-08  -5.2804883e-08
3.3683333e+02   5.0126250e-08  -5.2020392e-08
3.3687500e+02   5.0443543e-08  -5.1335998e-08
3.3691667e+02   5.0931315e-08  -5.0751701e-08
3.3695833e+02   5.1589565e-08  -5.0267502e-08
3.3700000e+02   5.2264863e-08  -4.9793313e-08
3.3704167e+02   5.2940161e-08  -4.9319124e-08
3.3708333e+02   5.3615459e-08  -4.8844934e-08
3.3712500e+02   5.4290757e-08  -4.8370745e-08
3.3716667e+02   5.4966054e-08  -4.7896556e-08
3.3720833e+02   5.5641352e-08  -4.7422367e-08
3.3725000e+02   5.6316650e-08  -4.6948177e-08
3.3729167e+02   5.6991948e-08  -4.6473988e-08
3.3733333e+02   5.7667246e-08  -4.5999799e-08
3.3737500e+02   5.8342544e-08  -4.5525609e-08
3.3741667e+02   5.9017841e-08  -4.5051420e-08
3.3745833e+02   5.9693139e-08  -4.4577231e-08
3.3750000e+02   6.0368437e-08  -4.4103042e-08
3.3754167e+02   6.1043735e-08  -4.3628852e-08
3.3758333e+02   6.1719033e-08  -4.3154663e-08
3.3762500e+02   6.2394331e-08  -4.2680474e-08
3.3766667e+02   6.3069629e-08  -4.2206284e-08
3.3770833e+02   6.3744926e-08  -4.1732095e-08
3.3775000e+02   6.4420224e-08  -4.1257906e-08
3.3779167e+02   6.5095522e-08  -4.0783717e-08
3.3783333e+02   6.5770820e-08  -4.0309527e-08
3.3787500e+02   6.6446118e-08  -3.9835338e-08
3.3791667e+02   6.7121416e-08  -3.9361149e-08
3.3795833e+02   6.7796713e-08  -3.8886960e-08
3.3800000e+02   6.8537039e-08  -3.8579237e-08
3.3804167e+02   6.9359506e-08  -3.8481787e-08
3.3808333e+02   7.0264114e-08  -3.8594610e-08
3.3812500e+02   7.1250863e-08  -3.8917707e-08
3.3816667e+02   7.2319752e-08  -3.9451077e-08
3.3820833e+02   7.3470783e-08  -4.0194720e-08
3.3825000e+02   7.4703954e-08  -4.1148636e-08
3.3829167e+02   7.6019266e-08  -4.2312825e-08
3.3833333e+02   7.7416719e-08  -4.3687288e-08
3.3837500e+02   7.8896313e-08  -4.5272024e-08
3.3841667e+02   8.0458048e-08  -4.7067033e-08
3.3845833e+02   8.2101923e-08  -4.9072315e-08
3.3850000e+02   8.3762912e-08  -5.1121404e-08
3.3854167e+02   8.5423900e-08  -5.3170494e-08
3.3858333e+02   8.7084888e-08  -5.5219583e-08
3.3862500e+02   8.8745877e-08  -5.7268672e-08
3.3866667e+02   9.0406865e-08  -5.9317761e-08
3.3870833e+02   9.2067853e-08  -6.1366850e-08
3.3875000e+02   9.3728842e-08  -6.3415939e-08
3.3879167e+02   9.5389830e-08  -6.5465029e-08
3.3883333e+02   9.7050818e-08  -6.7514118e-08
3.3887500e+02   9.8711806e-08  -6.9563207e-08
3.3891667e+02   1.0037279e-07  -7.1612296e-08
3.3895833e+02   1.0201029e-07  -7.3624336e-08
3.3900000e+02   1.0356487e-07  -7.5505613e-08
3.3904167e+02   1.0503654e-07  -7.7256127e-08
3.3908333e+02   1.0642529e-07  -7.8875879e-08
3.3912500e+02   1.0773113e-07  -8.0364868e-08
3.3916667e+02   1.0895405e-07  -8.1723094e-08
3.3920833e+02   1.1009406e-07  -8.2950558e-08
3.3925000e+02   1.1115115e-07  -8.4047258e-08
3.3929167e+02   1.1212533e-07  -8.5013197e-08
3.3933333e+02   1.1301659e-07  -8.5848372e-08
3.3937500e+02   1.1382494e-07  -8.6552785e-08
3.3941667e+02   1.1455037e-07  -8.7126435e-08
3.3945833e+02   1.1521639e-07  -8.7606371e-08
3.3950000e+02   1.1588240e-07  -8.8086308e-08
3.3954167e+02   1.1654841e-07  -8.8566245e-08
3.3958333e+02   1.1721442e-07  -8.9046182e-08
3.3962500e+02   1.1788043e-07  -8.9526118e-08
3.3966667e+02   1.1854644e-07  -9.0006055e-08
3.3970833e+02   1.1921246e-07  -9.0485992e-08
3.3975000e+02   1.1987847e-07  -9.0965928e-08
3.3979167e+02   1.2054448e-07  -9.1445865e-08
3.3983333e+02   1.2121049e-07  -9.1925802e-08
3.3987500e+02   1.2187650e-07  -9.2405739e-08
3.3991667e+02   1.2254252e-07  -9.2885675e-08
3.3995833e+02   1.2320853e-07  -9.3365612e-08
3.4000000e+02   1.2387454e-07  -9.3845549e-08
3.4004167e+02   1.2454055e-07  -9.4325485e-08
3.4008333e+02   1.2520656e-07  -9.4805422e-08
3.4012500e+02   1.2587257e-07  -9.5285359e-08
3.4016667e+02   1.2653859e-07  -9.5765296e-08
3.4020833e+02   1.2720460e-07  -9.6245232e-08
3.4025000e+02   1.2787061e-07  -9.6725169e-08
3.4029167e+02   1.2853662e-07  -9.7205106e-08
3.4033333e+02   1.2920263e-07  -9.7685042e-08
3.4037500e+02   1.2986865e-07  -9.8164979e-08
3.4041667e+02   1.3053466e-07  -9.8644916e-08
3.4045833e+02   1.3125673e-07  -9.9122039e-08
3.4050000e+02   1.3228458e-07  -9.9583813e-08
3.4054167e+02   1.3361820e-07  -1.0003024e-07
3.4058333e+02   1.3525761e-07  -1.0046132e-07
3.4062500e+02   1.3720279e-07  -1.0087704e-07
3.4066667e+02   1.3945375e-07  -1.0127742e-07
3.4070833e+02   1.4201049e-07  -1.0166245e-07
3.4075000e+02   1.4487300e-07  -1.0203214e-07
3.4079167e+02   1.4804130e-07  -1.0238647e-07
3.4083333e+02   1.5151537e-07  -1.0272545e-07
3.4087500e+02   1.5529522e-07  -1.0304909e-07
3.4091667e+02   1.5938084e-07  -1.0335738e-07
3.4095833e+02   1.6371619e-07  -1.0365313e-07
3.4100000e+02   1.6805153e-07  -1.0394888e-07
3.4104167e+02   1.7238688e-07  -1.0424464e-07
3.4108333e+02   1.7672222e-07  -1.0454039e-07
3.4112500e+02   1.8105756e-07  -1.0483614e-07
3.4116667e+02   1.8539291e-07  -1.0513190e-07
3.4120833e+02   1.8972825e-07  -1.0542765e-07
3.4125000e+02   1.9406360e-07  -1.0572340e-07
3.4129167e+02   1.9839894e-07  -1.0601915e-07
3.4133333e+02   2.0273429e-07  -1.0631491e-07
3.4137500e+02   2.0706963e-07  -1.0661066e-07
3.4141667e+02   2.1140498e-07  -1.0690641e-07
3.4145833e+02   2.1574032e-07  -1.0720217e-07
3.4150000e+02   2.2007567e-07  -1.0749792e-07
3.4154167e+02   2.2441101e-07  -1.0779367e-07
3.4158333e+02   2.2874636e-07  -1.0808942e-07
3.4162500e+02   2.3308170e-07  -1.0838518e-07
3.4166667e+02   2.3741705e-07  -1.0868093e-07
3.4170833e+02   2.4175239e-07  -1.0897668e-07
3.4175000e+02   2.4608773e-07  -1.0927244e-07
3.4179167e+02   2.5042308e-07  -1.0956819e-07
3.4183333e+02   2.5475842e-07  -1.0986394e-07
3.4187500e+02   2.5909377e-07  -1.1015970e-07
3.4191667e+02   2.6342911e-07  -1.1045545e-07
3.4195833e+02   2.6771917e-07  -1.1074098e-07
3.4200000e+02   2.7140542e-07  -1.1089022e-07
3.4204167e+02   2.7448787e-07  -1.1090317e-07
3.4208333e+02   2.7696650e-07  -1.1077983e-07
3.4212500e+02   2.7884133e-07  -1.1052019e-07
3.4216667e+02   2.8011235e-07  -1.1012427e-07
3.4220833e+02   2.8077957e-07  -1.0959205e-07
3.4225000e+02   2.8084297e-07  -1.0892355e-07
3.4229167e+02   2.8030257e-07  -1.0811875e-07
3.4233333e+02   2.7915836e-07  -1.0717766e-07
3.4237500e+02   2.7741034e-07  -1.0610028e-07
3.4241667e+02   2.7505852e-07  -1.0488661e-07
3.4245833e+02   2.7214817e-07  -1.0354687e-07
3.4250000e+02   2.6923782e-07  -1.0220713e-07
3.4254167e+02   2.6632747e-07  -1.0086739e-07
3.4258333e+02   2.6341713e-07  -9.9527651e-08
3.4262500e+02   2.6050678e-07  -9.8187912e-08
3.4266667e+02   2.5759643e-07  -9.6848172e-08
3.4270833e+02   2.5468608e-07  -9.5508432e-08
3.4275000e+02   2.5177574e-07  -9.4168692e-08
3.4279167e+02   2.4886539e-07  -9.2828952e-08
3.4283333e+02   2.4595504e-07  -9.1489212e-08
3.4287500e+02   2.4304469e-07  -9.0149473e-08
3.4291667e+02   2.4013435e-07  -8.8809733e-08
3.4295833e+02   2.3722400e-07  -8.7469993e-08
3.4300000e+02   2.3431365e-07  -8.6130253e-08
3.4304167e+02   2.3140330e-07  -8.4790513e-08
3.4308333e+02   2.2849296e-07  -8.3450773e-08
3.4312500e+02   2.2558261e-07  -8.2111034e-08
3.4316667e+02   2.2267226e-07  -8.0771294e-08
3.4320833e+02   2.1976191e-07  -7.9431554e-08
3.4325000e+02   2.1685156e-07  -7.8091814e-08
3.4329167e+02   2.1394122e-07  -7.6752074e-08
3.4333333e+02   2.1103087e-07  -7.5412334e-08
3.4337500e+02   2.0812052e-07  -7.4072595e-08
3.4341667e+02   2.0521017e-07  -7.2732855e-08
3.4345833e+02   2.0229983e-07  -7.1393115e-08
3.4350000e+02   1.9965122e-07  -7.0142079e-08
3.4354167e+02   1.9727339e-07  -6.8982807e-08
3.4358333e+02   1.9516633e-07  -6.7915297e-08
3.4362500e+02   1.9333004e-07  -6.6939551e-08
3.4366667e+02   1.9176452e-07  -6.6055568e-08
3.4370833e+02   1.9046976e-07  -6.5263347e-08
3.4375000e+02   1.8944578e-07  -6.4562890e-08
3.4379167e+02   1.8869257e-07  -6.3954196e-08
3.4383333e+02   1.8821013e-07  -6.3437265e-08
3.4387500e+02   1.8799846e-07  -6.3012097e-08
3.4391667e+02   1.8805756e-07  -6.2678692e-08
3.4395833e+02   1.8838743e-07  -6.2437050e-08
3.4400000e+02   1.8872633e-07  -6.2198466e-08
3.4404167e+02   1.8906523e-07  -6.1959883e-08
3.4408333e+02   1.8940412e-07  -6.1721300e-08
3.4412500e+02   1.8974302e-07  -6.1482717e-08
3.4416667e+02   1.9008191e-07  -6.1244134e-08
3.4420833e+02   1.9042081e-07  -6.1005550e-08
3.4425000e+02   1.9075971e-07  -6.0766967e-08
3.4429167e+02   1.9109860e-07  -6.0528384e-08
3.4433333e+02   1.9143750e-07  -6.0289801e-08
3.4437500e+02   1.9177640e-07  -6.0051217e-08
3.4441667e+02   1.9211529e-07  -5.9812634e-08
3.4445833e+02   1.9245419e-07  -5.9574051e-08
3.4450000e+02   1.9279308e-07  -5.9335468e-08
3.4454167e+02   1.9313198e-07  -5.9096884e-08
3.4458333e+02   1.9347088e-07  -5.8858301e-08
3.4462500e+02   1.9380977e-07  -5.8619718e-08
3.4466667e+02   1.9414867e-07  -5.8381135e-08
3.4470833e+02   1.9448756e-07  -5.8142552e-08
3.4475000e+02   1.9482646e-07  -5.7903968e-08
3.4479167e+02   1.9516536e-07  -5.7665385e-08
3.4483333e+02   1.9550425e-07  -5.7426802e-08
3.4487500e+02   1.9584315e-07  -5.7188219e-08
3.4491667e+02   1.9618205e-07  -5.6949635e-08
3.4495833e+02   1.9652094e-07  -5.6711052e-08
3.4500000e+02   1.9674856e-07  -5.6573846e-08
3.4504167e+02   1.9684778e-07  -5.6553614e-08
3.4508333e+02   1.9681859e-07  -5.6650355e-08
3.4512500e+02   1.9666101e-07  -5.6864070e-08
3.4516667e+02   1.9637503e-07  -5.7194758e-08
3.4520833e+02   1.9596065e-07  -5.7642420e-08
3.4525000e+02   1.9541787e-07  -5.8207056e-08
3.4529167e+02   1.9474669e-07  -5.8888666e-08
3.4533333e+02   1.9394711e-07  -5.9687249e-08
3.4537500e+02   1.9301913e-07  -6.0602805e-08
3.4541667e+02   1.9196276e-07  -6.1635336e-08
3.4545833e+02   1.9077798e-07  -6.2784840e-08
3.4550000e+02   1.8957608e-07  -6.3949940e-08
3.4554167e+02   1.8837419e-07  -6.5115041e-08
3.4558333e+02   1.8717229e-07  -6.6280141e-08
3.4562500e+02   1.8597039e-07  -6.7445242e-08
3.4566667e+02   1.8476849e-07  -6.8610342e-08
3.4570833e+02   1.8356660e-07  -6.9775443e-08
3.4575000e+02   1.8236470e-07  -7.0940543e-08
3.4579167e+02   1.8116280e-07  -7.2105644e-08
3.4583333e+02   1.7996091e-07  -7.3270744e-08
3.4587500e+02   1.7875901e-07  -7.4435845e-08
3.4591667e+02   1.7755711e-07  -7.5600945e-08
3.4595833e+02   1.7635521e-07  -7.6766046e-08
3.4600000e+02   1.7515332e-07  -7.7931146e-08
3.4604167e+02   1.7395142e-07  -7.9096247e-08
3.4608333e+02   1.7274952e-07  -8.0261347e-08
3.4612500e+02   1.7154763e-07  -8.1426448e-08
3.4616667e+02   1.7034573e-07  -8.2591548e-08
3.4620833e+02   1.6914383e-07  -8.3756649e-08
3.4625000e+02   1.6794193e-07  -8.4921749e-08
3.4629167e+02   1.6674004e-07  -8.6086850e-08
3.4633333e+02   1.6553814e-07  -8.7251950e-08
3.4637500e+02   1.6433624e-07  -8.8417051e-08
3.4641667e+02   1.6313435e-07  -8.9582151e-08
3.4645833e+02   1.6193245e-07  -9.0747251e-08
3.4650000e+02   1.6082112e-07  -9.1727477e-08
3.4654167e+02   1.5982791e-07  -9.2466563e-08
3.4658333e+02   1.5895284e-07  -9.2964507e-08
3.4662500e+02   1.5819590e-07  -9.3221311e-08
3.4666667e+02   1.5755708e-07  -9.3236975e-08
3.4670833e+02   1.5703639e-07  -9.3011497e-08
3.4675000e+02   1.5663383e-07  -9.2544879e-08
3.4679167e+02   1.5634940e-07  -9.1837120e-08
3.4683333e+02   1.5618310e-07  -9.0888221e-08
3.4687500e+02   1.5613493e-07  -8.9698181e-08
3.4691667e+02   1.5620489e-07  -8.8267000e-08
3.4695833e+02   1.5639297e-07  -8.6594678e-08
3.4700000e+02   1.5660862e-07  -8.4866091e-08
3.4704167e+02   1.5682427e-07  -8.3137503e-08
3.4708333e+02   1.5703992e-07  -8.1408915e-08
3.4712500e+02   1.5725557e-07  -7.9680328e-08
3.4716667e+02   1.5747122e-07  -7.7951740e-08
3.4720833e+02   1.5768687e-07  -7.6223152e-08
3.4725000e+02   1.5790252e-07  -7.4494565e-08
3.4729167e+02   1.5811816e-07  -7.2765977e-08
3.4733333e+02   1.5833381e-07  -7.1037389e-08
3.4737500e+02   1.5854946e-07  -6.9308802e-08
3.4741667e+02   1.5876511e-07  -6.7580214e-08
3.4745833e+02   1.5898076e-07  -6.5851627e-08
3.4750000e+02   1.5919641e-07  -6.4123039e-08
3.4754167e+02   1.5941206e-07  -6.2394451e-08
3.4758333e+02   1.5962771e-07  -6.0665864e-08
3.4762500e+02   1.5984336e-07  -5.8937276e-08
3.4766667e+02   1.6005901e-07  -5.7208688e-08
3.4770833e+02   1.6027465e-07  -5.5480101e-08
3.4775000e+02   1.6049030e-07  -5.3751513e-08
3.4779167e+02   1.6070595e-07  -5.2022925e-08
3.4783333e+02   1.6092160e-07  -5.0294338e-08
3.4787500e+02   1.6113725e-07  -4.8565750e-08
3.4791667e+02   1.6135290e-07  -4.6837162e-08
3.4795833e+02   1.6156855e-07  -4.5108575e-08
3.4800000e+02   1.6172423e-07  -4.3476734e-08
3.4804167e+02   1.6178883e-07  -4.1991851e-08
3.4808333e+02   1.6176233e-07  -4.0653926e-08
3.4812500e+02   1.6164475e-07  -3.9462958e-08
3.4816667e+02   1.6143608e-07  -3.8418948e-08
3.4820833e+02   1.6113632e-07  -3.7521895e-08
3.4825000e+02   1.6074548e-07  -3.6771800e-08
3.4829167e+02   1.6026355e-07  -3.6168663e-08
3.4833333e+02   1.5969052e-07  -3.5712483e-08
3.4837500e+02   1.5902641e-07  -3.5403261e-08
3.4841667e+02   1.5827122e-07  -3.5240996e-08
3.4845833e+02   1.5742493e-07  -3.5225689e-08
3.4850000e+02   1.5654752e-07  -3.5260593e-08
3.4854167e+02   1.5567011e-07  -3.5295496e-08
3.4858333e+02   1.5479271e-07  -3.5330400e-08
3.4862500e+02   1.5391530e-07  -3.5365303e-08
3.4866667e+02   1.5303789e-07  -3.5400207e-08
3.4870833e+02   1.5216048e-07  -3.5435110e-08
3.4875000e+02   1.5128308e-07  -3.5470014e-08
3.4879167e+02   1.5040567e-07  -3.5504917e-08
3.4883333e+02   1.4952826e-07  -3.5539821e-08
3.4887500e+02   1.4865085e-07  -3.5574725e-08
3.4891667e+02   1.4777344e-07  -3.5609628e-08
3.4895833e+02   1.4689604e-07  -3.5644532e-08
3.4900000e+02   1.4601863e-07  -3.5679435e-08
3.4904167e+02   1.4514122e-07  -3.5714339e-08
3.4908333e+02   1.4426381e-07  -3.5749242e-08
3.4912500e+02   1.4338641e-07  -3.5784146e-08
3.4916667e+02   1.4250900e-07  -3.5819049e-08
3.4920833e+02   1.4163159e-07  -3.5853953e-08
3.4925000e+02   1.4075418e-07  -3.5888856e-08
3.4929167e+02   1.3987678e-07  -3.5923760e-08
3.4933333e+02   1.3899937e-07  -3.5958663e-08
3.4937500e+02   1.3812196e-07  -3.5993567e-08
3.4941667e+02   1.3724455e-07  -3.6028470e-08
3.4945833e+02   1.3636714e-07  -3.6063374e-08
3.4950000e+02   1.3548974e-07  -3.6098277e-08
3.4954167e+02   1.3461233e-07  -3.6133181e-08
3.4958333e+02   1.3373492e-07  -3.6168084e-08
3.4962500e+02   1.3285751e-07  -3.6202988e-08
3.4966667e+02   1.3198011e-07  -3.6237891e-08
3.4970833e+02   1.3110270e-07  -3.6272795e-08
3.4975000e+02   1.3022529e-07  -3.6307698e-08
3.4979167e+02   1.2934788e-07  -3.6342602e-08
3.4983333e+02   1.2847048e-07  -3.6377505e-08
3.4987500e+02   1.2759307e-07  -3.6412409e-08
3.4991667e+02   1.2671566e-07  -3.6447312e-08
3.4995833e+02   1.2583825e-07  -3.6482216e-08
3.5000000e+02   1.2496084e-07  -3.6517119e-08
3.5004167e+02   1.2408344e-07  -3.6552023e-08
3.5008333e+02   1.2320603e-07  -3.6586926e-08
3.5012500e+02   1.2232862e-07  -3.6621830e-08
3.5016667e+02   1.2145121e-07  -3.6656733e-08
3.5020833e+02   1.2057381e-07  -3.6691637e-08
3.5025000e+02   1.1969640e-07  -3.6726540e-08
3.5029167e+02   1.1881899e-07  -3.6761444e-08
3.5033333e+02   1.1794158e-07  -3.6796348e-08
3.5037500e+02   1.1706418e-07  -3.6831251e-08
3.5041667e+02   1.1618677e-07  -3.6866155e-08
3.5045833e+02   1.1531252e-07  -3.6900220e-08
3.5050000e+02   1.1451420e-07  -3.6914177e-08
3.5054167e+02   1.1379181e-07  -3.6908026e-08
3.5058333e+02   1.1314534e-07  -3.6881766e-08
3.5062500e+02   1.1257480e-07  -3.6835398e-08
3.5066667e+02   1.1208018e-07  -3.6768921e-08
3.5070833e+02   1.1166148e-07  -3.6682336e-08
3.5075000e+02   1.1131871e-07  -3.6575643e-08
3.5079167e+02   1.1105187e-07  -3.6448841e-08
3.5083333e+02   1.1086095e-07  -3.6301930e-08
3.5087500e+02   1.1074595e-07  -3.6134911e-08
3.5091667e+02   1.1070688e-07  -3.5947783e-08
3.5095833e+02   1.1074058e-07  -3.5741385e-08
3.5100000e+02   1.1077427e-07  -3.5534987e-08
3.5104167e+02   1.1080796e-07  -3.5328589e-08
3.5108333e+02   1.1084165e-07  -3.5122191e-08
3.5112500e+02   1.1087534e-07  -3.4915793e-08
3.5116667e+02   1.1090903e-07  -3.4709395e-08
3.5120833e+02   1.1094273e-07  -3.4502996e-08
3.5125000e+02   1.1097642e-07  -3.4296598e-08
3.5129167e+02   1.1101011e-07  -3.4090200e-08
3.5133333e+02   1.1104380e-07  -3.3883802e-08
3.5137500e+02   1.1107749e-07  -3.3677404e-08
3.5141667e+02   1.1111118e-07  -3.3471006e-08
3.5145833e+02   1.1114488e-07  -3.3264608e-08
3.5150000e+02   1.1117857e-07  -3.3058210e-08
3.5154167e+02   1.1121226e-07  -3.2851811e-08
3.5158333e+02   1.1124595e-07  -3.2645413e-08
3.5162500e+02   1.1127964e-07  -3.2439015e-08
3.5166667e+02   1.1131333e-07  -3.2232617e-08
3.5170833e+02   1.1134703e-07  -3.2026219e-08
3.5175000e+02   1.1138072e-07  -3.1819821e-08
3.5179167e+02   1.1141441e-07  -3.1613423e-08
3.5183333e+02   1.1144810e-07  -3.1407025e-08
3.5187500e+02   1.1148179e-07  -3.1200626e-08
3.5191667e+02   1.1151548e-07  -3.0994228e-08
3.5195833e+02   1.1154917e-07  -3.0787830e-08
3.5200000e+02   1.1158287e-07  -3.0581432e-08
3.5204167e+02   1.1161656e-07  -3.0375034e-08
3.5208333e+02   1.1165025e-07  -3.0168636e-08
3.5212500e+02   1.1168394e-07  -2.9962238e-08
3.5216667e+02   1.1171763e-07  -2.9755839e-08
3.5220833e+02   1.1175132e-07  -2.9549441e-08
3.5225000e+02   1.1178502e-07  -2.9343043e-08
3.5229167e+02   1.1181871e-07  -2.9136645e-08
3.5233333e+02   1.1185240e-07  -2.8930247e-08
3.5237500e+02   1.1188609e-07  -2.8723849e-08
3.5241667e+02   1.1191978e-07  -2.8517451e-08
3.5245833e+02   1.1195347e-07  -2.8311053e-08
3.5250000e+02   1.1198717e-07  -2.8104654e-08
3.5254167e+02   1.1202086e-07  -2.7898256e-08
3.5258333e+02   1.1205455e-07  -2.7691858e-08
3.5262500e+02   1.1208824e-07  -2.7485460e-08
3.5266667e+02   1.1212193e-07  -2.7279062e-08
3.5270833e+02   1.1215562e-07  -2.7072664e-08
3.5275000e+02   1.1218932e-07  -2.6866266e-08
3.5279167e+02   1.1222301e-07  -2.6659867e-08
3.5283333e+02   1.1225670e-07  -2.6453469e-08
3.5287500e+02   1.1229039e-07  -2.6247071e-08
3.5291667e+02   1.1232408e-07  -2.6040673e-08
3.5295833e+02   1.1235777e-07  -2.5834275e-08
3.5300000e+02   1.1239147e-07  -2.5627877e-08
3.5304167e+02   1.1242516e-07  -2.5421479e-08
3.5308333e+02   1.1245885e-07  -2.5215081e-08
3.5312500e+02   1.1249254e-07  -2.5008682e-08
3.5316667e+02   1.1252623e-07  -2.4802284e-08
3.5320833e+02   1.1255992e-07  -2.4595886e-08
3.5325000e+02   1.1259362e-07  -2.4389488e-08
3.5329167e+02   1.1262731e-07  -2.4183090e-08
3.5333333e+02   1.1266100e-07  -2.3976692e-08
3.5337500e+02   1.1269469e-07  -2.3770294e-08
3.5341667e+02   1.1272838e-07  -2.3563896e-08
3.5345833e+02   1.1276207e-07  -2.3357497e-08
3.5350000e+02   1.1284201e-07  -2.3231918e-08
3.5354167e+02   1.1297744e-07  -2.3203322e-08
3.5358333e+02   1.1316837e-07  -2.3271708e-08
3.5362500e+02   1.1341479e-07  -2.3437077e-08
3.5366667e+02   1.1371671e-07  -2.3699428e-08
3.5370833e+02   1.1407412e-07  -2.4058763e-08
3.5375000e+02   1.1448703e-07  -2.4515080e-08
3.5379167e+02   1.1495543e-07  -2.5068379e-08
3.5383333e+02   1.1547933e-07  -2.5718662e-08
3.5387500e+02   1.1605872e-07  -2.6465927e-08
3.5391667e+02   1.1669360e-07  -2.7310174e-08
3.5395833e+02   1.1738399e-07  -2.8251405e-08
3.5400000e+02   1.1808362e-07  -2.9208799e-08
3.5404167e+02   1.1878325e-07  -3.0166193e-08
3.5408333e+02   1.1948288e-07  -3.1123588e-08
3.5412500e+02   1.2018251e-07  -3.2080982e-08
3.5416667e+02   1.2088214e-07  -3.3038376e-08
3.5420833e+02   1.2158177e-07  -3.3995770e-08
3.5425000e+02   1.2228140e-07  -3.4953165e-08
3.5429167e+02   1.2298103e-07  -3.5910559e-08
3.5433333e+02   1.2368066e-07  -3.6867953e-08
3.5437500e+02   1.2438029e-07  -3.7825347e-08
3.5441667e+02   1.2507992e-07  -3.8782742e-08
3.5445833e+02   1.2577955e-07  -3.9740136e-08
3.5450000e+02   1.2647918e-07  -4.0697530e-08
3.5454167e+02   1.2717881e-07  -4.1654924e-08
3.5458333e+02   1.2787845e-07  -4.2612318e-08
3.5462500e+02   1.2857808e-07  -4.3569713e-08
3.5466667e+02   1.2927771e-07  -4.4527107e-08
3.5470833e+02   1.2997734e-07  -4.5484501e-08
3.5475000e+02   1.3067697e-07  -4.6441895e-08
3.5479167e+02   1.3137660e-07  -4.7399290e-08
3.5483333e+02   1.3207623e-07  -4.8356684e-08
3.5487500e+02   1.3277586e-07  -4.9314078e-08
3.5491667e+02   1.3347549e-07  -5.0271472e-08
3.5495833e+02   1.3417512e-07  -5.1228867e-08
3.5500000e+02   1.3487475e-07  -5.2186261e-08
3.5504167e+02   1.3557438e-07  -5.3143655e-08
3.5508333e+02   1.3627401e-07  -5.4101049e-08
3.5512500e+02   1.3697364e-07  -5.5058444e-08
3.5516667e+02   1.3767327e-07  -5.6015838e-08
3.5520833e+02   1.3837290e-07  -5.6973232e-08
3.5525000e+02   1.3907253e-07  -5.7930626e-08
3.5529167e+02   1.3977216e-07  -5.8888021e-08
3.5533333e+02   1.4047180e-07  -5.9845415e-08
3.5537500e+02   1.4117143e-07  -6.0802809e-08
3.5541667e+02   1.4187106e-07  -6.1760203e-08
3.5545833e+02   1.4257069e-07  -6.2717598e-08
3.5550000e+02   1.4307523e-07  -6.3517173e-08
3.5554167e+02   1.4337968e-07  -6.4154883e-08
3.5558333e+02   1.4348404e-07  -6.4630727e-08
3.5562500e+02   1.4338831e-07  -6.4944706e-08
3.5566667e+02   1.4309249e-07  -6.5096819e-08
3.5570833e+02   1.4259658e-07  -6.5087067e-08
3.5575000e+02   1.4190058e-07  -6.4915449e-08
3.5579167e+02   1.4100449e-07  -6.4581966e-08
3.5583333e+02   1.3990831e-07  -6.4086617e-08
3.5587500e+02   1.3861204e-07  -6.3429403e-08
3.5591667e+02   1.3711568e-07  -6.2610323e-08
3.5595833e+02   1.3541923e-07  -6.1629377e-08
3.5600000e+02   1.3371777e-07  -6.0644385e-08
3.5604167e+02   1.3201632e-07  -5.9659393e-08
3.5608333e+02   1.3031486e-07  -5.8674401e-08
3.5612500e+02   1.2861341e-07  -5.7689409e-08
3.5616667e+02   1.2691195e-07  -5.6704417e-08
3.5620833e+02   1.2521050e-07  -5.5719425e-08
3.5625000e+02   1.2350904e-07  -5.4734433e-08
3.5629167e+02   1.2180759e-07  -5.3749441e-08
3.5633333e+02   1.2010613e-07  -5.2764449e-08
3.5637500e+02   1.1840468e-07  -5.1779457e-08
3.5641667e+02   1.1670322e-07  -5.0794465e-08
3.5645833e+02   1.1500177e-07  -4.9809473e-08
3.5650000e+02   1.1330031e-07  -4.8824481e-08
3.5654167e+02   1.1159886e-07  -4.7839489e-08
3.5658333e+02   1.0989740e-07  -4.6854497e-08
3.5662500e+02   1.0819595e-07  -4.5869505e-08
3.5666667e+02   1.0649449e-07  -4.4884513e-08
3.5670833e+02   1.0479304e-07  -4.3899520e-08
3.5675000e+02   1.0309158e-07  -4.2914528e-08
3.5679167e+02   1.0139013e-07  -4.1929536e-08
3.5683333e+02   9.9688673e-08  -4.0944544e-08
3.5687500e+02   9.7987218e-08  -3.9959552e-08
3.5691667e+02   9.6285763e-08  -3.8974560e-08
3.5695833e+02   9.4584308e-08  -3.7989568e-08
3.5700000e+02   9.2882854e-08  -3.7004576e-08
3.5704167e+02   9.1181399e-08  -3.6019584e-08
3.5708333e+02   8.9479944e-08  -3.5034592e-08
3.5712500e+02   8.7778489e-08  -3.4049600e-08
3.5716667e+02   8.6077034e-08  -3.3064608e-08
3.5720833e+02   8.4375579e-08  -3.2079616e-08
3.5725000e+02   8.2674124e-08  -3.1094624e-08
3.5729167e+02   8.0972669e-08  -3.0109632e-08
3.5733333e+02   7.9271214e-08  -2.9124640e-08
3.5737500e+02   7.7569760e-08  -2.8139648e-08
3.5741667e+02   7.5868305e-08  -2.7154656e-08
3.5745833e+02   7.4166850e-08  -2.6169664e-08
3.5750000e+02   7.2465395e-08  -2.5184672e-08
3.5754167e+02   7.0763940e-08  -2.4199680e-08
3.5758333e+02   6.9062485e-08  -2.3214687e-08
3.5762500e+02   6.7361030e-08  -2.2229695e-08
3.5766667e+02   6.5785724e-08  -2.1294560e-08
3.5770833e+02   6.5051406e-08  -2.0691803e-08
3.5775000e+02   6.5158078e-08  -2.0421425e-08
3.5779167e+02   6.6105739e-08  -2.0483424e-08
3.5783333e+02   6.7894390e-08  -2.0877802e-08
3.5787500e+02   7.0524029e-08  -2.1604559e-08
3.5791667e+02   7.3994658e-08  -2.2663694e-08
3.5795833e+02   7.8306276e-08  -2.4055207e-08
3.5800000e+02   8.3458883e-08  -2.5779098e-08
3.5804167e+02   8.9452479e-08  -2.7835368e-08
3.5808333e+02   9.6287064e-08  -3.0224016e-08
3.5812500e+02   1.0396264e-07  -3.2945043e-08
3.5816667e+02   1.1235305e-07  -3.5948591e-08
3.5820833e+02   1.2074347e-07  -3.8952139e-08
3.5825000e+02   1.2913389e-07  -4.1955687e-08
3.5829167e+02   1.3682510e-07  -4.4708940e-08
3.5833333e+02   1.4381711e-07  -4.7211896e-08
3.5837500e+02   1.5010992e-07  -4.9464557e-08
3.5841667e+02   1.5570353e-07  -5.1466923e-08
3.5845833e+02   1.6059794e-07  -5.3218993e-08
3.5850000e+02   1.6479315e-07  -5.4720767e-08
3.5854167e+02   1.6828916e-07  -5.5972245e-08
3.5858333e+02   1.7108596e-07  -5.6973428e-08
3.5862500e+02   1.7318357e-07  -5.7724315e-08
3.5866667e+02   1.7458197e-07  -5.8224906e-08
3.5870833e+02   1.7528117e-07  -5.8475202e-08
3.5875000e+02   1.7528117e-07  -5.8475202e-08
3.5879167e+02   1.7528117e-07  -5.8475202e-08
3.5883333e+02   1.7528117e-07  -5.8475202e-08
3.5887500e+02   1.7528117e-07  -5.8475202e-08
3.5891667e+02   1.7528117e-07  -5.8475202e-08
3.5895833e+02   1.7528117e-07  -5.8475202e-08
3.5900000e+02   1.7528117e-07  -5.8475202e-08
3.5904167e+02   1.7528117e-07  -5.8475202e-08
3.5908333e+02   1.7528117e-07  -5.8475202e-08
3.5912500e+02   1.7528117e-07  -5.8475202e-08
3.5916667e+02   1.7528117e-07  -5.8475202e-08
3.5920833e+02   1.7528117e-07  -5.8475202e-08
3.5925000e+02   1.7528117e-07  -5.8475202e-08
3.5929167e+02   1.7528117e-07  -5.8475202e-08
3.5933333e+02   1.7528117e-07  -5.8475202e-08
3.5937500e+02   1.7528117e-07  -5.8475202e-08
3.5941667e+02   1.7528117e-07  -5.8475202e-08
3.5945833e+02   1.7528117e-07  -5.8475202e-08
3.5950000e+02   1.7528117e-07  -5.8475202e-08
3.5954167e+02   1.7528117e-07  -5.8475202e-08
3.5958333e+02   1.7528117e-07  -5.8475202e-08
3.5962500e+02   1.7528117e-07  -5.8475202e-08
3.5966667e+02   1.7528117e-07  -5.8475202e-08
3.5970833e+02   1.7528117e-07  -5.8475202e-08
3.5975000e+02   1.7528117e-07  -5.8475202e-08
3.5979167e+02   1.7528117e-07  -5.8475202e-08
3.5983333e+02   1.7528117e-07  -5.8475202e-08
3.5987500e+02   1.7528117e-07  -5.8475202e-08
3.5991667e+02   1.7528117e-07  -5.8475202e-08
3.5995833e+02   1.7528117e-07  -5.8475202e-08
3.6000000e+02   1.7528117e-07  -5.8475202e-08
3.6004167e+02   1.7528117e-07  -5.8475202e-08
3.6008333e+02   1.7528117e-07  -5.8475202e-08
3.6012500e+02   1.7528117e-07  -5.8475202e-08
3.6016667e+02   1.7528117e-07  -5.8475202e-08
3.6020833e+02   1.7528117e-07  -5.8475202e-08
3.6025000e+02   1.7528117e-07  -5.8475202e-08
3.6029167e+02   1.7528117e-07  -5.8475202e-08
3.6033333e+02   1.7528117e-07  -5.8475202e-08
3.6037500e+02   1.7528117e-07  -5.8475202e-08
3.6041667e+02   1.7528117e-07  -5.8475202e-08
3.6045833e+02   1.7528117e-07  -5.8475202e-08
3.6050000e+02   1.7528117e-07  -5.8475202e-08
3.6054167e+02   1.7528117e-07  -5.8475202e-08
3.6058333e+02   1.7528117e-07  -5.8475202e-08
3.6062500e+02   1.7528117e-07  -5.8475202e-08
3.6066667e+02   1.7528117e-07  -5.8475202e-08
3.6070833e+02   1.7528117e-07  -5.8475202e-08
3.6075000e+02   1.7528117e-07  -5.8475202e-08
3.6079167e+02   1.7528117e-07  -5.8475202e-08
3.6083333e+02   1.7528117e-07  -5.8475202e-08
3.6087500e+02   1.7528117e-07  -5.8475202e-08
3.6091667e+02   1.7528117e-07  -5.8475202e-08
3.6095833e+02   1.7528117e-07  -5.8475202e-08
3.6100000e+02   1.7528117e-07  -5.8475202e-08
3.6104167e+02   1.7528117e-07  -5.8475202e-08
3.6108333e+02   1.7528117e-07  -5.8475202e-08
3.6112500e+02   1.7528117e-07  -5.8475202e-08
3.6116667e+02   1.7528117e-07  -5.8475202e-08
3.6120833e+02   1.7528117e-07  -5.8475202e-08
3.6125000e+02   1.7528117e-07  -5.8475202e-08
3.6129167e+02   1.7528117e-07  -5.8475202e-08
3.6133333e+02   1.7528117e-07  -5.8475202e-08
3.6137500e+02   1.7528117e-07  -5.8475202e-08
3.6141667e+02   1.7528117e-07  -5.8475202e-08
3.6145833e+02   1.7528117e-07  -5.8475202e-08
3.6150000e+02   1.7528117e-07  -5.8475202e-08
3.6154167e+02   1.7528117e-07  -5.8475202e-08
3.6158333e+02   1.7528117e-07  -5.8475202e-08
3.6162500e+02   1.7528117e-07  -5.8475202e-08
3.6166667e+02   1.7528117e-07  -5.8475202e-08
3.6170833e+02   1.7528117e-07  -5.8475202e-08
3.6175000e+02   1.7528117e-07  -5.8475202e-08
3.6179167e+02   1.7528117e-07  -5.8475202e-08
3.6183333e+02   1.7528117e-07  -5.8475202e-08
3.6187500e+02   1.7528117e-07  -5.8475202e-08
3.6191667e+02   1.7528117e-07  -5.8475202e-08
3.6195833e+02   1.7528117e-07  -5.8475202e-08
3.6200000e+02   1.7528117e-07  -5.8475202e-08
3.6204167e+02   1.7528117e-07  -5.8475202e-08
3.6208333e+02   1.7528117e-07  -5.8475202e-08
3.6212500e+02   1.7528117e-07  -5.8475202e-08
3.6216667e+02   1.7528117e-07  -5.8475202e-08
3.6220833e+02   1.7528117e-07  -5.8475202e-08
3.6225000e+02   1.7528117e-07  -5.8475202e-08
3.6229167e+02   1.7528117e-07  -5.8475202e-08
3.6233333e+02   1.7528117e-07  -5.8475202e-08
3.6237500e+02   1.7528117e-07  -5.8475202e-08
3.6241667e+02   1.7528117e-07  -5.8475202e-08
3.6245833e+02   1.7528117e-07  -5.8475202e-08
3.6250000e+02   1.7528117e-07  -5.8475202e-08
3.6254167e+02   1.7528117e-07  -5.8475202e-08
3.6258333e+02   1.7528117e-07  -5.8475202e-08
3.6262500e+02   1.7528117e-07  -5.8475202e-08
3.6266667e+02   1.7528117e-07  -5.8475202e-08
3.6270833e+02   1.7528117e-07  -5.8475202e-08
3.6275000e+02   1.7528117e-07  -5.8475202e-08
3.6279167e+02   1.7528117e-07  -5.8475202e-08
3.6283333e+02   1.7528117e-07  -5.8475202e-08
3.6287500e+02   1.7528117e-07  -5.8475202e-08
3.6291667e+02   1.7528117e-07  -5.8475202e-08
3.6295833e+02   1.7528117e-07  -5.8475202e-08
3.6300000e+02   1.7528117e-07  -5.8475202e-08
3.6304167e+02   1.7528117e-07  -5.8475202e-08
3.6308333e+02   1.7528117e-07  -5.8475202e-08
3.6312500e+02   1.7528117e-07  -5.8475202e-08
3.6316667e+02   1.7528117e-07  -5.8475202e-08
3.6320833e+02   1.7528117e-07  -5.8475202e-08
3.6325000e+02   1.7528117e-07  -5.8475202e-08
3.6329167e+02   1.7528117e-07  -5.8475202e-08
3.6333333e+02   1.7528117e-07  -5.8475202e-08
3.6337500e+02   1.7528117e-07  -5.8475202e-08
3.6341667e+02   1.7528117e-07  -5.8475202e-08
3.6345833e+02   1.7528117e-07  -5.8475202e-08
3.6350000e+02   1.7528117e-07  -5.8475202e-08
3.6354167e+02   1.7528117e-07  -5.8475202e-08
3.6358333e+02   1.7528117e-07  -5.8475202e-08
3.6362500e+02   1.7528117e-07  -5.8475202e-08
3.6366667e+02   1.7528117e-07  -5.8475202e-08
3.6370833e+02   1.7528117e-07  -5.8475202e-08
3.6375000e+02   1.7528117e-07  -5.8475202e-08
3.6379167e+02   1.7528117e-07  -5.8475202e-08
3.6383333e+02   1.7528117e-07  -5.8475202e-08
3.6387500e+02   1.7528117e-07  -5.8475202e-08
3.6391667e+02   1.7528117e-07  -5.8475202e-08
3.6395833e+02   1.7528117e-07  -5.8475202e-08
3.6400000e+02   1.7528117e-07  -5.8475202e-08
3.6404167e+02   1.7528117e-07  -5.8475202e-08
3.6408333e+02   1.7528117e-07  -5.8475202e-08
3.6412500e+02   1.7528117e-07  -5.8475202e-08
3.6416667e+02   1.7528117e-07  -5.8475202e-08
3.6420833e+02   1.7528117e-07  -5.8475202e-08
3.6425000e+02   1.7528117e-07  -5.8475202e-08
3.6429167e+02   1.7528117e-07  -5.8475202e-08
3.6433333e+02   1.7528117e-07  -5.8475202e-08
3.6437500e+02   1.7528117e-07  -5.8475202e-08
3.6441667e+02   1.7528117e-07  -5.8475202e-08
3.6445833e+02   1.7528117e-07  -5.8475202e-08
3.6450000e+02   1.7528117e-07  -5.8475202e-08
3.6454167e+02   1.7528117e-07  -5.8475202e-08
3.6458333e+02   1.7528117e-07  -5.8475202e-08
3.6462500e+02   1.7528117e-07  -5.8475202e-08
3.6466667e+02   1.7528117e-07  -5.8475202e-08
3.6470833e+02   1.7528117e-07  -5.8475202e-08
3.6475000e+02   1.7528117e-07  -5.8475202e-08
3.6479167e+02   1.7528117e-07  -5.8475202e-08
3.6483333e+02   1.7528117e-07  -5.8475202e-08
3.6487500e+02   1.7528117e-07  -5.8475202e-08
3.6491667e+02   1.7528117e-07  -5.8475202e-08
3.6495833e+02   1.7528117e-07  -5.8475202e-08
3.6500000e+02   1.7528117e-07  -5.8475202e-08
3.6504167e+02   1.7528117e-07  -5.8475202e-08
3.6508333e+02   1.7528117e-07  -5.8475202e-08
3.6512500e+02   1.7528117e-07  -5.8475202e-08
3.6516667e+02   1.7528117e-07  -5.8475202e-08
3.6520833e+02   1.7528117e-07  -5.8475202e-08
3.6525000e+02   1.7528117e-07  -5.8475202e-08
3.6529167e+02   1.7528117e-07  -5.8475202e-08
3.6533333e+02   1.7528117e-07  -5.8475202e-08
3.6537500e+02   1.7528117e-07  -5.8475202e-08
3.6541667e+02   1.7528117e-07  -5.8475202e-08
3.6545833e+02   1.7528117e-07  -5.8475202e-08
3.6550000e+02   1.7528117e-07  -5.8475202e-08
3.6554167e+02   1.7528117e-07  -5.8475202e-08
3.6558333e+02   1.7528117e-07  -5.8475202e-08
3.6562500e+02   1.7528117e-07  -5.8475202e-08
3.6566667e+02   1.7528117e-07  -5.8475202e-08
3.6570833e+02   1.7528117e-07  -5.8475202e-08
3.6575000e+02   1.7528117e-07  -5.8475202e-08
3.6579167e+02   1.7528117e-07  -5.8475202e-08
3.6583333e+02   1.7528117e-07  -5.8475202e-08
3.6587500e+02   1.7528117e-07  -5.8475202e-08
3.6591667e+02   1.7528117e-07  -5.8475202e-08
3.6595833e+02   1.7528117e-07  -5.8475202e-08
3.6600000e+02   1.7528117e-07  -5.8475202e-08
3.6604167e+02   1.7528117e-07  -5.8475202e-08
3.6608333e+02   1.7528117e-07  -5.8475202e-08
3.6612500e+02   1.7528117e-07  -5.8475202e-08
3.6616667e+02   1.7528117e-07  -5.8475202e-08
3.6620833e+02   1.7528117e-07  -5.8475202e-08
3.6625000e+02   1.7528117e-07  -5.8475202e-08
3.6629167e+02   1.7528117e-07  -5.8475202e-08
3.6633333e+02   1.7528117e-07  -5.8475202e-08
3.6637500e+02   1.7528117e-07  -5.8475202e-08
3.6641667e+02   1.7528117e-07  -5.8475202e-08
3.6645833e+02   1.7528117e-07  -5.8475202e-08
3.6650000e+02   1.7528117e-07  -5.8475202e-08
3.6654167e+02   1.7528117e-07  -5.8475202e-08
3.6658333e+02   1.7528117e-07  -5.8475202e-08
3.6662500e+02   1.7528117e-07  -5.8475202e-08
3.6666667e+02   1.7528117e-07  -5.8475202e-08
3.6670833e+02   1.7528117e-07  -5.8475202e-08
3.6675000e+02   1.7528117e-07  -5.8475202e-08
3.6679167e+02   1.7528117e-07  -5.8475202e-08
3.6683333e+02   1.7528117e-07  -5.8475202e-08
3.6687500e+02   1.7528117e-07  -5.8475202e-08
3.6691667e+02   1.7528117e-07  -5.8475202e-08
3.6695833e+02   1.7528117e-07  -5.8475202e-08
3.6700000e+02   1.7528117e-07  -5.8475202e-08
3.6704167e+02   1.7528117e-07  -5.8475202e-08
3.6708333e+02   1.7528117e-07  -5.8475202e-08
3.6712500e+02   1.7528117e-07  -5.8475202e-08
3.6716667e+02   1.7528117e-07  -5.8475202e-08
3.6720833e+02   1.7528117e-07  -5.8475202e-08
3.6725000e+02   1.7528117e-07  -5.8475202e-08
3.6729167e+02   1.7528117e-07  -5.8475202e-08
3.6733333e+02   1.7528117e-07  -5.8475202e-08
3.6737500e+02   1.7528117e-07  -5.8475202e-08
3.6741667e+02   1.7528117e-07  -5.8475202e-08
3.6745833e+02   1.7528117e-07  -5.8475202e-08
3.6750000e+02   1.7528117e-07  -5.8475202e-08
3.6754167e+02   1.7528117e-07  -5.8475202e-08
3.6758333e+02   1.7528117e-07  -5.8475202e-08
3.6762500e+02   1.7528117e-07  -5.8475202e-08
3.6766667e+02   1.7528117e-07  -5.8475202e-08
3.6770833e+02   1.7528117e-07  -5.8475202e-08
3.6775000e+02   1.7528117e-07  -5.8475202e-08
3.6779167e+02   1.7528117e-07  -5.8475202e-08
3.6783333e+02   1.7528117e-07  -5.8475202e-08
3.6787500e+02   1.7528117e-07  -5.8475202e-08
3.6791667e+02   1.7528117e-07  -5.8475202e-08
3.6795833e+02   1.7528117e-07  -5.8475202e-08
3.6800000e+02   1.7528117e-07  -5.8475202e-08
3.6804167e+02   1.7528117e-07  -5.8475202e-08
3.6808333e+02   1.7528117e-07  -5.8475202e-08
3.6812500e+02   1.7528117e-07  -5.8475202e-08
3.6816667e+02   1.7528117e-07  -5.8475202e-08
3.6820833e+02   1.7528117e-07  -5.8475202e-08
3.6825000e+02   1.7528117e-07  -5.8475202e-08
3.6829167e+02   1.7528117e-07  -5.8475202e-08
3.6833333e+02   1.7528117e-07  -5.8475202e-08
3.6837500e+02   1.7528117e-07  -5.8475202e-08
3.6841667e+02   1.7528117e-07  -5.8475202e-08
3.6845833e+02   1.7528117e-07  -5.8475202e-08
3.6850000e+02   1.7528117e-07  -5.8475202e-08
3.6854167e+02   1.7528117e-07  -5.8475202e-08
3.6858333e+02   1.7528117e-07  -5.8475202e-08
3.6862500e+02   1.7528117e-07  -5.8475202e-08
3.6866667e+02   1.7528117e-07  -5.8475202e-08
3.6870833e+02   1.7528117e-07  -5.8475202e-08
3.6875000e+02   1.7528117e-07  -5.8475202e-08
3.6879167e+02   1.7528117e-07  -5.8475202e-08
3.6883333e+02   1.7528117e-07  -5.8475202e-08
3.6887500e+02   1.7528117e-07  -5.8475202e-08
3.6891667e+02   1.7528117e-07  -5.8475202e-08
3.6895833e+02   1.7528117e-07  -5.8475202e-08
3.6900000e+02   1.7528117e-07  -5.8475202e-08
3.6904167e+02   1.7528117e-07  -5.8475202e-08
3.6908333e+02   1.7528117e-07  -5.8475202e-08
3.6912500e+02   1.7528117e-07  -5.8475202e-08
3.6916667e+02   1.7528117e-07  -5.8475202e-08
3.6920833e+02   1.7528117e-07  -5.8475202e-08
3.6925000e+02   1.7528117e-07  -5.8475202e-08
3.6929167e+02   1.7528117e-07  -5.8475202e-08
3.6933333e+02   1.7528117e-07  -5.8475202e-08
3.6937500e+02   1.7528117e-07  -5.8475202e-08
3.6941667e+02   1.7528117e-07  -5.8475202e-08
3.6945833e+02   1.7528117e-07  -5.8475202e-08
3.6950000e+02   1.7528117e-07  -5.8475202e-08
3.6954167e+02   1.7528117e-07  -5.8475202e-08
3.6958333e+02   1.7528117e-07  -5.8475202e-08
3.6962500e+02   1.7528117e-07  -5.8475202e-08
3.6966667e+02   1.7528117e-07  -5.8475202e-08
3.6970833e+02   1.7528117e-07  -5.8475202e-08
3.6975000e+02   1.7528117e-07  -5.8475202e-08
3.6979167e+02   1.7528117e-07  -5.8475202e-08
3.6983333e+02   1.7528117e-07  -5.8475202e-08
3.6987500e+02   1.7528117e-07  -5.8475202e-08
3.6991667e+02   1.7528117e-07  -5.8475202e-08
3.6995833e+02   1.7528117e-07  -5.8475202e-08
3.7000000e+02   1.7528117e-07  -5.8475202e-08
3.7004167e+02   1.7528117e-07  -5.8475202e-08
3.7008333e+02   1.7528117e-07  -5.8475202e-08
3.7012500e+02   1.7528117e-07  -5.8475202e-08
3.7016667e+02   1.7528117e-07  -5.8475202e-08
3.7020833e+02   1.7528117e-07  -5.8475202e-08
3.7025000e+02   1.7528117e-07  -5.8475202e-08
3.7029167e+02   1.7528117e-07  -5.8475202e-08
3.7033333e+02   1.7528117e-07  -5.8475202e-08
3.7037500e+02   1.7528117e-07  -5.8475202e-08
3.7041667e+02   1.7528117e-07  -5.8475202e-08
3.7045833e+02   1.7528117e-07  -5.8475202e-08
3.7050000e+02   1.7528117e-07  -5.8475202e-08
3.7054167e+02   1.7528117e-07  -5.8475202e-08
3.7058333e+02   1.7528117e-07  -5.8475202e-08
3.7062500e+02   1.7528117e-07  -5.8475202e-08
3.7066667e+02   1.7528117e-07  -5.8475202e-08
3.7070833e+02   1.7528117e-07  -5.8475202e-08
3.7075000e+02   1.7528117e-07  -5.8475202e-08
3.7079167e+02   1.7528117e-07  -5.8475202e-08
3.7083333e+02   1.7528117e-07  -5.8475202e-08
3.7087500e+02   1.7528117e-07  -5.8475202e-08
3.7091667e+02   1.7528117e-07  -5.8475202e-08
3.7095833e+02   1.7528117e-07  -5.8475202e-08
3.7100000e+02   1.7528117e-07  -5.8475202e-08
3.7104167e+02   1.7528117e-07  -5.8475202e-08
3.7108333e+02   1.7528117e-07  -5.8475202e-08
3.7112500e+02   1.7528117e-07  -5.8475202e-08
3.7116667e+02   1.7528117e-07  -5.8475202e-08
3.7120833e+02   1.7528117e-07  -5.8475202e-08
3.7125000e+02   1.7528117e-07  -5.8475202e-08
3.7129167e+02   1.7528117e-07  -5.8475202e-08
3.7133333e+02   1.7528117e-07  -5.8475202e-08
3.7137500e+02   1.7528117e-07  -5.8475202e-08
3.7141667e+02   1.7528117e-07  -5.8475202e-08
3.7145833e+02   1.7528117e-07  -5.8475202e-08
3.7150000e+02   1.7528117e-07  -5.8475202e-08
3.7154167e+02   1.7528117e-07  -5.8475202e-08
3.7158333e+02   1.7528117e-07  -5.8475202e-08
3.7162500e+02   1.7528117e-07  -5.8475202e-08
3.7166667e+02   1.7528117e-07  -5.8475202e-08
3.7170833e+02   1.7528117e-07  -5.8475202e-08
3.7175000e+02   1.7528117e-07  -5.8475202e-08
3.7179167e+02   1.7528117e-07  -5.8475202e-08
3.7183333e+02   1.7528117e-07  -5.8475202e-08
3.7187500e+02   1.7528117e-07  -5.8475202e-08
3.7191667e+02   1.7528117e-07  -5.8475202e-08
3.7195833e+02   1.7528117e-07  -5.8475202e-08
3.7200000e+02   1.7528117e-07  -5.8475202e-08
3.7204167e+02   1.7528117e-07  -5.8475202e-08
3.7208333e+02   1.7528117e-07  -5.8475202e-08
3.7212500e+02   1.7528117e-07  -5.8475202e-08
3.7216667e+02   1.7528117e-07  -5.8475202e-08
3.7220833e+02   1.7528117e-07  -5.8475202e-08
3.7225000e+02   1.7528117e-07  -5.8475202e-08
3.7229167e+02   1.7528117e-07  -5.8475202e-08
3.7233333e+02   1.7528117e-07  -5.8475202e-08
3.7237500e+02   1.7528117e-07  -5.8475202e-08
3.7241667e+02   1.7528117e-07  -5.8475202e-08
3.7245833e+02   1.7528117e-07  -5.8475202e-08
3.7250000e+02   1.7528117e-07  -5.8475202e-08
3.7254167e+02   1.7528117e-07  -5.8475202e-08
3.7258333e+02   1.7528117e-07  -5.8475202e-08
3.7262500e+02   1.7528117e-07  -5.8475202e-08
3.7266667e+02   1.7528117e-07  -5.8475202e-08
3.7270833e+02   1.7528117e-07  -5.8475202e-08
3.7275000e+02   1.7528117e-07  -5.8475202e-08
3.7279167e+02   1.7528117e-07  -5.8475202e-08
3.7283333e+02   1.7528117e-07  -5.8475202e-08
3.7287500e+02   1.7528117e-07  -5.8475202e-08
3.7291667e+02   1.7528117e-07  -5.8475202e-08
3.7295833e+02   1.7528117e-07  -5.8475202e-08
3.7300000e+02   1.7528117e-07  -5.8475202e-08
3.7304167e+02   1.7528117e-07  -5.8475202e-08
3.7308333e+02   1.7528117e-07  -5.8475202e-08
3.7312500e+02   1.7528117e-07  -5.8475202e-08
3.7316667e+02   1.7528117e-07  -5.8475202e-08
3.7320833e+02   1.7528117e-07  -5.8475202e-08
3.7325000e+02   1.7528117e-07  -5.8475202e-08
3.7329167e+02   1.7528117e-07  -5.8475202e-08
3.7333333e+02   1.7528117e-07  -5.8475202e-08
3.7337500e+02   1.7528117e-07  -5.8475202e-08
3.7341667e+02   1.7528117e-07  -5.8475202e-08
3.7345833e+02   1.7528117e-07  -5.8475202e-08
3.7350000e+02   1.7528117e-07  -5.8475202e-08
3.7354167e+02   1.7528117e-07  -5.8475202e-08
3.7358333e+02   1.7528117e-07  -5.8475202e-08
3.7362500e+02   1.7528117e-07  -5.8475202e-08
3.7366667e+02   1.7528117e-07  -5.8475202e-08
3.7370833e+02   1.7528117e-07  -5.8475202e-08
3.7375000e+02   1.7528117e-07  -5.8475202e-08
3.7379167e+02   1.7528117e-07  -5.8475202e-08
3.7383333e+02   1.7528117e-07  -5.8475202e-08
3.7387500e+02   1.7528117e-07  -5.8475202e-08
3.7391667e+02   1.7528117e-07  -5.8475202e-08
3.7395833e+02   1.7528117e-07  -5.8475202e-08
3.7400000e+02   1.7528117e-07  -5.8475202e-08
3.7404167e+02   1.7528117e-07  -5.8475202e-08
3.7408333e+02   1.7528117e-07  -5.8475202e-08
3.7412500e+02   1.7528117e-07  -5.8475202e-08
3.7416667e+02   1.7528117e-07  -5.8475202e-08
3.7420833e+02   1.7528117e-07  -5.8475202e-08
3.7425000e+02   1.7528117e-07  -5.8475202e-08
3.7429167e+02   1.7528117e-07  -5.8475202e-08
3.7433333e+02   1.7528117e-07  -5.8475202e-08
3.7437500e+02   1.7528117e-07  -5.8475202e-08
3.7441667e+02   1.7528117e-07  -5.8475202e-08
3.7445833e+02   1.7528117e-07  -5.8475202e-08
3.7450000e+02   1.7528117e-07  -5.8475202e-08
3.7454167e+02   1.7528117e-07  -5.8475202e-08
3.7458333e+02   1.7528117e-07  -5.8475202e-08
3.7462500e+02   1.7528117e-07  -5.8475202e-08
3.7466667e+02   1.7528117e-07  -5.8475202e-08
3.7470833e+02   1.7528117e-07  -5.8475202e-08
3.7475000e+02   1.7528117e-07  -5.8475202e-08
3.7479167e+02   1.7528117e-07  -5.8475202e-08
3.7483333e+02   1.7528117e-07  -5.8475202e-08
3.7487500e+02   1.7528117e-07  -5.8475202e-08
3.7491667e+02   1.7528117e-07  -5.8475202e-08
3.7495833e+02   1.7528117e-07  -5.8475202e-08
3.7500000e+02   1.7528117e-07  -5.8475202e-08
3.7504167e+02   1.7528117e-07  -5.8475202e-08
3.7508333e+02   1.7528117e-07  -5.8475202e-08
3.7512500e+02   1.7528117e-07  -5.8475202e-08
3.7516667e+02   1.7528117e-07  -5.8475202e-08
3.7520833e+02   1.7528117e-07  -5.8475202e-08
3.7525000e+02   1.7528117e-07  -5.8475202e-08
3.7529167e+02   1.7545849e-07  -5.8766324e-08
3.7533333e+02   1.7581312e-07  -5.9348568e-08
3.7537500e+02   1.7634508e-07  -6.0221934e-08
3.7541667e+02   1.7705435e-07  -6.1386423e-08
3.7545833e+02   1.7794094e-07  -6.2842033e-08
3.7550000e+02   1.7900485e-07  -6.4588766e-08
3.7554167e+02   1.8024607e-07  -6.6626620e-08
3.7558333e+02   1.8166462e-07  -6.8955597e-08
3.7562500e+02   1.8326048e-07  -7.1575696e-08
3.7566667e+02   1.8503366e-07  -7.4486917e-08
3.7570833e+02   1.8698416e-07  -7.7689260e-08
3.7575000e+02   1.8911197e-07  -8.1182725e-08
3.7579167e+02   1.9123979e-07  -8.4676190e-08
3.7583333e+02   1.9336760e-07  -8.8169656e-08
3.7587500e+02   1.9549542e-07  -9.1663121e-08
3.7591667e+02   1.9762323e-07  -9.5156586e-08
3.7595833e+02   1.9975105e-07  -9.8650051e-08
3.7600000e+02   2.0138925e-07  -1.0168413e-07
3.7604167e+02   2.0250285e-07  -1.0422600e-07
3.7608333e+02   2.0309186e-07  -1.0627567e-07
3.7612500e+02   2.0315628e-07  -1.0783314e-07
3.7616667e+02   2.0269611e-07  -1.0889841e-07
3.7620833e+02   2.0171134e-07  -1.0947147e-07
3.7625000e+02   2.0020199e-07  -1.0955234e-07
3.7629167e+02   1.9816804e-07  -1.0914100e-07
3.7633333e+02   1.9560950e-07  -1.0823745e-07
3.7637500e+02   1.9252637e-07  -1.0684171e-07
3.7641667e+02   1.8891864e-07  -1.0495376e-07
3.7645833e+02   1.8478633e-07  -1.0257361e-07
3.7650000e+02   1.8061904e-07  -1.0016065e-07
3.7654167e+02   1.7645175e-07  -9.7747686e-08
3.7658333e+02   1.7228446e-07  -9.5334723e-08
3.7662500e+02   1.6811717e-07  -9.2921760e-08
3.7666667e+02   1.6394988e-07  -9.0508797e-08
3.7670833e+02   1.5978259e-07  -8.8095834e-08
3.7675000e+02   1.5561530e-07  -8.5682871e-08
3.7679167e+02   1.5144801e-07  -8.3269908e-08
3.7683333e+02   1.4728072e-07  -8.0856945e-08
3.7687500e+02   1.4311343e-07  -7.8443982e-08
3.7691667e+02   1.3894614e-07  -7.6031019e-08
3.7695833e+02   1.3477885e-07  -7.3618056e-08
3.7700000e+02   1.3061156e-07  -7.1205093e-08
3.7704167e+02   1.2644427e-07  -6.8792130e-08
3.7708333e+02   1.2227698e-07  -6.6379167e-08
3.7712500e+02   1.1810969e-07  -6.3966204e-08
3.7716667e+02   1.1394240e-07  -6.1553241e-08
3.7720833e+02   1.0977511e-07  -5.9140278e-08
3.7725000e+02   1.0560782e-07  -5.6727315e-08
3.7729167e+02   1.0144053e-07  -5.4314352e-08
3.7733333e+02   9.7273242e-08  -5.1901389e-08
3.7737500e+02   9.3105953e-08  -4.9488426e-08
3.7741667e+02   8.8938663e-08  -4.7075463e-08
3.7745833e+02   8.4771373e-08  -4.4662500e-08
3.7750000e+02   8.0805575e-08  -4.2445307e-08
3.7754167e+02   7.7081565e-08  -4.0463036e-08
3.7758333e+02   7.3599344e-08  -3.8715689e-08
3.7762500e+02   7.0358912e-08  -3.7203265e-08
3.7766667e+02   6.7360270e-08  -3.5925765e-08
3.7770833e+02   6.4603416e-08  -3.4883187e-08
3.7775000e+02   6.2088352e-08  -3.4075533e-08
3.7779167e+02   5.9815076e-08  -3.3502802e-08
3.7783333e+02   5.7783589e-08  -3.3164994e-08
3.7787500e+02   5.5993892e-08  -3.3062109e-08
3.7791667e+02   5.4445984e-08  -3.3194148e-08
3.7795833e+02   5.3139864e-08  -3.3561110e-08
3.7800000e+02   5.1874043e-08  -3.3967226e-08
3.7804167e+02   5.0608222e-08  -3.4373341e-08
3.7808333e+02   4.9342400e-08  -3.4779457e-08
3.7812500e+02   4.8076579e-08  -3.5185573e-08
3.7816667e+02   4.6810758e-08  -3.5591689e-08
3.7820833e+02   4.5544937e-08  -3.5997804e-08
3.7825000e+02   4.4279116e-08  -3.6403920e-08
3.7829167e+02   4.3013294e-08  -3.6810036e-08
3.7833333e+02   4.1747473e-08  -3.7216152e-08
3.7837500e+02   4.0481652e-08  -3.7622267e-08
3.7841667e+02   3.9215831e-08  -3.8028383e-08
3.7845833e+02   3.7950009e-08  -3.8434499e-08
3.7850000e+02   3.6684188e-08  -3.8840615e-08
3.7854167e+02   3.5418367e-08  -3.9246730e-08
3.7858333e+02   3.4152546e-08  -3.9652846e-08
3.7862500e+02   3.2886725e-08  -4.0058962e-08
3.7866667e+02   3.1620903e-08  -4.0465078e-08
3.7870833e+02   3.0355082e-08  -4.0871193e-08
3.7875000e+02   2.9089261e-08  -4.1277309e-08
3.7879167e+02   2.7823440e-08  -4.1683425e-08
3.7883333e+02   2.6557618e-08  -4.2089541e-08
3.7887500e+02   2.5291797e-08  -4.2495656e-08
3.7891667e+02   2.4025976e-08  -4.2901772e-08
3.7895833e+02   2.2760155e-08  -4.3307888e-08
3.7900000e+02   2.1806395e-08  -4.3688937e-08
3.7904167e+02   2.1283066e-08  -4.4035412e-08
3.7908333e+02   2.1190168e-08  -4.4347313e-08
3.7912500e+02   2.1527699e-08  -4.4624639e-08
3.7916667e+02   2.2295661e-08  -4.4867390e-08
3.7920833e+02   2.3494053e-08  -4.5075568e-08
3.7925000e+02   2.5122875e-08  -4.5249171e-08
3.7929167e+02   2.7182128e-08  -4.5388199e-08
3.7933333e+02   2.9671811e-08  -4.5492653e-08
3.7937500e+02   3.2591924e-08  -4.5562533e-08
3.7941667e+02   3.5942467e-08  -4.5597838e-08
3.7945833e+02   3.9723441e-08  -4.5598569e-08
3.7950000e+02   4.3622783e-08  -4.5589792e-08
3.7954167e+02   4.7522125e-08  -4.5581015e-08
3.7958333e+02   5.1421466e-08  -4.5572238e-08
3.7962500e+02   5.5320808e-08  -4.5563461e-08
3.7966667e+02   5.9220150e-08  -4.5554684e-08
3.7970833e+02   6.3119492e-08  -4.5545907e-08
3.7975000e+02   6.7018834e-08  -4.5537130e-08
3.7979167e+02   7.0918176e-08  -4.5528353e-08
3.7983333e+02   7.4817518e-08  -4.5519576e-08
3.7987500e+02   7.8716860e-08  -4.5510799e-08
3.7991667e+02   8.2616202e-08  -4.5502022e-08
3.7995833e+02   8.6515544e-08  -4.5493245e-08
3.8000000e+02   9.0414886e-08  -4.5484468e-08
3.8004167e+02   9.4314228e-08  -4.5475691e-08
3.8008333e+02   9.8213569e-08  -4.5466914e-08
3.8012500e+02   1.0211291e-07  -4.5458137e-08
3.8016667e+02   1.0601225e-07  -4.5449360e-08
3.8020833e+02   1.0991160e-07  -4.5440583e-08
3.8025000e+02   1.1381094e-07  -4.5431806e-08
3.8029167e+02   1.1771028e-07  -4.5423029e-08
3.8033333e+02   1.2160962e-07  -4.5414252e-08
3.8037500e+02   1.2550896e-07  -4.5405475e-08
3.8041667e+02   1.2940830e-07  -4.5396698e-08
3.8045833e+02   1.3330765e-07  -4.5387921e-08
3.8050000e+02   1.3720699e-07  -4.5379144e-08
3.8054167e+02   1.4110633e-07  -4.5370367e-08
3.8058333e+02   1.4500567e-07  -4.5361590e-08
3.8062500e+02   1.4890501e-07  -4.5352813e-08
3.8066667e+02   1.5280436e-07  -4.5344036e-08
3.8070833e+02   1.5670370e-07  -4.5335259e-08
3.8075000e+02   1.6060304e-07  -4.5326482e-08
3.8079167e+02   1.6450238e-07  -4.5317705e-08
3.8083333e+02   1.6840172e-07  -4.5308928e-08
3.8087500e+02   1.7230107e-07  -4.5300151e-08
3.8091667e+02   1.7620041e-07  -4.5291374e-08
3.8095833e+02   1.8009975e-07  -4.5282597e-08
3.8100000e+02   1.8384653e-07  -4.5279562e-08
3.8104167e+02   1.8741728e-07  -4.5283153e-08
3.8108333e+02   1.9081199e-07  -4.5293369e-08
3.8112500e+02   1.9403067e-07  -4.5310210e-08
3.8116667e+02   1.9707331e-07  -4.5333676e-08
3.8120833e+02   1.9993992e-07  -4.5363768e-08
3.8125000e+02   2.0263050e-07  -4.5400485e-08
3.8129167e+02   2.0514505e-07  -4.5443828e-08
3.8133333e+02   2.0748356e-07  -4.5493796e-08
3.8137500e+02   2.0964603e-07  -4.5550389e-08
3.8141667e+02   2.1163248e-07  -4.5613608e-08
3.8145833e+02   2.1344289e-07  -4.5683452e-08
3.8150000e+02   2.1522983e-07  -4.5754180e-08
3.8154167e+02   2.1701677e-07  -4.5824908e-08
3.8158333e+02   2.1880370e-07  -4.5895635e-08
3.8162500e+02   2.2059064e-07  -4.5966363e-08
3.8166667e+02   2.2237758e-07  -4.6037090e-08
3.8170833e+02   2.2416452e-07  -4.6107818e-08
3.8175000e+02   2.2595146e-07  -4.6178545e-08
3.8179167e+02   2.2773840e-07  -4.6249273e-08
3.8183333e+02   2.2952534e-07  -4.6320000e-08
3.8187500e+02   2.3131228e-07  -4.6390728e-08
3.8191667e+02   2.3309922e-07  -4.6461456e-08
3.8195833e+02   2.3488615e-07  -4.6532183e-08
3.8200000e+02   2.3667309e-07  -4.6602911e-08
3.8204167e+02   2.3846003e-07  -4.6673638e-08
3.8208333e+02   2.4024697e-07  -4.6744366e-08
3.8212500e+02   2.4203391e-07  -4.6815093e-08
3.8216667e+02   2.4382085e-07  -4.6885821e-08
3.8220833e+02   2.4560779e-07  -4.6956548e-08
3.8225000e+02   2.4739473e-07  -4.7027276e-08
3.8229167e+02   2.4918167e-07  -4.7098004e-08
3.8233333e+02   2.5096861e-07  -4.7168731e-08
3.8237500e+02   2.5275554e-07  -4.7239459e-08
3.8241667e+02   2.5454248e-07  -4.7310186e-08
3.8245833e+02   2.5632942e-07  -4.7380914e-08
3.8250000e+02   2.5811636e-07  -4.7451641e-08
3.8254167e+02   2.5990330e-07  -4.7522369e-08
3.8258333e+02   2.6169024e-07  -4.7593096e-08
3.8262500e+02   2.6347718e-07  -4.7663824e-08
3.8266667e+02   2.6526412e-07  -4.7734552e-08
3.8270833e+02   2.6705106e-07  -4.7805279e-08
3.8275000e+02   2.6883799e-07  -4.7876007e-08
3.8279167e+02   2.7062493e-07  -4.7946734e-08
3.8283333e+02   2.7241187e-07  -4.8017462e-08
3.8287500e+02   2.7419881e-07  -4.8088189e-08
3.8291667e+02   2.7598575e-07  -4.8158917e-08
3.8295833e+02   2.7777190e-07  -4.8230256e-08
3.8300000e+02   2.7946350e-07  -4.8374977e-08
3.8304167e+02   2.8106055e-07  -4.8593080e-08
3.8308333e+02   2.8256304e-07  -4.8884564e-08
3.8312500e+02   2.8397098e-07  -4.9249431e-08
3.8316667e+02   2.8528436e-07  -4.9687679e-08
3.8320833e+02   2.8650320e-07  -5.0199310e-08
3.8325000e+02   2.8762748e-07  -5.0784322e-08
3.8329167e+02   2.8865721e-07  -5.1442716e-08
3.8333333e+02   2.8959238e-07  -5.2174491e-08
3.8337500e+02   2.9043300e-07  -5.2979649e-08
3.8341667e+02   2.9117907e-07  -5.3858189e-08
3.8345833e+02   2.9183138e-07  -5.4809499e-08
3.8350000e+02   2.9248368e-07  -5.5760809e-08
3.8354167e+02   2.9313598e-07  -5.6712119e-08
3.8358333e+02   2.9378829e-07  -5.7663429e-08
3.8362500e+02   2.9444059e-07  -5.8614738e-08
3.8366667e+02   2.9509290e-07  -5.9566048e-08
3.8370833e+02   2.9574520e-07  -6.0517358e-08
3.8375000e+02   2.9639750e-07  -6.1468668e-08
3.8379167e+02   2.9704981e-07  -6.2419978e-08
3.8383333e+02   2.9770211e-07  -6.3371288e-08
3.8387500e+02   2.9835442e-07  -6.4322598e-08
3.8391667e+02   2.9900672e-07  -6.5273908e-08
3.8395833e+02   2.9965903e-07  -6.6225218e-08
3.8400000e+02   3.0031133e-07  -6.7176528e-08
3.8404167e+02   3.0096363e-07  -6.8127838e-08
3.8408333e+02   3.0161594e-07  -6.9079148e-08
3.8412500e+02   3.0226824e-07  -7.0030458e-08
3.8416667e+02   3.0292055e-07  -7.0981768e-08
3.8420833e+02   3.0357285e-07  -7.1933078e-08
3.8425000e+02   3.0422516e-07  -7.2884388e-08
3.8429167e+02   3.0487746e-07  -7.3835698e-08
3.8433333e+02   3.0552976e-07  -7.4787007e-08
3.8437500e+02   3.0618207e-07  -7.5738317e-08
3.8441667e+02   3.0683437e-07  -7.6689627e-08
3.8445833e+02   3.0748668e-07  -7.7640937e-08
3.8450000e+02   3.0830500e-07  -7.8562164e-08
3.8454167e+02   3.0930780e-07  -7.9449964e-08
3.8458333e+02   3.1049506e-07  -8.0304339e-08
3.8462500e+02   3.1186680e-07  -8.1125287e-08
3.8466667e+02   3.1342300e-07  -8.1912809e-08
3.8470833e+02   3.1516367e-07  -8.2666906e-08
3.8475000e+02   3.1708881e-07  -8.3387576e-08
3.8479167e+02   3.1919842e-07  -8.4074820e-08
3.8483333e+02   3.2149250e-07  -8.4728638e-08
3.8487500e+02   3.2397105e-07  -8.5349030e-08
3.8491667e+02   3.2663407e-07  -8.5935997e-08
3.8495833e+02   3.2948155e-07  -8.6489537e-08
3.8500000e+02   3.3234749e-07  -8.7039734e-08
3.8504167e+02   3.3521342e-07  -8.7589931e-08
3.8508333e+02   3.3807936e-07  -8.8140129e-08
3.8512500e+02   3.4094529e-07  -8.8690326e-08
3.8516667e+02   3.4381122e-07  -8.9240524e-08
3.8520833e+02   3.4667716e-07  -8.9790721e-08
3.8525000e+02   3.4954309e-07  -9.0340919e-08
3.8529167e+02   3.5240902e-07  -9.0891116e-08
3.8533333e+02   3.5527496e-07  -9.1441314e-08
3.8537500e+02   3.5814089e-07  -9.1991511e-08
3.8541667e+02   3.6100683e-07  -9.2541708e-08
3.8545833e+02   3.6387276e-07  -9.3091906e-08
3.8550000e+02   3.6673869e-07  -9.3642103e-08
3.8554167e+02   3.6960463e-07  -9.4192301e-08
3.8558333e+02   3.7247056e-07  -9.4742498e-08
3.8562500e+02   3.7533649e-07  -9.5292696e-08
3.8566667e+02   3.7820243e-07  -9.5842893e-08
3.8570833e+02   3.8106836e-07  -9.6393090e-08
3.8575000e+02   3.8393430e-07  -9.6943288e-08
3.8579167e+02   3.8680023e-07  -9.7493485e-08
3.8583333e+02   3.8966616e-07  -9.8043683e-08
3.8587500e+02   3.9253210e-07  -9.8593880e-08
3.8591667e+02   3.9539803e-07  -9.9144078e-08
3.8595833e+02   3.9826396e-07  -9.9694275e-08
3.8600000e+02   4.0065322e-07  -1.0016093e-07
3.8604167e+02   4.0244034e-07  -1.0052205e-07
3.8608333e+02   4.0362535e-07  -1.0077763e-07
3.8612500e+02   4.0420823e-07  -1.0092769e-07
3.8616667e+02   4.0418898e-07  -1.0097221e-07
3.8620833e+02   4.0356761e-07  -1.0091120e-07
3.8625000e+02   4.0234412e-07  -1.0074466e-07
3.8629167e+02   4.0051850e-07  -1.0047259e-07
3.8633333e+02   3.9809076e-07  -1.0009499e-07
3.8637500e+02   3.9506089e-07  -9.9611850e-08
3.8641667e+02   3.9142890e-07  -9.9023182e-08
3.8645833e+02   3.8719478e-07  -9.8328982e-08
3.8650000e+02   3.8283523e-07  -9.7612796e-08
3.8654167e+02   3.7847567e-07  -9.6896610e-08
3.8658333e+02   3.7411611e-07  -9.6180424e-08
3.8662500e+02   3.6975655e-07  -9.5464238e-08
3.8666667e+02   3.6539699e-07  -9.4748052e-08
3.8670833e+02   3.6103744e-07  -9.4031866e-08
3.8675000e+02   3.5667788e-07  -9.3315680e-08
3.8679167e+02   3.5231832e-07  -9.2599494e-08
3.8683333e+02   3.4795876e-07  -9.1883308e-08
3.8687500e+02   3.4359921e-07  -9.1167122e-08
3.8691667e+02   3.3923965e-07  -9.0450937e-08
3.8695833e+02   3.3488009e-07  -8.9734751e-08
3.8700000e+02   3.3052053e-07  -8.9018565e-08
3.8704167e+02   3.2616097e-07  -8.8302379e-08
3.8708333e+02   3.2180142e-07  -8.7586193e-08
3.8712500e+02   3.1744186e-07  -8.6870007e-08
3.8716667e+02   3.1308230e-07  -8.6153821e-08
3.8720833e+02   3.0872274e-07  -8.5437635e-08
3.8725000e+02   3.0436318e-07  -8.4721449e-08
3.8729167e+02   3.0000363e-07  -8.4005263e-08
3.8733333e+02   2.9564407e-07  -8.3289077e-08
3.8737500e+02   2.9128451e-07  -8.2572891e-08
3.8741667e+02   2.8692495e-07  -8.1856705e-08
3.8745833e+02   2.8256540e-07  -8.1140519e-08
3.8750000e+02   2.7820584e-07  -8.0424333e-08
3.8754167e+02   2.7384628e-07  -7.9708147e-08
3.8758333e+02   2.6948672e-07  -7.8991961e-08
3.8762500e+02   2.6512716e-07  -7.8275775e-08
3.8766667e+02   2.6076761e-07  -7.7559589e-08
3.8770833e+02   2.5640805e-07  -7.6843403e-08
3.8775000e+02   2.5204849e-07  -7.6127217e-08
3.8779167e+02   2.4768893e-07  -7.5411031e-08
3.8783333e+02   2.4332937e-07  -7.4694845e-08
3.8787500e+02   2.3896982e-07  -7.3978659e-08
3.8791667e+02   2.3461026e-07  -7.3262473e-08
3.8795833e+02   2.3025070e-07  -7.2546287e-08
3.8800000e+02   2.2618431e-07  -7.2016798e-08
3.8804167e+02   2.2243202e-07  -7.1687340e-08
3.8808333e+02   2.1899384e-07  -7.1557913e-08
3.8812500e+02   2.1586977e-07  -7.1628518e-08
3.8816667e+02   2.1305980e-07  -7.1899155e-08
3.8820833e+02   2.1056393e-07  -7.2369824e-08
3.8825000e+02   2.0838218e-07  -7.3040524e-08
3.8829167e+02   2.0651452e-07  -7.3911256e-08
3.8833333e+02   2.0496098e-07  -7.4982020e-08
3.8837500e+02   2.0372154e-07  -7.6252815e-08
3.8841667e+02   2.0279620e-07  -7.7723642e-08
3.8845833e+02   2.0218497e-07  -7.9394501e-08
3.8850000e+02   2.0159469e-07  -8.1078695e-08
3.8854167e+02   2.0100440e-07  -8.2762889e-08
3.8858333e+02   2.0041411e-07  -8.4447083e-08
3.8862500e+02   1.9982382e-07  -8.6131278e-08
3.8866667e+02   1.9923353e-07  -8.7815472e-08
3.8870833e+02   1.9864324e-07  -8.9499666e-08
3.8875000e+02   1.9805296e-07  -9.1183860e-08
3.8879167e+02   1.9746267e-07  -9.2868054e-08
3.8883333e+02   1.9687238e-07  -9.4552248e-08
3.8887500e+02   1.9628209e-07  -9.6236442e-08
3.8891667e+02   1.9569180e-07  -9.7920637e-08
3.8895833e+02   1.9510152e-07  -9.9604831e-08
3.8900000e+02   1.9451123e-07  -1.0128902e-07
3.8904167e+02   1.9392094e-07  -1.0297322e-07
3.8908333e+02   1.9333065e-07  -1.0465741e-07
3.8912500e+02   1.9274036e-07  -1.0634161e-07
3.8916667e+02   1.9215007e-07  -1.0802580e-07
3.8920833e+02   1.9155979e-07  -1.0971000e-07
3.8925000e+02   1.9096950e-07  -1.1139419e-07
3.8929167e+02   1.9037921e-07  -1.1307838e-07
3.8933333e+02   1.8978892e-07  -1.1476258e-07
3.8937500e+02   1.8919863e-07  -1.1644677e-07
3.8941667e+02   1.8860834e-07  -1.1813097e-07
3.8945833e+02   1.8801806e-07  -1.1981516e-07
3.8950000e+02   1.8742777e-07  -1.2149935e-07
3.8954167e+02   1.8683748e-07  -1.2318355e-07
3.8958333e+02   1.8624719e-07  -1.2486774e-07
3.8962500e+02   1.8565690e-07  -1.2655194e-07
3.8966667e+02   1.8506661e-07  -1.2823613e-07
3.8970833e+02   1.8447633e-07  -1.2992033e-07
3.8975000e+02   1.8388604e-07  -1.3160452e-07
3.8979167e+02   1.8329575e-07  -1.3328871e-07
3.8983333e+02   1.8270546e-07  -1.3497291e-07
3.8987500e+02   1.8211517e-07  -1.3665710e-07
3.8991667e+02   1.8152488e-07  -1.3834130e-07
3.8995833e+02   1.8093460e-07  -1.4002549e-07
3.9000000e+02   1.8034431e-07  -1.4170968e-07
3.9004167e+02   1.7975402e-07  -1.4339388e-07
3.9008333e+02   1.7916373e-07  -1.4507807e-07
3.9012500e+02   1.7857344e-07  -1.4676227e-07
3.9016667e+02   1.7798315e-07  -1.4844646e-07
3.9020833e+02   1.7739287e-07  -1.5013065e-07
3.9025000e+02   1.7680258e-07  -1.5181485e-07
3.9029167e+02   1.7621229e-07  -1.5349904e-07
3.9033333e+02   1.7562200e-07  -1.5518324e-07
3.9037500e+02   1.7503171e-07  -1.5686743e-07
3.9041667e+02   1.7444142e-07  -1.5855163e-07
3.9045833e+02   1.7385114e-07  -1.6023582e-07
3.9050000e+02   1.7326085e-07  -1.6192001e-07
3.9054167e+02   1.7267056e-07  -1.6360421e-07
3.9058333e+02   1.7208027e-07  -1.6528840e-07
3.9062500e+02   1.7148998e-07  -1.6697260e-07
3.9066667e+02   1.7089970e-07  -1.6865679e-07
3.9070833e+02   1.7030941e-07  -1.7034098e-07
3.9075000e+02   1.6971912e-07  -1.7202518e-07
3.9079167e+02   1.6912883e-07  -1.7370937e-07
3.9083333e+02   1.6853854e-07  -1.7539357e-07
3.9087500e+02   1.6794825e-07  -1.7707776e-07
3.9091667e+02   1.6735797e-07  -1.7876195e-07
3.9095833e+02   1.6676768e-07  -1.8044615e-07
3.9100000e+02   1.6606156e-07  -1.8256445e-07
3.9104167e+02   1.6519568e-07  -1.8528151e-07
3.9108333e+02   1.6417004e-07  -1.8859734e-07
3.9112500e+02   1.6298464e-07  -1.9251193e-07
3.9116667e+02   1.6163947e-07  -1.9702529e-07
3.9120833e+02   1.6013454e-07  -2.0213742e-07
3.9125000e+02   1.5846985e-07  -2.0784830e-07
3.9129167e+02   1.5664540e-07  -2.1415796e-07
3.9133333e+02   1.5466119e-07  -2.2106638e-07
3.9137500e+02   1.5251721e-07  -2.2857356e-07
3.9141667e+02   1.5021347e-07  -2.3667951e-07
3.9145833e+02   1.4774997e-07  -2.4538422e-07
3.9150000e+02   1.4524253e-07  -2.5425359e-07
3.9154167e+02   1.4273509e-07  -2.6312297e-07
3.9158333e+02   1.4022766e-07  -2.7199234e-07
3.9162500e+02   1.3772022e-07  -2.8086172e-07
3.9166667e+02   1.3521278e-07  -2.8973109e-07
3.9170833e+02   1.3270534e-07  -2.9860046e-07
3.9175000e+02   1.3019791e-07  -3.0746984e-07
3.9179167e+02   1.2769047e-07  -3.1633921e-07
3.9183333e+02   1.2518303e-07  -3.2520858e-07
3.9187500e+02   1.2267560e-07  -3.3407796e-07
3.9191667e+02   1.2016816e-07  -3.4294733e-07
3.9195833e+02   1.1766072e-07  -3.5181670e-07
3.9200000e+02   1.1515328e-07  -3.6068608e-07
3.9204167e+02   1.1264585e-07  -3.6955545e-07
3.9208333e+02   1.1013841e-07  -3.7842482e-07
3.9212500e+02   1.0763097e-07  -3.8729420e-07
3.9216667e+02   1.0512354e-07  -3.9616357e-07
3.9220833e+02   1.0261610e-07  -4.0503295e-07
3.9225000e+02   1.0010866e-07  -4.1390232e-07
3.9229167e+02   9.7601225e-08  -4.2277169e-07
3.9233333e+02   9.5093788e-08  -4.3164107e-07
3.9237500e+02   9.2586351e-08  -4.4051044e-07
3.9241667e+02   9.0078914e-08  -4.4937981e-07
3.9245833e+02   8.7571477e-08  -4.5824919e-07
3.9250000e+02   8.5064040e-08  -4.6711856e-07
3.9254167e+02   8.2556603e-08  -4.7598793e-07
3.9258333e+02   8.0049166e-08  -4.8485731e-07
3.9262500e+02   7.7541729e-08  -4.9372668e-07
3.9266667e+02   7.5034292e-08  -5.0259606e-07
3.9270833e+02   7.2526855e-08  -5.1146543e-07
3.9275000e+02   7.0019418e-08  -5.2033480e-07
3.9279167e+02   6.7511981e-08  -5.2920418e-07
3.9283333e+02   6.5004543e-08  -5.3807355e-07
3.9287500e+02   6.2497106e-08  -5.4694292e-07
3.9291667e+02   5.9989669e-08  -5.5581230e-07
3.9295833e+02   5.7482232e-08  -5.6468167e-07
3.9300000e+02   5.5149083e-08  -5.7222500e-07
3.9304167e+02   5.3017034e-08  -5.7823827e-07
3.9308333e+02   5.1086087e-08  -5.8272149e-07
3.9312500e+02   4.9356241e-08  -5.8567466e-07
3.9316667e+02   4.7827495e-08  -5.8709778e-07
3.9320833e+02   4.6499851e-08  -5.8699084e-07
3.9325000e+02   4.5373308e-08  -5.8535384e-07
3.9329167e+02   4.4447866e-08  -5.8218680e-07
3.9333333e+02   4.3723525e-08  -5.7748970e-07
3.9337500e+02   4.3200285e-08  -5.7126255e-07
3.9341667e+02   4.2878146e-08  -5.6350534e-07
3.9345833e+02   4.2757108e-08  -5.5421809e-07
3.9350000e+02   4.2662884e-08  -5.4472682e-07
3.9354167e+02   4.2568660e-08  -5.3523556e-07
3.9358333e+02   4.2474435e-08  -5.2574429e-07
3.9362500e+02   4.2380211e-08  -5.1625303e-07
3.9366667e+02   4.2285986e-08  -5.0676176e-07
3.9370833e+02   4.2191762e-08  -4.9727050e-07
3.9375000e+02   4.2097538e-08  -4.8777923e-07
3.9379167e+02   4.2003313e-08  -4.7828797e-07
3.9383333e+02   4.1909089e-08  -4.6879670e-07
3.9387500e+02   4.1814864e-08  -4.5930543e-07
3.9391667e+02   4.1720640e-08  -4.4981417e-07
3.9395833e+02   4.1626416e-08  -4.4032290e-07
3.9400000e+02   4.1532191e-08  -4.3083164e-07
3.9404167e+02   4.1437967e-08  -4.2134037e-07
3.9408333e+02   4.1343743e-08  -4.1184911e-07
3.9412500e+02   4.1249518e-08  -4.0235784e-07
3.9416667e+02   4.1155294e-08  -3.9286658e-07
3.9420833e+02   4.1061069e-08  -3.8337531e-07
3.9425000e+02   4.0966845e-08  -3.7388405e-07
3.9429167e+02   4.0872621e-08  -3.6439278e-07
3.9433333e+02   4.0778396e-08  -3.5490152e-07
3.9437500e+02   4.0684172e-08  -3.4541025e-07
3.9441667e+02   4.0589948e-08  -3.3591899e-07
3.9445833e+02   4.0495723e-08  -3.2642772e-07
3.9450000e+02   4.0483183e-08  -3.1711905e-07
3.9454167e+02   4.0577189e-08  -3.0804855e-07
3.9458333e+02   4.0777739e-08  -2.9921621e-07
3.9462500e+02   4.1084834e-08  -2.9062203e-07
3.9466667e+02   4.1498475e-08  -2.8226603e-07
3.9470833e+02   4.2018661e-08  -2.7414819e-07
3.9475000e+02   4.2645391e-08  -2.6626851e-07
3.9479167e+02   4.3378667e-08  -2.5862700e-07
3.9483333e+02   4.4218488e-08  -2.5122366e-07
3.9487500e+02   4.5164854e-08  -2.4405848e-07
3.9491667e+02   4.6217765e-08  -2.3713147e-07
3.9495833e+02   4.7377221e-08  -2.3044263e-07
3.9500000e+02   4.8561538e-08  -2.2380935e-07
3.9504167e+02   4.9745855e-08  -2.1717608e-07
3.9508333e+02   5.0930171e-08  -2.1054281e-07
3.9512500e+02   5.2114488e-08  -2.0390954e-07
3.9516667e+02   5.3298805e-08  -1.9727627e-07
3.9520833e+02   5.4483122e-08  -1.9064299e-07
3.9525000e+02   5.5667438e-08  -1.8400972e-07
3.9529167e+02   5.6851755e-08  -1.7737645e-07
3.9533333e+02   5.8036072e-08  -1.7074318e-07
3.9537500e+02   5.9220388e-08  -1.6410990e-07
3.9541667e+02   6.0404705e-08  -1.5747663e-07
3.9545833e+02   6.1589022e-08  -1.5084336e-07
3.9550000e+02   6.2773338e-08  -1.4421009e-07
3.9554167e+02   6.3957655e-08  -1.3757681e-07
3.9558333e+02   6.5141972e-08  -1.3094354e-07
3.9562500e+02   6.6326289e-08  -1.2431027e-07
3.9566667e+02   6.7510605e-08  -1.1767700e-07
3.9570833e+02   6.8694922e-08  -1.1104372e-07
3.9575000e+02   6.9879239e-08  -1.0441045e-07
3.9579167e+02   7.1063555e-08  -9.7777178e-08
3.9583333e+02   7.2247872e-08  -9.1143906e-08
3.9587500e+02   7.3432189e-08  -8.4510633e-08
3.9591667e+02   7.4616505e-08  -7.7877361e-08
3.9595833e+02   7.5800822e-08  -7.1244088e-08
3.9600000e+02   7.6820138e-08  -6.5104743e-08
3.9604167e+02   7.7588821e-08  -5.9715667e-08
3.9608333e+02   7.8106871e-08  -5.5076860e-08
3.9612500e+02   7.8374287e-08  -5.1188322e-08
3.9616667e+02   7.8391069e-08  -4.8050053e-08
3.9620833e+02   7.8157218e-08  -4.5662053e-08
3.9625000e+02   7.7672734e-08  -4.4024322e-08
3.9629167e+02   7.6937616e-08  -4.3136861e-08
3.9633333e+02   7.5951864e-08  -4.2999668e-08
3.9637500e+02   7.4715480e-08  -4.3612745e-08
3.9641667e+02   7.3228461e-08  -4.4976091e-08
3.9645833e+02   7.1490809e-08  -4.7089706e-08
3.9650000e+02   6.9667525e-08  -4.9459662e-08
3.9654167e+02   6.7844240e-08  -5.1829619e-08
3.9658333e+02   6.6020955e-08  -5.4199576e-08
3.9662500e+02   6.4197670e-08  -5.6569533e-08
3.9666667e+02   6.2374385e-08  -5.8939490e-08
3.9670833e+02   6.0551100e-08  -6.1309446e-08
3.9675000e+02   5.8727815e-08  -6.3679403e-08
3.9679167e+02   5.6904530e-08  -6.6049360e-08
3.9683333e+02   5.5081245e-08  -6.8419317e-08
3.9687500e+02   5.3257961e-08  -7.0789274e-08
3.9691667e+02   5.1434676e-08  -7.3159231e-08
3.9695833e+02   4.9611391e-08  -7.5529187e-08
3.9700000e+02   4.7788106e-08  -7.7899144e-08
3.9704167e+02   4.5964821e-08  -8.0269101e-08
3.9708333e+02   4.4141536e-08  -8.2639058e-08
3.9712500e+02   4.2318251e-08  -8.5009015e-08
3.9716667e+02   4.0494966e-08  -8.7378971e-08
3.9720833e+02   3.8671681e-08  -8.9748928e-08
3.9725000e+02   3.6848397e-08  -9.2118885e-08
3.9729167e+02   3.5025112e-08  -9.4488842e-08
3.9733333e+02   3.3201827e-08  -9.6858799e-08
3.9737500e+02   3.1378542e-08  -9.9228755e-08
3.9741667e+02   2.9555257e-08  -1.0159871e-07
3.9745833e+02   2.7731972e-08  -1.0396867e-07
3.9750000e+02   2.6050358e-08  -1.0618068e-07
3.9754167e+02   2.4626326e-08  -1.0810551e-07
3.9758333e+02   2.3459877e-08  -1.0974316e-07
3.9762500e+02   2.2551011e-08  -1.1109364e-07
3.9766667e+02   2.1899727e-08  -1.1215693e-07
3.9770833e+02   2.1506026e-08  -1.1293305e-07
3.9775000e+02   2.1369908e-08  -1.1342199e-07
3.9779167e+02   2.1491373e-08  -1.1362375e-07
3.9783333e+02   2.1870420e-08  -1.1353833e-07
3.9787500e+02   2.2507050e-08  -1.1316574e-07
3.9791667e+02   2.3401262e-08  -1.1250596e-07
3.9795833e+02   2.4553058e-08  -1.1155901e-07
3.9800000e+02   2.5820765e-08  -1.1048283e-07
3.9804167e+02   2.7088473e-08  -1.0940665e-07
3.9808333e+02   2.8356180e-08  -1.0833047e-07
3.9812500e+02   2.9623888e-08  -1.0725429e-07
3.9816667e+02   3.0891595e-08  -1.0617810e-07
3.9820833e+02   3.2159303e-08  -1.0510192e-07
3.9825000e+02   3.3427010e-08  -1.0402574e-07
3.9829167e+02   3.4694718e-08  -1.0294956e-07
3.9833333e+02   3.5962425e-08  -1.0187338e-07
3.9837500e+02   3.7230133e-08  -1.0079719e-07
3.9841667e+02   3.8497840e-08  -9.9721013e-08
3.9845833e+02   3.9765548e-08  -9.8644831e-08
3.9850000e+02   4.1033255e-08  -9.7568649e-08
3.9854167e+02   4.2300963e-08  -9.6492468e-08
3.9858333e+02   4.3568671e-08  -9.5416286e-08
3.9862500e+02   4.4836378e-08  -9.4340104e-08
3.9866667e+02   4.6104086e-08  -9.3263922e-08
3.9870833e+02   4.7371793e-08  -9.2187741e-08
3.9875000e+02   4.8639501e-08  -9.1111559e-08
3.9879167e+02   4.9907208e-08  -9.0035377e-08
3.9883333e+02   5.1174916e-08  -8.8959195e-08
3.9887500e+02   5.2442623e-08  -8.7883014e-08
3.9891667e+02   5.3710331e-08  -8.6806832e-08
3.9895833e+02   5.4978038e-08  -8.5730650e-08
3.9900000e+02   5.6216768e-08  -8.4809950e-08
3.9904167e+02   5.7391101e-08  -8.4234765e-08
3.9908333e+02   5.8501039e-08  -8.4005095e-08
3.9912500e+02   5.9546581e-08  -8.4120941e-08
3.9916667e+02   6.0527726e-08  -8.4582301e-08
3.9920833e+02   6.1444476e-08  -8.5389177e-08
3.9925000e+02   6.2296830e-08  -8.6541568e-08
3.9929167e+02   6.3084789e-08  -8.8039474e-08
3.9933333e+02   6.3808351e-08  -8.9882895e-08
3.9937500e+02   6.4467518e-08  -9.2071831e-08
3.9941667e+02   6.5062288e-08  -9.4606282e-08
3.9945833e+02   6.5592663e-08  -9.7486249e-08
3.9950000e+02   6.6087620e-08  -1.0055625e-07
3.9954167e+02   6.6582577e-08  -1.0362625e-07
3.9958333e+02   6.7077534e-08  -1.0669625e-07
3.9962500e+02   6.7572491e-08  -1.0976625e-07
3.9966667e+02   6.8067448e-08  -1.1283625e-07
3.9970833e+02   6.8562405e-08  -1.1590625e-07
3.9975000e+02   6.9057362e-08  -1.1897625e-07
3.9979167e+02   6.9552319e-08  -1.2204625e-07
3.9983333e+02   7.0047275e-08  -1.2511625e-07
3.9987500e+02   7.0542232e-08  -1.2818625e-07
3.9991667e+02   7.1037189e-08  -1.3125625e-07
3.9995833e+02   7.1532146e-08  -1.3432625e-07
4.0000000e+02   7.2027103e-08  -1.3739625e-07
4.0004167e+02   7.2522060e-08  -1.4046624e-07
4.0008333e+02   7.3017017e-08  -1.4353624e-07
4.0012500e+02   7.3511974e-08  -1.4660624e-07
4.0016667e+02   7.4006931e-08  -1.4967624e-07
4.0020833e+02   7.4501888e-08  -1.5274624e-07
4.0025000e+02   7.4996845e-08  -1.5581624e-07
4.0029167e+02   7.5491802e-08  -1.5888624e-07
4.0033333e+02   7.5986759e-08  -1.6195624e-07
4.0037500e+02   7.6481716e-08  -1.6502624e-07
4.0041667e+02   7.6976673e-08  -1.6809624e-07
4.0045833e+02   7.7471630e-08  -1.7116624e-07
4.0050000e+02   7.7972087e-08  -1.7405618e-07
4.0054167e+02   7.8488260e-08  -1.7643165e-07
4.0058333e+02   7.9020148e-08  -1.7829267e-07
4.0062500e+02   7.9567752e-08  -1.7963921e-07
4.0066667e+02   8.0131071e-08  -1.8047130e-07
4.0070833e+02   8.0710105e-08  -1.8078892e-07
4.0075000e+02   8.1304855e-08  -1.8059208e-07
4.0079167e+02   8.1915320e-08  -1.7988078e-07
4.0083333e+02   8.2541500e-08  -1.7865501e-07
4.0087500e+02   8.3183396e-08  -1.7691478e-07
4.0091667e+02   8.3841007e-08  -1.7466008e-07
4.0095833e+02   8.4514334e-08  -1.7189093e-07
4.0100000e+02   8.5197875e-08  -1.6878737e-07
4.0104167e+02   8.5881417e-08  -1.6568381e-07
4.0108333e+02   8.6564959e-08  -1.6258026e-07
4.0112500e+02   8.7248500e-08  -1.5947670e-07
4.0116667e+02   8.7932042e-08  -1.5637314e-07
4.0120833e+02   8.8615584e-08  -1.5326958e-07
4.0125000e+02   8.9299125e-08  -1.5016603e-07
4.0129167e+02   8.9982667e-08  -1.4706247e-07
4.0133333e+02   9.0666208e-08  -1.4395891e-07
4.0137500e+02   9.1349750e-08  -1.4085535e-07
4.0141667e+02   9.2033292e-08  -1.3775179e-07
4.0145833e+02   9.2716833e-08  -1.3464824e-07
4.0150000e+02   9.3400375e-08  -1.3154468e-07
4.0154167e+02   9.4083917e-08  -1.2844112e-07
4.0158333e+02   9.4767458e-08  -1.2533756e-07
4.0162500e+02   9.5451000e-08  -1.2223401e-07
4.0166667e+02   9.6134541e-08  -1.1913045e-07
4.0170833e+02   9.6818083e-08  -1.1602689e-07
4.0175000e+02   9.7501625e-08  -1.1292333e-07
4.0179167e+02   9.8185166e-08  -1.0981978e-07
4.0183333e+02   9.8868708e-08  -1.0671622e-07
4.0187500e+02   9.9552250e-08  -1.0361266e-07
4.0191667e+02   1.0023579e-07  -1.0050910e-07
4.0195833e+02   1.0091933e-07  -9.7405546e-08
4.0200000e+02   1.0154830e-07  -9.4338808e-08
4.0204167e+02   1.0195146e-07  -9.1424426e-08
4.0208333e+02   1.0212881e-07  -8.8662401e-08
4.0212500e+02   1.0208035e-07  -8.6052732e-08
4.0216667e+02   1.0180608e-07  -8.3595420e-08
4.0220833e+02   1.0130600e-07  -8.1290464e-08
4.0225000e+02   1.0058010e-07  -7.9137865e-08
4.0229167e+02   9.9628401e-08  -7.7137622e-08
4.0233333e+02   9.8450886e-08  -7.5289736e-08
4.0237500e+02   9.7047561e-08  -7.3594207e-08
4.0241667e+02   9.5418425e-08  -7.2051033e-08
4.0245833e+02   9.3563479e-08  -7.0660217e-08
4.0250000e+02   9.1537293e-08  -6.9384937e-08
4.0254167e+02   8.9511107e-08  -6.8109657e-08
4.0258333e+02   8.7484921e-08  -6.6834378e-08
4.0262500e+02   8.5458735e-08  -6.5559098e-08
4.0266667e+02   8.3432549e-08  -6.4283818e-08
4.0270833e+02   8.1406362e-08  -6.3008539e-08
4.0275000e+02   7.9380176e-08  -6.1733259e-08
4.0279167e+02   7.7353990e-08  -6.0457979e-08
4.0283333e+02   7.5327804e-08  -5.9182700e-08
4.0287500e+02   7.3301618e-08  -5.7907420e-08
4.0291667e+02   7.1275432e-08  -5.6632140e-08
4.0295833e+02   6.9249246e-08  -5.5356860e-08
4.0300000e+02   6.7294031e-08  -5.4116158e-08
4.0304167e+02   6.5436706e-08  -5.2923148e-08
4.0308333e+02   6.3677273e-08  -5.1777831e-08
4.0312500e+02   6.2015730e-08  -5.0680207e-08
4.0316667e+02   6.0452078e-08  -4.9630275e-08
4.0320833e+02   5.8986317e-08  -4.8628036e-08
4.0325000e+02   5.7618447e-08  -4.7673489e-08
4.0329167e+02   5.6348468e-08  -4.6766635e-08
4.0333333e+02   5.5176379e-08  -4.5907474e-08
4.0337500e+02   5.4102181e-08  -4.5096006e-08
4.0341667e+02   5.3125875e-08  -4.4332230e-08
4.0345833e+02   5.2247459e-08  -4.3616147e-08
4.0350000e+02   5.1395963e-08  -4.2913179e-08
4.0354167e+02   5.0544467e-08  -4.2210212e-08
4.0358333e+02   4.9692971e-08  -4.1507244e-08
4.0362500e+02   4.8841475e-08  -4.0804277e-08
4.0366667e+02   4.7989979e-08  -4.0101309e-08
4.0370833e+02   4.7138483e-08  -3.9398342e-08
4.0375000e+02   4.6286987e-08  -3.8695374e-08
4.0379167e+02   4.5435491e-08  -3.7992406e-08
4.0383333e+02   4.4583995e-08  -3.7289439e-08
4.0387500e+02   4.3732499e-08  -3.6586471e-08
4.0391667e+02   4.2881003e-08  -3.5883504e-08
4.0395833e+02   4.2029507e-08  -3.5180536e-08
4.0400000e+02   4.1178011e-08  -3.4477568e-08
4.0404167e+02   4.0326515e-08  -3.3774601e-08
4.0408333e+02   3.9475019e-08  -3.3071633e-08
4.0412500e+02   3.8623523e-08  -3.2368666e-08
4.0416667e+02   3.7772027e-08  -3.1665698e-08
4.0420833e+02   3.6920531e-08  -3.0962731e-08
4.0425000e+02   3.6069035e-08  -3.0259763e-08
4.0429167e+02   3.5217539e-08  -2.9556795e-08
4.0433333e+02   3.4366043e-08  -2.8853828e-08
4.0437500e+02   3.3514547e-08  -2.8150860e-08
4.0441667e+02   3.2663051e-08  -2.7447893e-08
4.0445833e+02   3.1811555e-08  -2.6744925e-08
4.0450000e+02   3.0960059e-08  -2.6041957e-08
4.0454167e+02   3.0108563e-08  -2.5338990e-08
4.0458333e+02   2.9257067e-08  -2.4636022e-08
4.0462500e+02   2.8405571e-08  -2.3933055e-08
4.0466667e+02   2.7554075e-08  -2.3230087e-08
4.0470833e+02   2.6702579e-08  -2.2527120e-08
4.0475000e+02   2.5851083e-08  -2.1824152e-08
4.0479167e+02   2.4999587e-08  -2.1121184e-08
4.0483333e+02   2.4148091e-08  -2.0418217e-08
4.0487500e+02   2.3296595e-08  -1.9715249e-08
4.0491667e+02   2.2445099e-08  -1.9012282e-08
4.0495833e+02   2.1593603e-08  -1.8309314e-08
4.0500000e+02   2.0798302e-08  -1.7668423e-08
4.0504167e+02   2.0068471e-08  -1.7099854e-08
4.0508333e+02   1.9404111e-08  -1.6603607e-08
4.0512500e+02   1.8805220e-08  -1.6179682e-08
4.0516667e+02   1.8271799e-08  -1.5828079e-08
4.0520833e+02   1.7803849e-08  -1.5548798e-08
4.0525000e+02   1.7401369e-08  -1.5341840e-08
4.0529167e+02   1.7064358e-08  -1.5207203e-08
4.0533333e+02   1.6792818e-08  -1.5144889e-08
4.0537500e+02   1.6586748e-08  -1.5154896e-08
4.0541667e+02   1.6446148e-08  -1.5237226e-08
4.0545833e+02   1.6371018e-08  -1.5391878e-08
4.0550000e+02   1.6305163e-08  -1.5556775e-08
4.0554167e+02   1.6239308e-08  -1.5721672e-08
4.0558333e+02   1.6173453e-08  -1.5886570e-08
4.0562500e+02   1.6107598e-08  -1.6051467e-08
4.0566667e+02   1.6041743e-08  -1.6216365e-08
4.0570833e+02   1.5975888e-08  -1.6381262e-08
4.0575000e+02   1.5910033e-08  -1.6546159e-08
4.0579167e+02   1.5844178e-08  -1.6711057e-08
4.0583333e+02   1.5778323e-08  -1.6875954e-08
4.0587500e+02   1.5712468e-08  -1.7040852e-08
4.0591667e+02   1.5646613e-08  -1.7205749e-08
4.0595833e+02   1.5580758e-08  -1.7370646e-08
4.0600000e+02   1.5514903e-08  -1.7535544e-08
4.0604167e+02   1.5449048e-08  -1.7700441e-08
4.0608333e+02   1.5383193e-08  -1.7865338e-08
4.0612500e+02   1.5317338e-08  -1.8030236e-08
4.0616667e+02   1.5251483e-08  -1.8195133e-08
4.0620833e+02   1.5185628e-08  -1.8360031e-08
4.0625000e+02   1.5119773e-08  -1.8524928e-08
4.0629167e+02   1.5053918e-08  -1.8689825e-08
4.0633333e+02   1.4988063e-08  -1.8854723e-08
4.0637500e+02   1.4922208e-08  -1.9019620e-08
4.0641667e+02   1.4856353e-08  -1.9184517e-08
4.0645833e+02   1.4790498e-08  -1.9349415e-08
4.0650000e+02   1.4724643e-08  -1.9514312e-08
4.0654167e+02   1.4658788e-08  -1.9679210e-08
4.0658333e+02   1.4592933e-08  -1.9844107e-08
4.0662500e+02   1.4527078e-08  -2.0009004e-08
4.0666667e+02   1.4461223e-08  -2.0173902e-08
4.0670833e+02   1.4395368e-08  -2.0338799e-08
4.0675000e+02   1.4329513e-08  -2.0503696e-08
4.0679167e+02   1.4263658e-08  -2.0668594e-08
4.0683333e+02   1.4197803e-08  -2.0833491e-08
4.0687500e+02   1.4131948e-08  -2.0998389e-08
4.0691667e+02   1.4066093e-08  -2.1163286e-08
4.0695833e+02   1.4000238e-08  -2.1328183e-08
4.0700000e+02   1.3934383e-08  -2.1493081e-08
4.0704167e+02   1.3868528e-08  -2.1657978e-08
4.0708333e+02   1.3802673e-08  -2.1822876e-08
4.0712500e+02   1.3736818e-08  -2.1987773e-08
4.0716667e+02   1.3670963e-08  -2.2152670e-08
4.0720833e+02   1.3605108e-08  -2.2317568e-08
4.0725000e+02   1.3539253e-08  -2.2482465e-08
4.0729167e+02   1.3473398e-08  -2.2647362e-08
4.0733333e+02   1.3407543e-08  -2.2812260e-08
4.0737500e+02   1.3341687e-08  -2.2977157e-08
4.0741667e+02   1.3275832e-08  -2.3142055e-08
4.0745833e+02   1.3209977e-08  -2.3306952e-08
4.0750000e+02   1.3144122e-08  -2.3471849e-08
4.0754167e+02   1.3078267e-08  -2.3636747e-08
4.0758333e+02   1.3012412e-08  -2.3801644e-08
4.0762500e+02   1.2946557e-08  -2.3966541e-08
4.0766667e+02   1.2880702e-08  -2.4131439e-08
4.0770833e+02   1.2814847e-08  -2.4296336e-08
4.0775000e+02   1.2748992e-08  -2.4461234e-08
4.0779167e+02   1.2683137e-08  -2.4626131e-08
4.0783333e+02   1.2617282e-08  -2.4791028e-08
4.0787500e+02   1.2551427e-08  -2.4955926e-08
4.0791667e+02   1.2485572e-08  -2.5120823e-08
4.0795833e+02   1.2419717e-08  -2.5285721e-08
4.0800000e+02   1.2352723e-08  -2.5427886e-08
4.0804167e+02   1.2283975e-08  -2.5535081e-08
4.0808333e+02   1.2213474e-08  -2.5607303e-08
4.0812500e+02   1.2141220e-08  -2.5644554e-08
4.0816667e+02   1.2067213e-08  -2.5646834e-08
4.0820833e+02   1.1991453e-08  -2.5614142e-08
4.0825000e+02   1.1913940e-08  -2.5546478e-08
4.0829167e+02   1.1834673e-08  -2.5443842e-08
4.0833333e+02   1.1753653e-08  -2.5306235e-08
4.0837500e+02   1.1670881e-08  -2.5133657e-08
4.0841667e+02   1.1586355e-08  -2.4926107e-08
4.0845833e+02   1.1500076e-08  -2.4683585e-08
4.0850000e+02   1.1413183e-08  -2.4428823e-08
4.0854167e+02   1.1326290e-08  -2.4174061e-08
4.0858333e+02   1.1239398e-08  -2.3919299e-08
4.0862500e+02   1.1152505e-08  -2.3664538e-08
4.0866667e+02   1.1065612e-08  -2.3409776e-08
4.0870833e+02   1.0978720e-08  -2.3155014e-08
4.0875000e+02   1.0891827e-08  -2.2900252e-08
4.0879167e+02   1.0804934e-08  -2.2645490e-08
4.0883333e+02   1.0718042e-08  -2.2390728e-08
4.0887500e+02   1.0631149e-08  -2.2135966e-08
4.0891667e+02   1.0544256e-08  -2.1881205e-08
4.0895833e+02   1.0457364e-08  -2.1626443e-08
4.0900000e+02   1.0370471e-08  -2.1371681e-08
4.0904167e+02   1.0283579e-08  -2.1116919e-08
4.0908333e+02   1.0196686e-08  -2.0862157e-08
4.0912500e+02   1.0109793e-08  -2.0607395e-08
4.0916667e+02   1.0022901e-08  -2.0352634e-08
4.0920833e+02   9.9360079e-09  -2.0097872e-08
4.0925000e+02   9.8491153e-09  -1.9843110e-08
4.0929167e+02   9.7622226e-09  -1.9588348e-08
4.0933333e+02   9.6753300e-09  -1.9333586e-08
4.0937500e+02   9.5884373e-09  -1.9078824e-08
4.0941667e+02   9.5015447e-09  -1.8824063e-08
4.0945833e+02   9.4146520e-09  -1.8569301e-08
4.0950000e+02   9.3277594e-09  -1.8314539e-08
4.0954167e+02   9.2408667e-09  -1.8059777e-08
4.0958333e+02   9.1539741e-09  -1.7805015e-08
4.0962500e+02   9.0670814e-09  -1.7550253e-08
4.0966667e+02   8.9801887e-09  -1.7295492e-08
4.0970833e+02   8.8932961e-09  -1.7040730e-08
4.0975000e+02   8.8064034e-09  -1.6785968e-08
4.0979167e+02   8.7195108e-09  -1.6531206e-08
4.0983333e+02   8.6326181e-09  -1.6276444e-08
4.0987500e+02   8.5457255e-09  -1.6021682e-08
4.0991667e+02   8.4588328e-09  -1.5766920e-08
4.0995833e+02   8.3719402e-09  -1.5512159e-08
4.1000000e+02   8.2850475e-09  -1.5257397e-08
4.1004167e+02   8.1981549e-09  -1.5002635e-08
4.1008333e+02   8.1112622e-09  -1.4747873e-08
4.1012500e+02   8.0243696e-09  -1.4493111e-08
4.1016667e+02   7.9374769e-09  -1.4238349e-08
4.1020833e+02   7.8505843e-09  -1.3983588e-08
4.1025000e+02   7.7636916e-09  -1.3728826e-08
4.1029167e+02   7.6767990e-09  -1.3474064e-08
4.1033333e+02   7.5899063e-09  -1.3219302e-08
4.1037500e+02   7.5030137e-09  -1.2964540e-08
4.1041667e+02   7.4161210e-09  -1.2709778e-08
4.1045833e+02   7.3292284e-09  -1.2455017e-08
4.1050000e+02   7.2423357e-09  -1.2200255e-08
4.1054167e+02   7.1554430e-09  -1.1945493e-08
4.1058333e+02   7.0685504e-09  -1.1690731e-08
4.1062500e+02   6.9816577e-09  -1.1435969e-08
4.1066667e+02   6.8947651e-09  -1.1181207e-08
4.1070833e+02   6.8078724e-09  -1.0926446e-08
4.1075000e+02   6.7209798e-09  -1.0671684e-08
4.1079167e+02   6.6340871e-09  -1.0416922e-08
4.1083333e+02   6.5471945e-09  -1.0162160e-08
4.1087500e+02   6.4603018e-09  -9.9073982e-09
4.1091667e+02   6.3734092e-09  -9.6526363e-09
4.1095833e+02   6.2865165e-09  -9.3978745e-09
4.1100000e+02   6.1996239e-09  -9.1431127e-09
4.1104167e+02   6.1127312e-09  -8.8883508e-09
4.1108333e+02   6.0258386e-09  -8.6335890e-09
4.1112500e+02   5.9389459e-09  -8.3788271e-09
4.1116667e+02   5.8520533e-09  -8.1240653e-09
4.1120833e+02   5.7651606e-09  -7.8693035e-09
4.1125000e+02   5.6782680e-09  -7.6145416e-09
4.1129167e+02   5.5913753e-09  -7.3597798e-09
4.1133333e+02   5.5044827e-09  -7.1050179e-09
4.1137500e+02   5.4175900e-09  -6.8502561e-09
4.1141667e+02   5.3306973e-09  -6.5954943e-09
4.1145833e+02   5.2438047e-09  -6.3407324e-09
4.1150000e+02   5.2004727e-09  -6.1100869e-09
4.1154167e+02   5.2201199e-09  -5.9143083e-09
4.1158333e+02   5.3027463e-09  -5.7533967e-09
4.1162500e+02   5.4483519e-09  -5.6273521e-09
4.1166667e+02   5.6569367e-09  -5.5361745e-09
4.1170833e+02   5.9285008e-09  -5.4798638e-09
4.1175000e+02   6.2630440e-09  -5.4584200e-09
4.1179167e+02   6.6605665e-09  -5.4718432e-09
4.1183333e+02   7.1210682e-09  -5.5201334e-09
4.1187500e+02   7.6445491e-09  -5.6032906e-09
4.1191667e+02   8.2310092e-09  -5.7213147e-09
4.1195833e+02   8.8804486e-09  -5.8742058e-09
4.1200000e+02   9.5493065e-09  -6.0378476e-09
4.1204167e+02   1.0218164e-08  -6.2014893e-09
4.1208333e+02   1.0887022e-08  -6.3651310e-09
4.1212500e+02   1.1555880e-08  -6.5287728e-09
4.1216667e+02   1.2224738e-08  -6.6924145e-09
4.1220833e+02   1.2893596e-08  -6.8560562e-09
4.1225000e+02   1.3562454e-08  -7.0196980e-09
4.1229167e+02   1.4231312e-08  -7.1833397e-09
4.1233333e+02   1.4900170e-08  -7.3469814e-09
4.1237500e+02   1.5569028e-08  -7.5106232e-09
4.1241667e+02   1.6237886e-08  -7.6742649e-09
4.1245833e+02   1.6906744e-08  -7.8379067e-09
4.1250000e+02   1.7575602e-08  -8.0015484e-09
4.1254167e+02   1.8244460e-08  -8.1651901e-09
4.1258333e+02   1.8913318e-08  -8.3288319e-09
4.1262500e+02   1.9582176e-08  -8.4924736e-09
4.1266667e+02   2.0251033e-08  -8.6561153e-09
4.1270833e+02   2.0919891e-08  -8.8197571e-09
4.1275000e+02   2.1588749e-08  -8.9833988e-09
4.1279167e+02   2.2257607e-08  -9.1470405e-09
4.1283333e+02   2.2926465e-08  -9.3106823e-09
4.1287500e+02   2.3595323e-08  -9.4743240e-09
4.1291667e+02   2.4264181e-08  -9.6379658e-09
4.1295833e+02   2.4933039e-08  -9.8016075e-09
4.1300000e+02   2.5601897e-08  -9.9652492e-09
4.1304167e+02   2.6270755e-08  -1.0128891e-08
4.1308333e+02   2.6939613e-08  -1.0292533e-08
4.1312500e+02   2.7608471e-08  -1.0456174e-08
4.1316667e+02   2.8277329e-08  -1.0619816e-08
4.1320833e+02   2.8946187e-08  -1.0783458e-08
4.1325000e+02   2.9615045e-08  -1.0947100e-08
4.1329167e+02   3.0283903e-08  -1.1110741e-08
4.1333333e+02   3.0952760e-08  -1.1274383e-08
4.1337500e+02   3.1621618e-08  -1.1438025e-08
4.1341667e+02   3.2290476e-08  -1.1601667e-08
4.1345833e+02   3.2959334e-08  -1.1765308e-08
4.1350000e+02   3.3628192e-08  -1.1928950e-08
4.1354167e+02   3.4297050e-08  -1.2092592e-08
4.1358333e+02   3.4965908e-08  -1.2256234e-08
4.1362500e+02   3.5634766e-08  -1.2419875e-08
4.1366667e+02   3.6303624e-08  -1.2583517e-08
4.1370833e+02   3.6972482e-08  -1.2747159e-08
4.1375000e+02   3.7641340e-08  -1.2910800e-08
4.1379167e+02   3.8310198e-08  -1.3074442e-08
4.1383333e+02   3.8979056e-08  -1.3238084e-08
4.1387500e+02   3.9647914e-08  -1.3401726e-08
4.1391667e+02   4.0316772e-08  -1.3565367e-08
4.1395833e+02   4.0985629e-08  -1.3729009e-08
4.1400000e+02   4.1654487e-08  -1.3892651e-08
4.1404167e+02   4.2323345e-08  -1.4056293e-08
4.1408333e+02   4.2992203e-08  -1.4219934e-08
4.1412500e+02   4.3661061e-08  -1.4383576e-08
4.1416667e+02   4.4329919e-08  -1.4547218e-08
4.1420833e+02   4.4998777e-08  -1.4710860e-08
4.1425000e+02   4.5667635e-08  -1.4874501e-08
4.1429167e+02   4.6336493e-08  -1.5038143e-08
4.1433333e+02   4.7005351e-08  -1.5201785e-08
4.1437500e+02   4.7674209e-08  -1.5365427e-08
4.1441667e+02   4.8343067e-08  -1.5529068e-08
4.1445833e+02   4.9011925e-08  -1.5692710e-08
4.1450000e+02   4.9680783e-08  -1.5856352e-08
4.1454167e+02   5.0349641e-08  -1.6019993e-08
4.1458333e+02   5.1018499e-08  -1.6183635e-08
4.1462500e+02   5.1687356e-08  -1.6347277e-08
4.1466667e+02   5.2356214e-08  -1.6510919e-08
4.1470833e+02   5.3025072e-08  -1.6674560e-08
4.1475000e+02   5.3693930e-08  -1.6838202e-08
4.1479167e+02   5.4362788e-08  -1.7001844e-08
4.1483333e+02   5.5031646e-08  -1.7165486e-08
4.1487500e+02   5.5700504e-08  -1.7329127e-08
4.1491667e+02   5.6369362e-08  -1.7492769e-08
4.1495833e+02   5.7038220e-08  -1.7656411e-08
4.1500000e+02   5.7683422e-08  -1.7904401e-08
4.1504167e+02   5.8295994e-08  -1.8268734e-08
4.1508333e+02   5.8875938e-08  -1.8749410e-08
4.1512500e+02   5.9423252e-08  -1.9346429e-08
4.1516667e+02   5.9937938e-08  -2.0059790e-08
4.1520833e+02   6.0419994e-08  -2.0889494e-08
4.1525000e+02   6.0869421e-08  -2.1835541e-08
4.1529167e+02   6.1286219e-08  -2.2897931e-08
4.1533333e+02   6.1670388e-08  -2.4076664e-08
4.1537500e+02   6.2021928e-08  -2.5371739e-08
4.1541667e+02   6.2340838e-08  -2.6783157e-08
4.1545833e+02   6.2627120e-08  -2.8310918e-08
4.1550000e+02   6.2904428e-08  -2.9870673e-08
4.1554167e+02   6.3181736e-08  -3.1430429e-08
4.1558333e+02   6.3459045e-08  -3.2990184e-08
4.1562500e+02   6.3736353e-08  -3.4549939e-08
4.1566667e+02   6.4013662e-08  -3.6109694e-08
4.1570833e+02   6.4290970e-08  -3.7669449e-08
4.1575000e+02   6.4568279e-08  -3.9229205e-08
4.1579167e+02   6.4845587e-08  -4.0788960e-08
4.1583333e+02   6.5122896e-08  -4.2348715e-08
4.1587500e+02   6.5400204e-08  -4.3908470e-08
4.1591667e+02   6.5677512e-08  -4.5468226e-08
4.1595833e+02   6.5954821e-08  -4.7027981e-08
4.1600000e+02   6.6232129e-08  -4.8587736e-08
4.1604167e+02   6.6509438e-08  -5.0147491e-08
4.1608333e+02   6.6786746e-08  -5.1707246e-08
4.1612500e+02   6.7064055e-08  -5.3267002e-08
4.1616667e+02   6.7341363e-08  -5.4826757e-08
4.1620833e+02   6.7618672e-08  -5.6386512e-08
4.1625000e+02   6.7895980e-08  -5.7946267e-08
4.1629167e+02   6.8173288e-08  -5.9506023e-08
4.1633333e+02   6.8450597e-08  -6.1065778e-08
4.1637500e+02   6.8727905e-08  -6.2625533e-08
4.1641667e+02   6.9005214e-08  -6.4185288e-08
4.1645833e+02   6.9282522e-08  -6.5745043e-08
4.1650000e+02   6.9559831e-08  -6.7304799e-08
4.1654167e+02   6.9837139e-08  -6.8864554e-08
4.1658333e+02   7.0114448e-08  -7.0424309e-08
4.1662500e+02   7.0391756e-08  -7.1984064e-08
4.1666667e+02   7.0669064e-08  -7.3543820e-08
4.1670833e+02   7.0946373e-08  -7.5103575e-08
4.1675000e+02   7.1223681e-08  -7.6663330e-08
4.1679167e+02   7.1500990e-08  -7.8223085e-08
4.1683333e+02   7.1778298e-08  -7.9782840e-08
4.1687500e+02   7.2055607e-08  -8.1342596e-08
4.1691667e+02   7.2332915e-08  -8.2902351e-08
4.1695833e+02   7.2610224e-08  -8.4462106e-08
4.1700000e+02   7.2887532e-08  -8.6021861e-08
4.1704167e+02   7.3164840e-08  -8.7581617e-08
4.1708333e+02   7.3442149e-08  -8.9141372e-08
4.1712500e+02   7.3719457e-08  -9.0701127e-08
4.1716667e+02   7.3996766e-08  -9.2260882e-08
4.1720833e+02   7.4274074e-08  -9.3820638e-08
4.1725000e+02   7.4551383e-08  -9.5380393e-08
4.1729167e+02   7.4828691e-08  -9.6940148e-08
4.1733333e+02   7.5106000e-08  -9.8499903e-08
4.1737500e+02   7.5383308e-08  -1.0005966e-07
4.1741667e+02   7.5660616e-08  -1.0161941e-07
4.1745833e+02   7.5937925e-08  -1.0317917e-07
4.1750000e+02   7.6215233e-08  -1.0473892e-07
4.1754167e+02   7.6492542e-08  -1.0629868e-07
4.1758333e+02   7.6769850e-08  -1.0785843e-07
4.1762500e+02   7.7047159e-08  -1.0941819e-07
4.1766667e+02   7.7324467e-08  -1.1097794e-07
4.1770833e+02   7.7601776e-08  -1.1253770e-07
4.1775000e+02   7.7879084e-08  -1.1409746e-07
4.1779167e+02   7.8156392e-08  -1.1565721e-07
4.1783333e+02   7.8433701e-08  -1.1721697e-07
4.1787500e+02   7.8711009e-08  -1.1877672e-07
4.1791667e+02   7.8988318e-08  -1.2033648e-07
4.1795833e+02   7.9265626e-08  -1.2189623e-07
4.1800000e+02   7.9517519e-08  -1.2339076e-07
4.1804167e+02   7.9720222e-08  -1.2475903e-07
4.1808333e+02   7.9873733e-08  -1.2600104e-07
4.1812500e+02   7.9978054e-08  -1.2711681e-07
4.1816667e+02   8.0033184e-08  -1.2810632e-07
4.1820833e+02   8.0039123e-08  -1.2896957e-07
4.1825000e+02   7.9995871e-08  -1.2970658e-07
4.1829167e+02   7.9903428e-08  -1.3031733e-07
4.1833333e+02   7.9761795e-08  -1.3080182e-07
4.1837500e+02   7.9570970e-08  -1.3116006e-07
4.1841667e+02   7.9330955e-08  -1.3139205e-07
4.1845833e+02   7.9041749e-08  -1.3149779e-07
4.1850000e+02   7.8728768e-08  -1.3154250e-07
4.1854167e+02   7.8415786e-08  -1.3158721e-07
4.1858333e+02   7.8102804e-08  -1.3163193e-07
4.1862500e+02   7.7789823e-08  -1.3167664e-07
4.1866667e+02   7.7476841e-08  -1.3172135e-07
4.1870833e+02   7.7163860e-08  -1.3176607e-07
4.1875000e+02   7.6850878e-08  -1.3181078e-07
4.1879167e+02   7.6537896e-08  -1.3185549e-07
4.1883333e+02   7.6224915e-08  -1.3190020e-07
4.1887500e+02   7.5911933e-08  -1.3194492e-07
4.1891667e+02   7.5598952e-08  -1.3198963e-07
4.1895833e+02   7.5285970e-08  -1.3203434e-07
4.1900000e+02   7.4972988e-08  -1.3207906e-07
4.1904167e+02   7.4660007e-08  -1.3212377e-07
4.1908333e+02   7.4347025e-08  -1.3216848e-07
4.1912500e+02   7.4034044e-08  -1.3221319e-07
4.1916667e+02   7.3721062e-08  -1.3225791e-07
4.1920833e+02   7.3408081e-08  -1.3230262e-07
4.1925000e+02   7.3095099e-08  -1.3234733e-07
4.1929167e+02   7.2782117e-08  -1.3239205e-07
4.1933333e+02   7.2469136e-08  -1.3243676e-07
4.1937500e+02   7.2156154e-08  -1.3248147e-07
4.1941667e+02   7.1843173e-08  -1.3252618e-07
4.1945833e+02   7.1530191e-08  -1.3257090e-07
4.1950000e+02   7.1217209e-08  -1.3261561e-07
4.1954167e+02   7.0904228e-08  -1.3266032e-07
4.1958333e+02   7.0591246e-08  -1.3270504e-07
4.1962500e+02   7.0278265e-08  -1.3274975e-07
4.1966667e+02   6.9965283e-08  -1.3279446e-07
4.1970833e+02   6.9652301e-08  -1.3283917e-07
4.1975000e+02   6.9339320e-08  -1.3288389e-07
4.1979167e+02   6.9026338e-08  -1.3292860e-07
4.1983333e+02   6.8713357e-08  -1.3297331e-07
4.1987500e+02   6.8400375e-08  -1.3301803e-07
4.1991667e+02   6.8087393e-08  -1.3306274e-07
4.1995833e+02   6.7774412e-08  -1.3310745e-07
4.2000000e+02   6.7498189e-08  -1.3309389e-07
4.2004167e+02   6.7277803e-08  -1.3299181e-07
4.2008333e+02   6.7113254e-08  -1.3280122e-07
4.2012500e+02   6.7004542e-08  -1.3252211e-07
4.2016667e+02   6.6951665e-08  -1.3215449e-07
4.2020833e+02   6.6954626e-08  -1.3169835e-07
4.2025000e+02   6.7013423e-08  -1.3115369e-07
4.2029167e+02   6.7128057e-08  -1.3052052e-07
4.2033333e+02   6.7298527e-08  -1.2979884e-07
4.2037500e+02   6.7524834e-08  -1.2898863e-07
4.2041667e+02   6.7806978e-08  -1.2808991e-07
4.2045833e+02   6.8144958e-08  -1.2710268e-07
4.2050000e+02   6.8502016e-08  -1.2608520e-07
4.2054167e+02   6.8859074e-08  -1.2506772e-07
4.2058333e+02   6.9216131e-08  -1.2405024e-07
4.2062500e+02   6.9573189e-08  -1.2303276e-07
4.2066667e+02   6.9930247e-08  -1.2201528e-07
4.2070833e+02   7.0287305e-08  -1.2099781e-07
4.2075000e+02   7.0644362e-08  -1.1998033e-07
4.2079167e+02   7.1001420e-08  -1.1896285e-07
4.2083333e+02   7.1358478e-08  -1.1794537e-07
4.2087500e+02   7.1715536e-08  -1.1692789e-07
4.2091667e+02   7.2072593e-08  -1.1591041e-07
4.2095833e+02   7.2429651e-08  -1.1489293e-07
4.2100000e+02   7.2786709e-08  -1.1387546e-07
4.2104167e+02   7.3143767e-08  -1.1285798e-07
4.2108333e+02   7.3500824e-08  -1.1184050e-07
4.2112500e+02   7.3857882e-08  -1.1082302e-07
4.2116667e+02   7.4214940e-08  -1.0980554e-07
4.2120833e+02   7.4571997e-08  -1.0878806e-07
4.2125000e+02   7.4929055e-08  -1.0777059e-07
4.2129167e+02   7.5286113e-08  -1.0675311e-07
4.2133333e+02   7.5643171e-08  -1.0573563e-07
4.2137500e+02   7.6000228e-08  -1.0471815e-07
4.2141667e+02   7.6357286e-08  -1.0370067e-07
4.2145833e+02   7.6714344e-08  -1.0268319e-07
4.2150000e+02   7.7000338e-08  -1.0165319e-07
4.2154167e+02   7.7157126e-08  -1.0060042e-07
4.2158333e+02   7.7184708e-08  -9.9524889e-08
4.2162500e+02   7.7083083e-08  -9.8426586e-08
4.2166667e+02   7.6852252e-08  -9.7305516e-08
4.2170833e+02   7.6492215e-08  -9.6161679e-08
4.2175000e+02   7.6002971e-08  -9.4995074e-08
4.2179167e+02   7.5384522e-08  -9.3805702e-08
4.2183333e+02   7.4636866e-08  -9.2593562e-08
4.2187500e+02   7.3760003e-08  -9.1358655e-08
4.2191667e+02   7.2753934e-08  -9.0100981e-08
4.2195833e+02   7.1618659e-08  -8.8820539e-08
4.2200000e+02   7.0425241e-08  -8.7529852e-08
4.2204167e+02   6.9231824e-08  -8.6239165e-08
4.2208333e+02   6.8038406e-08  -8.4948478e-08
4.2212500e+02   6.6844988e-08  -8.3657791e-08
4.2216667e+02   6.5651570e-08  -8.2367104e-08
4.2220833e+02   6.4458152e-08  -8.1076417e-08
4.2225000e+02   6.3264734e-08  -7.9785730e-08
4.2229167e+02   6.2071316e-08  -7.8495043e-08
4.2233333e+02   6.0877899e-08  -7.7204356e-08
4.2237500e+02   5.9684481e-08  -7.5913668e-08
4.2241667e+02   5.8491063e-08  -7.4622981e-08
4.2245833e+02   5.7297645e-08  -7.3332294e-08
4.2250000e+02   5.6104227e-08  -7.2041607e-08
4.2254167e+02   5.4910809e-08  -7.0750920e-08
4.2258333e+02   5.3717391e-08  -6.9460233e-08
4.2262500e+02   5.2523973e-08  -6.8169546e-08
4.2266667e+02   5.1330556e-08  -6.6878859e-08
4.2270833e+02   5.0137138e-08  -6.5588172e-08
4.2275000e+02   4.8943720e-08  -6.4297485e-08
4.2279167e+02   4.7750302e-08  -6.3006798e-08
4.2283333e+02   4.6556884e-08  -6.1716111e-08
4.2287500e+02   4.5363466e-08  -6.0425424e-08
4.2291667e+02   4.4170048e-08  -5.9134737e-08
4.2295833e+02   4.2976631e-08  -5.7844050e-08
4.2300000e+02   4.1800771e-08  -5.6565613e-08
4.2304167e+02   4.0663930e-08  -5.5314401e-08
4.2308333e+02   3.9566106e-08  -5.4090412e-08
4.2312500e+02   3.8507301e-08  -5.2893648e-08
4.2316667e+02   3.7487515e-08  -5.1724107e-08
4.2320833e+02   3.6506746e-08  -5.0581791e-08
4.2325000e+02   3.5564996e-08  -4.9466698e-08
4.2329167e+02   3.4662264e-08  -4.8378829e-08
4.2333333e+02   3.3798551e-08  -4.7318184e-08
4.2337500e+02   3.2973855e-08  -4.6284763e-08
4.2341667e+02   3.2188178e-08  -4.5278567e-08
4.2345833e+02   3.1441519e-08  -4.4299593e-08
4.2350000e+02   3.0716320e-08  -4.3335594e-08
4.2354167e+02   2.9991121e-08  -4.2371594e-08
4.2358333e+02   2.9265922e-08  -4.1407594e-08
4.2362500e+02   2.8540723e-08  -4.0443594e-08
4.2366667e+02   2.7815525e-08  -3.9479594e-08
4.2370833e+02   2.7090326e-08  -3.8515594e-08
4.2375000e+02   2.6365127e-08  -3.7551594e-08
4.2379167e+02   2.5639928e-08  -3.6587594e-08
4.2383333e+02   2.4914729e-08  -3.5623594e-08
4.2387500e+02   2.4189530e-08  -3.4659594e-08
4.2391667e+02   2.3464331e-08  -3.3695595e-08
4.2395833e+02   2.2739132e-08  -3.2731595e-08
4.2400000e+02   2.2013933e-08  -3.1767595e-08
4.2404167e+02   2.1288735e-08  -3.0803595e-08
4.2408333e+02   2.0563536e-08  -2.9839595e-08
4.2412500e+02   1.9838337e-08  -2.8875595e-08
4.2416667e+02   1.9113138e-08  -2.7911595e-08
4.2420833e+02   1.8387939e-08  -2.6947595e-08
4.2425000e+02   1.7662740e-08  -2.5983595e-08
4.2429167e+02   1.6937541e-08  -2.5019595e-08
4.2433333e+02   1.6212342e-08  -2.4055595e-08
4.2437500e+02   1.5487143e-08  -2.3091596e-08
4.2441667e+02   1.4761944e-08  -2.2127596e-08
4.2445833e+02   1.4036746e-08  -2.1163596e-08
4.2450000e+02   1.3373136e-08  -2.0236359e-08
4.2454167e+02   1.2885495e-08  -1.9414159e-08
4.2458333e+02   1.2573824e-08  -1.8696995e-08
4.2462500e+02   1.2438122e-08  -1.8084869e-08
4.2466667e+02   1.2478389e-08  -1.7577779e-08
4.2470833e+02   1.2694625e-08  -1.7175726e-08
4.2475000e+02   1.3086831e-08  -1.6878710e-08
4.2479167e+02   1.3655006e-08  -1.6686731e-08
4.2483333e+02   1.4399149e-08  -1.6599789e-08
4.2487500e+02   1.5319262e-08  -1.6617883e-08
4.2491667e+02   1.6415345e-08  -1.6741015e-08
4.2495833e+02   1.7687396e-08  -1.6969183e-08
4.2500000e+02   1.9073828e-08  -1.7265625e-08
4.2504167e+02   2.0460259e-08  -1.7562067e-08
4.2508333e+02   2.1846690e-08  -1.7858509e-08
4.2512500e+02   2.3233122e-08  -1.8154951e-08
4.2516667e+02   2.4619553e-08  -1.8451393e-08
4.2520833e+02   2.6005985e-08  -1.8747835e-08
4.2525000e+02   2.7392416e-08  -1.9044277e-08
4.2529167e+02   2.8778847e-08  -1.9340720e-08
4.2533333e+02   3.0165279e-08  -1.9637162e-08
4.2537500e+02   3.1551710e-08  -1.9933604e-08
4.2541667e+02   3.2938142e-08  -2.0230046e-08
4.2545833e+02   3.4324573e-08  -2.0526488e-08
4.2550000e+02   3.5711005e-08  -2.0822930e-08
4.2554167e+02   3.7097436e-08  -2.1119372e-08
4.2558333e+02   3.8483867e-08  -2.1415814e-08
4.2562500e+02   3.9870299e-08  -2.1712256e-08
4.2566667e+02   4.1256730e-08  -2.2008699e-08
4.2570833e+02   4.2643162e-08  -2.2305141e-08
4.2575000e+02   4.4029593e-08  -2.2601583e-08
4.2579167e+02   4.5416024e-08  -2.2898025e-08
4.2583333e+02   4.6802456e-08  -2.3194467e-08
4.2587500e+02   4.8188887e-08  -2.3490909e-08
4.2591667e+02   4.9575319e-08  -2.3787351e-08
4.2595833e+02   5.0961750e-08  -2.4083793e-08
4.2600000e+02   5.2299214e-08  -2.4384596e-08
4.2604167e+02   5.3434053e-08  -2.4703443e-08
4.2608333e+02   5.4366266e-08  -2.5040334e-08
4.2612500e+02   5.5095855e-08  -2.5395269e-08
4.2616667e+02   5.5622818e-08  -2.5768248e-08
4.2620833e+02   5.5947157e-08  -2.6159271e-08
4.2625000e+02   5.6068870e-08  -2.6568338e-08
4.2629167e+02   5.5987959e-08  -2.6995449e-08
4.2633333e+02   5.5704422e-08  -2.7440604e-08
4.2637500e+02   5.5218261e-08  -2.7903804e-08
4.2641667e+02   5.4529474e-08  -2.8385047e-08
4.2645833e+02   5.3638063e-08  -2.8884334e-08
4.2650000e+02   5.2592994e-08  -2.9397305e-08
4.2654167e+02   5.1547925e-08  -2.9910276e-08
4.2658333e+02   5.0502856e-08  -3.0423247e-08
4.2662500e+02   4.9457787e-08  -3.0936218e-08
4.2666667e+02   4.8412718e-08  -3.1449189e-08
4.2670833e+02   4.7367649e-08  -3.1962159e-08
4.2675000e+02   4.6322580e-08  -3.2475130e-08
4.2679167e+02   4.5277511e-08  -3.2988101e-08
4.2683333e+02   4.4232442e-08  -3.3501072e-08
4.2687500e+02   4.3187373e-08  -3.4014043e-08
4.2691667e+02   4.2142304e-08  -3.4527014e-08
4.2695833e+02   4.1097235e-08  -3.5039984e-08
4.2700000e+02   4.0052167e-08  -3.5552955e-08
4.2704167e+02   3.9007098e-08  -3.6065926e-08
4.2708333e+02   3.7962029e-08  -3.6578897e-08
4.2712500e+02   3.6916960e-08  -3.7091868e-08
4.2716667e+02   3.5871891e-08  -3.7604839e-08
4.2720833e+02   3.4826822e-08  -3.8117809e-08
4.2725000e+02   3.3781753e-08  -3.8630780e-08
4.2729167e+02   3.2736684e-08  -3.9143751e-08
4.2733333e+02   3.1691615e-08  -3.9656722e-08
4.2737500e+02   3.0646546e-08  -4.0169693e-08
4.2741667e+02   2.9601477e-08  -4.0682664e-08
4.2745833e+02   2.8556408e-08  -4.1195634e-08
4.2750000e+02   2.7524883e-08  -4.1700271e-08
4.2754167e+02   2.6594940e-08  -4.2142403e-08
4.2758333e+02   2.5766578e-08  -4.2522029e-08
4.2762500e+02   2.5039797e-08  -4.2839151e-08
4.2766667e+02   2.4414598e-08  -4.3093767e-08
4.2770833e+02   2.3890980e-08  -4.3285878e-08
4.2775000e+02   2.3468943e-08  -4.3415484e-08
4.2779167e+02   2.3148488e-08  -4.3482584e-08
4.2783333e+02   2.2929614e-08  -4.3487180e-08
4.2787500e+02   2.2812322e-08  -4.3429270e-08
4.2791667e+02   2.2796610e-08  -4.3308856e-08
4.2795833e+02   2.2882480e-08  -4.3125936e-08
4.2800000e+02   2.3056388e-08  -4.2888845e-08
4.2804167e+02   2.3230295e-08  -4.2651753e-08
4.2808333e+02   2.3404202e-08  -4.2414662e-08
4.2812500e+02   2.3578110e-08  -4.2177571e-08
4.2816667e+02   2.3752017e-08  -4.1940480e-08
4.2820833e+02   2.3925924e-08  -4.1703389e-08
4.2825000e+02   2.4099831e-08  -4.1466298e-08
4.2829167e+02   2.4273739e-08  -4.1229207e-08
4.2833333e+02   2.4447646e-08  -4.0992116e-08
4.2837500e+02   2.4621553e-08  -4.0755025e-08
4.2841667e+02   2.4795461e-08  -4.0517934e-08
4.2845833e+02   2.4969368e-08  -4.0280843e-08
4.2850000e+02   2.5143275e-08  -4.0043752e-08
4.2854167e+02   2.5317182e-08  -3.9806661e-08
4.2858333e+02   2.5491090e-08  -3.9569569e-08
4.2862500e+02   2.5664997e-08  -3.9332478e-08
4.2866667e+02   2.5838904e-08  -3.9095387e-08
4.2870833e+02   2.6012812e-08  -3.8858296e-08
4.2875000e+02   2.6186719e-08  -3.8621205e-08
4.2879167e+02   2.6360626e-08  -3.8384114e-08
4.2883333e+02   2.6534534e-08  -3.8147023e-08
4.2887500e+02   2.6708441e-08  -3.7909932e-08
4.2891667e+02   2.6882348e-08  -3.7672841e-08
4.2895833e+02   2.7056255e-08  -3.7435750e-08
4.2900000e+02   2.7230163e-08  -3.7198659e-08
4.2904167e+02   2.7404070e-08  -3.6961568e-08
4.2908333e+02   2.7577977e-08  -3.6724476e-08
4.2912500e+02   2.7751885e-08  -3.6487385e-08
4.2916667e+02   2.7925792e-08  -3.6250294e-08
4.2920833e+02   2.8099699e-08  -3.6013203e-08
4.2925000e+02   2.8273606e-08  -3.5776112e-08
4.2929167e+02   2.8447514e-08  -3.5539021e-08
4.2933333e+02   2.8621421e-08  -3.5301930e-08
4.2937500e+02   2.8795328e-08  -3.5064839e-08
4.2941667e+02   2.8969236e-08  -3.4827748e-08
4.2945833e+02   2.9143143e-08  -3.4590657e-08
4.2950000e+02   2.9309467e-08  -3.4357943e-08
4.2954167e+02   2.9448218e-08  -3.4141147e-08
4.2958333e+02   2.9559394e-08  -3.3940269e-08
4.2962500e+02   2.9642996e-08  -3.3755308e-08
4.2966667e+02   2.9699024e-08  -3.3586266e-08
4.2970833e+02   2.9727478e-08  -3.3433141e-08
4.2975000e+02   2.9728358e-08  -3.3295933e-08
4.2979167e+02   2.9701664e-08  -3.3174644e-08
4.2983333e+02   2.9647396e-08  -3.3069272e-08
4.2987500e+02   2.9565554e-08  -3.2979818e-08
4.2991667e+02   2.9456138e-08  -3.2906282e-08
4.2995833e+02   2.9319148e-08  -3.2848663e-08
4.3000000e+02   2.9162166e-08  -3.2802585e-08
4.3004167e+02   2.9005185e-08  -3.2756507e-08
4.3008333e+02   2.8848203e-08  -3.2710429e-08
4.3012500e+02   2.8691222e-08  -3.2664351e-08
4.3016667e+02   2.8534240e-08  -3.2618273e-08
4.3020833e+02   2.8377259e-08  -3.2572194e-08
4.3025000e+02   2.8220277e-08  -3.2526116e-08
4.3029167e+02   2.8063296e-08  -3.2480038e-08
4.3033333e+02   2.7906314e-08  -3.2433960e-08
4.3037500e+02   2.7749333e-08  -3.2387882e-08
4.3041667e+02   2.7592351e-08  -3.2341804e-08
4.3045833e+02   2.7435370e-08  -3.2295726e-08
4.3050000e+02   2.7278388e-08  -3.2249647e-08
4.3054167e+02   2.7121407e-08  -3.2203569e-08
4.3058333e+02   2.6964425e-08  -3.2157491e-08
4.3062500e+02   2.6807444e-08  -3.2111413e-08
4.3066667e+02   2.6650462e-08  -3.2065335e-08
4.3070833e+02   2.6493481e-08  -3.2019257e-08
4.3075000e+02   2.6336499e-08  -3.1973178e-08
4.3079167e+02   2.6179518e-08  -3.1927100e-08
4.3083333e+02   2.6022536e-08  -3.1881022e-08
4.3087500e+02   2.5865555e-08  -3.1834944e-08
4.3091667e+02   2.5708573e-08  -3.1788866e-08
4.3095833e+02   2.5551592e-08  -3.1742788e-08
4.3100000e+02   2.5394610e-08  -3.1696709e-08
4.3104167e+02   2.5237629e-08  -3.1650631e-08
4.3108333e+02   2.5080647e-08  -3.1604553e-08
4.3112500e+02   2.4923666e-08  -3.1558475e-08
4.3116667e+02   2.4766684e-08  -3.1512397e-08
4.3120833e+02   2.4609703e-08  -3.1466319e-08
4.3125000e+02   2.4452721e-08  -3.1420240e-08
4.3129167e+02   2.4295740e-08  -3.1374162e-08
4.3133333e+02   2.4138758e-08  -3.1328084e-08
4.3137500e+02   2.3981777e-08  -3.1282006e-08
4.3141667e+02   2.3824795e-08  -3.1235928e-08
4.3145833e+02   2.3667814e-08  -3.1189850e-08
4.3150000e+02   2.3510832e-08  -3.1143772e-08
4.3154167e+02   2.3353851e-08  -3.1097693e-08
4.3158333e+02   2.3196869e-08  -3.1051615e-08
4.3162500e+02   2.3039888e-08  -3.1005537e-08
4.3166667e+02   2.2882906e-08  -3.0959459e-08
4.3170833e+02   2.2725925e-08  -3.0913381e-08
4.3175000e+02   2.2568943e-08  -3.0867303e-08
4.3179167e+02   2.2411962e-08  -3.0821224e-08
4.3183333e+02   2.2254980e-08  -3.0775146e-08
4.3187500e+02   2.2097999e-08  -3.0729068e-08
4.3191667e+02   2.1941017e-08  -3.0682990e-08
4.3195833e+02   2.1784036e-08  -3.0636912e-08
4.3200000e+02   2.1623009e-08  -3.0588506e-08
4.3204167e+02   2.1455839e-08  -3.0536565e-08
4.3208333e+02   2.1282525e-08  -3.0481089e-08
4.3212500e+02   2.1103068e-08  -3.0422078e-08
4.3216667e+02   2.0917466e-08  -3.0359532e-08
4.3220833e+02   2.0725720e-08  -3.0293450e-08
4.3225000e+02   2.0527831e-08  -3.0223833e-08
4.3229167e+02   2.0323797e-08  -3.0150681e-08
4.3233333e+02   2.0113620e-08  -3.0073993e-08
4.3237500e+02   1.9897299e-08  -2.9993770e-08
4.3241667e+02   1.9674834e-08  -2.9910012e-08
4.3245833e+02   1.9446225e-08  -2.9822719e-08
4.3250000e+02   1.9215517e-08  -2.9734218e-08
4.3254167e+02   1.8984809e-08  -2.9645717e-08
4.3258333e+02   1.8754101e-08  -2.9557216e-08
4.3262500e+02   1.8523392e-08  -2.9468715e-08
4.3266667e+02   1.8292684e-08  -2.9380213e-08
4.3270833e+02   1.8061976e-08  -2.9291712e-08
4.3275000e+02   1.7831268e-08  -2.9203211e-08
4.3279167e+02   1.7600560e-08  -2.9114710e-08
4.3283333e+02   1.7369852e-08  -2.9026209e-08
4.3287500e+02   1.7139144e-08  -2.8937708e-08
4.3291667e+02   1.6908436e-08  -2.8849207e-08
4.3295833e+02   1.6677728e-08  -2.8760705e-08
4.3300000e+02   1.6447020e-08  -2.8672204e-08
4.3304167e+02   1.6216312e-08  -2.8583703e-08
4.3308333e+02   1.5985604e-08  -2.8495202e-08
4.3312500e+02   1.5754896e-08  -2.8406701e-08
4.3316667e+02   1.5524187e-08  -2.8318200e-08
4.3320833e+02   1.5293479e-08  -2.8229699e-08
4.3325000e+02   1.5062771e-08  -2.8141197e-08
4.3329167e+02   1.4832063e-08  -2.8052696e-08
4.3333333e+02   1.4601355e-08  -2.7964195e-08
4.3337500e+02   1.4370647e-08  -2.7875694e-08
4.3341667e+02   1.4139939e-08  -2.7787193e-08
4.3345833e+02   1.3909231e-08  -2.7698692e-08
4.3350000e+02   1.3678523e-08  -2.7610191e-08
4.3354167e+02   1.3447815e-08  -2.7521690e-08
4.3358333e+02   1.3217107e-08  -2.7433188e-08
4.3362500e+02   1.2986399e-08  -2.7344687e-08
4.3366667e+02   1.2755690e-08  -2.7256186e-08
4.3370833e+02   1.2524982e-08  -2.7167685e-08
4.3375000e+02   1.2294274e-08  -2.7079184e-08
4.3379167e+02   1.2063566e-08  -2.6990683e-08
4.3383333e+02   1.1832858e-08  -2.6902182e-08
4.3387500e+02   1.1602150e-08  -2.6813680e-08
4.3391667e+02   1.1371442e-08  -2.6725179e-08
4.3395833e+02   1.1140734e-08  -2.6636678e-08
4.3400000e+02   1.0910026e-08  -2.6548177e-08
4.3404167e+02   1.0679318e-08  -2.6459676e-08
4.3408333e+02   1.0448610e-08  -2.6371175e-08
4.3412500e+02   1.0217902e-08  -2.6282674e-08
4.3416667e+02   9.9871935e-09  -2.6194173e-08
4.3420833e+02   9.7564854e-09  -2.6105671e-08
4.3425000e+02   9.5257773e-09  -2.6017170e-08
4.3429167e+02   9.2950692e-09  -2.5928669e-08
4.3433333e+02   9.0643611e-09  -2.5840168e-08
4.3437500e+02   8.8336530e-09  -2.5751667e-08
4.3441667e+02   8.6029450e-09  -2.5663166e-08
4.3445833e+02   8.3722369e-09  -2.5574665e-08
4.3450000e+02   8.1461578e-09  -2.5485028e-08
4.3454167e+02   7.9432239e-09  -2.5389717e-08
4.3458333e+02   7.7634352e-09  -2.5288730e-08
4.3462500e+02   7.6067916e-09  -2.5182068e-08
4.3466667e+02   7.4732932e-09  -2.5069730e-08
4.3470833e+02   7.3629399e-09  -2.4951717e-08
4.3475000e+02   7.2757318e-09  -2.4828029e-08
4.3479167e+02   7.2116688e-09  -2.4698665e-08
4.3483333e+02   7.1707510e-09  -2.4563626e-08
4.3487500e+02   7.1529783e-09  -2.4422912e-08
4.3491667e+02   7.1583508e-09  -2.4276522e-08
4.3495833e+02   7.1868684e-09  -2.4124457e-08
4.3500000e+02   7.2339022e-09  -2.3967852e-08
4.3504167e+02   7.2809360e-09  -2.3811247e-08
4.3508333e+02   7.3279698e-09  -2.3654642e-08
4.3512500e+02   7.3750035e-09  -2.3498036e-08
4.3516667e+02   7.4220373e-09  -2.3341431e-08
4.3520833e+02   7.4690711e-09  -2.3184826e-08
4.3525000e+02   7.5161048e-09  -2.3028221e-08
4.3529167e+02   7.5631386e-09  -2.2871615e-08
4.3533333e+02   7.6101724e-09  -2.2715010e-08
4.3537500e+02   7.6572062e-09  -2.2558405e-08
4.3541667e+02   7.7042399e-09  -2.2401800e-08
4.3545833e+02   7.7512737e-09  -2.2245194e-08
4.3550000e+02   7.7983075e-09  -2.2088589e-08
4.3554167e+02   7.8453412e-09  -2.1931984e-08
4.3558333e+02   7.8923750e-09  -2.1775379e-08
4.3562500e+02   7.9394088e-09  -2.1618773e-08
4.3566667e+02   7.9864425e-09  -2.1462168e-08
4.3570833e+02   8.0334763e-09  -2.1305563e-08
4.3575000e+02   8.0805101e-09  -2.1148957e-08
4.3579167e+02   8.1275439e-09  -2.0992352e-08
4.3583333e+02   8.1745776e-09  -2.0835747e-08
4.3587500e+02   8.2216114e-09  -2.0679142e-08
4.3591667e+02   8.2686452e-09  -2.0522536e-08
4.3595833e+02   8.3156789e-09  -2.0365931e-08
4.3600000e+02   8.3627127e-09  -2.0209326e-08
4.3604167e+02   8.4097465e-09  -2.0052721e-08
4.3608333e+02   8.4567802e-09  -1.9896115e-08
4.3612500e+02   8.5038140e-09  -1.9739510e-08
4.3616667e+02   8.5508478e-09  -1.9582905e-08
4.3620833e+02   8.5978816e-09  -1.9426300e-08
4.3625000e+02   8.6449153e-09  -1.9269694e-08
4.3629167e+02   8.6919491e-09  -1.9113089e-08
4.3633333e+02   8.7389829e-09  -1.8956484e-08
4.3637500e+02   8.7860166e-09  -1.8799879e-08
4.3641667e+02   8.8330504e-09  -1.8643273e-08
4.3645833e+02   8.8800842e-09  -1.8486668e-08
4.3650000e+02   8.9271180e-09  -1.8330063e-08
4.3654167e+02   8.9741517e-09  -1.8173458e-08
4.3658333e+02   9.0211855e-09  -1.8016852e-08
4.3662500e+02   9.0682193e-09  -1.7860247e-08
4.3666667e+02   9.1152530e-09  -1.7703642e-08
4.3670833e+02   9.1622868e-09  -1.7547036e-08
4.3675000e+02   9.2093206e-09  -1.7390431e-08
4.3679167e+02   9.2563543e-09  -1.7233826e-08
4.3683333e+02   9.3033881e-09  -1.7077221e-08
4.3687500e+02   9.3504219e-09  -1.6920615e-08
4.3691667e+02   9.3974557e-09  -1.6764010e-08
4.3695833e+02   9.4444894e-09  -1.6607405e-08
4.3700000e+02   9.4915232e-09  -1.6450800e-08
4.3704167e+02   9.5385570e-09  -1.6294194e-08
4.3708333e+02   9.5855907e-09  -1.6137589e-08
4.3712500e+02   9.6326245e-09  -1.5980984e-08
4.3716667e+02   9.6796583e-09  -1.5824379e-08
4.3720833e+02   9.7266920e-09  -1.5667773e-08
4.3725000e+02   9.7737258e-09  -1.5511168e-08
4.3729167e+02   9.8207596e-09  -1.5354563e-08
4.3733333e+02   9.8677934e-09  -1.5197958e-08
4.3737500e+02   9.9148271e-09  -1.5041352e-08
4.3741667e+02   9.9618609e-09  -1.4884747e-08
4.3745833e+02   1.0008895e-08  -1.4728142e-08
4.3750000e+02   1.0055928e-08  -1.4571537e-08
4.3754167e+02   1.0102962e-08  -1.4414931e-08
4.3758333e+02   1.0149996e-08  -1.4258326e-08
4.3762500e+02   1.0197030e-08  -1.4101721e-08
4.3766667e+02   1.0244064e-08  -1.3945115e-08
4.3770833e+02   1.0291097e-08  -1.3788510e-08
4.3775000e+02   1.0338131e-08  -1.3631905e-08
4.3779167e+02   1.0385165e-08  -1.3475300e-08
4.3783333e+02   1.0432199e-08  -1.3318694e-08
4.3787500e+02   1.0479232e-08  -1.3162089e-08
4.3791667e+02   1.0526266e-08  -1.3005484e-08
4.3795833e+02   1.0573300e-08  -1.2848879e-08
4.3800000e+02   1.0644152e-08  -1.2696137e-08
4.3804167e+02   1.0817080e-08  -1.2559951e-08
4.3808333e+02   1.1092086e-08  -1.2440322e-08
4.3812500e+02   1.1469168e-08  -1.2337250e-08
4.3816667e+02   1.1948328e-08  -1.2250735e-08
4.3820833e+02   1.2529564e-08  -1.2180776e-08
4.3825000e+02   1.3212878e-08  -1.2127373e-08
4.3829167e+02   1.3998268e-08  -1.2090528e-08
4.3833333e+02   1.4885735e-08  -1.2070239e-08
4.3837500e+02   1.5875279e-08  -1.2066506e-08
4.3841667e+02   1.6966900e-08  -1.2079331e-08
4.3845833e+02   1.8160598e-08  -1.2108711e-08
4.3850000e+02   1.9432555e-08  -1.2150786e-08
4.3854167e+02   2.0704512e-08  -1.2192860e-08
4.3858333e+02   2.1976469e-08  -1.2234934e-08
4.3862500e+02   2.3248426e-08  -1.2277009e-08
4.3866667e+02   2.4520383e-08  -1.2319083e-08
4.3870833e+02   2.5792340e-08  -1.2361157e-08
4.3875000e+02   2.7064297e-08  -1.2403231e-08
4.3879167e+02   2.8336254e-08  -1.2445306e-08
4.3883333e+02   2.9608211e-08  -1.2487380e-08
4.3887500e+02   3.0880168e-08  -1.2529454e-08
4.3891667e+02   3.2152125e-08  -1.2571528e-08
4.3895833e+02   3.3424082e-08  -1.2613603e-08
4.3900000e+02   3.4696039e-08  -1.2655677e-08
4.3904167e+02   3.5967996e-08  -1.2697751e-08
4.3908333e+02   3.7239953e-08  -1.2739826e-08
4.3912500e+02   3.8511910e-08  -1.2781900e-08
4.3916667e+02   3.9783867e-08  -1.2823974e-08
4.3920833e+02   4.1055824e-08  -1.2866048e-08
4.3925000e+02   4.2327781e-08  -1.2908123e-08
4.3929167e+02   4.3599738e-08  -1.2950197e-08
4.3933333e+02   4.4871695e-08  -1.2992271e-08
4.3937500e+02   4.6143652e-08  -1.3034345e-08
4.3941667e+02   4.7415609e-08  -1.3076420e-08
4.3945833e+02   4.8687565e-08  -1.3118494e-08
4.3950000e+02   4.9959522e-08  -1.3160568e-08
4.3954167e+02   5.1231479e-08  -1.3202643e-08
4.3958333e+02   5.2503436e-08  -1.3244717e-08
4.3962500e+02   5.3775393e-08  -1.3286791e-08
4.3966667e+02   5.5047350e-08  -1.3328865e-08
4.3970833e+02   5.6319307e-08  -1.3370940e-08
4.3975000e+02   5.7591264e-08  -1.3413014e-08
4.3979167e+02   5.8863221e-08  -1.3455088e-08
4.3983333e+02   6.0135178e-08  -1.3497162e-08
4.3987500e+02   6.1407135e-08  -1.3539237e-08
4.3991667e+02   6.2679092e-08  -1.3581311e-08
4.3995833e+02   6.3951049e-08  -1.3623385e-08
4.4000000e+02   6.5223006e-08  -1.3665459e-08
4.4004167e+02   6.6494963e-08  -1.3707534e-08
4.4008333e+02   6.7766920e-08  -1.3749608e-08
4.4012500e+02   6.9038877e-08  -1.3791682e-08
4.4016667e+02   7.0310834e-08  -1.3833757e-08
4.4020833e+02   7.1582791e-08  -1.3875831e-08
4.4025000e+02   7.2854748e-08  -1.3917905e-08
4.4029167e+02   7.4126705e-08  -1.3959979e-08
4.4033333e+02   7.5398662e-08  -1.4002054e-08
4.4037500e+02   7.6670619e-08  -1.4044128e-08
4.4041667e+02   7.7942576e-08  -1.4086202e-08
4.4045833e+02   7.9214533e-08  -1.4128276e-08
4.4050000e+02   8.0486490e-08  -1.4170351e-08
4.4054167e+02   8.1758447e-08  -1.4212425e-08
4.4058333e+02   8.3030404e-08  -1.4254499e-08
4.4062500e+02   8.4302361e-08  -1.4296574e-08
4.4066667e+02   8.5574318e-08  -1.4338648e-08
4.4070833e+02   8.6846275e-08  -1.4380722e-08
4.4075000e+02   8.8118232e-08  -1.4422796e-08
4.4079167e+02   8.9390189e-08  -1.4464871e-08
4.4083333e+02   9.0662146e-08  -1.4506945e-08
4.4087500e+02   9.1934102e-08  -1.4549019e-08
4.4091667e+02   9.3206059e-08  -1.4591093e-08
4.4095833e+02   9.4478016e-08  -1.4633168e-08
4.4100000e+02   9.5749973e-08  -1.4675242e-08
4.4104167e+02   9.7021930e-08  -1.4717316e-08
4.4108333e+02   9.8293887e-08  -1.4759391e-08
4.4112500e+02   9.9565844e-08  -1.4801465e-08
4.4116667e+02   1.0083780e-07  -1.4843539e-08
4.4120833e+02   1.0210976e-07  -1.4885613e-08
4.4125000e+02   1.0338172e-07  -1.4927688e-08
4.4129167e+02   1.0465367e-07  -1.4969762e-08
4.4133333e+02   1.0592563e-07  -1.5011836e-08
4.4137500e+02   1.0719759e-07  -1.5053910e-08
4.4141667e+02   1.0846954e-07  -1.5095985e-08
4.4145833e+02   1.0974150e-07  -1.5138059e-08
4.4150000e+02   1.1099375e-07  -1.5243102e-08
4.4154167e+02   1.1217433e-07  -1.5577122e-08
4.4158333e+02   1.1328324e-07  -1.6140120e-08
4.4162500e+02   1.1432049e-07  -1.6932096e-08
4.4166667e+02   1.1528606e-07  -1.7953049e-08
4.4170833e+02   1.1617997e-07  -1.9202979e-08
4.4175000e+02   1.1700221e-07  -2.0681886e-08
4.4179167e+02   1.1775279e-07  -2.2389771e-08
4.4183333e+02   1.1843169e-07  -2.4326634e-08
4.4187500e+02   1.1903893e-07  -2.6492474e-08
4.4191667e+02   1.1957450e-07  -2.8887291e-08
4.4195833e+02   1.2003840e-07  -3.1511086e-08
4.4200000e+02   1.2045034e-07  -3.4300889e-08
4.4204167e+02   1.2086228e-07  -3.7090693e-08
4.4208333e+02   1.2127422e-07  -3.9880496e-08
4.4212500e+02   1.2168617e-07  -4.2670299e-08
4.4216667e+02   1.2209811e-07  -4.5460103e-08
4.4220833e+02   1.2251005e-07  -4.8249906e-08
4.4225000e+02   1.2292199e-07  -5.1039710e-08
4.4229167e+02   1.2333393e-07  -5.3829513e-08
4.4233333e+02   1.2374588e-07  -5.6619316e-08
4.4237500e+02   1.2415782e-07  -5.9409120e-08
4.4241667e+02   1.2456976e-07  -6.2198923e-08
4.4245833e+02   1.2498170e-07  -6.4988726e-08
4.4250000e+02   1.2539364e-07  -6.7778530e-08
4.4254167e+02   1.2580559e-07  -7.0568333e-08
4.4258333e+02   1.2621753e-07  -7.3358137e-08
4.4262500e+02   1.2662947e-07  -7.6147940e-08
4.4266667e+02   1.2704141e-07  -7.8937743e-08
4.4270833e+02   1.2745336e-07  -8.1727547e-08
4.4275000e+02   1.2786530e-07  -8.4517350e-08
4.4279167e+02   1.2827724e-07  -8.7307154e-08
4.4283333e+02   1.2868918e-07  -9.0096957e-08
4.4287500e+02   1.2910112e-07  -9.2886760e-08
4.4291667e+02   1.2951307e-07  -9.5676564e-08
4.4295833e+02   1.2992501e-07  -9.8466367e-08
4.4300000e+02   1.3027927e-07  -1.0120557e-07
4.4304167e+02   1.3030394e-07  -1.0365562e-07
4.4308333e+02   1.2999901e-07  -1.0581652e-07
4.4312500e+02   1.2936449e-07  -1.0768827e-07
4.4316667e+02   1.2840037e-07  -1.0927088e-07
4.4320833e+02   1.2710666e-07  -1.1056433e-07
4.4325000e+02   1.2548336e-07  -1.1156863e-07
4.4329167e+02   1.2353045e-07  -1.1228378e-07
4.4333333e+02   1.2124796e-07  -1.1270978e-07
4.4337500e+02   1.1863587e-07  -1.1284663e-07
4.4341667e+02   1.1569418e-07  -1.1269433e-07
4.4345833e+02   1.1242290e-07  -1.1225288e-07
4.4350000e+02   1.0887970e-07  -1.1157289e-07
4.4354167e+02   1.0533650e-07  -1.1089289e-07
4.4358333e+02   1.0179331e-07  -1.1021289e-07
4.4362500e+02   9.8250110e-08  -1.0953289e-07
4.4366667e+02   9.4706913e-08  -1.0885289e-07
4.4370833e+02   9.1163716e-08  -1.0817290e-07
4.4375000e+02   8.7620519e-08  -1.0749290e-07
4.4379167e+02   8.4077322e-08  -1.0681290e-07
4.4383333e+02   8.0534125e-08  -1.0613290e-07
4.4387500e+02   7.6990928e-08  -1.0545290e-07
4.4391667e+02   7.3447731e-08  -1.0477291e-07
4.4395833e+02   6.9904534e-08  -1.0409291e-07
4.4400000e+02   6.6361337e-08  -1.0341291e-07
4.4404167e+02   6.2818140e-08  -1.0273291e-07
4.4408333e+02   5.9274943e-08  -1.0205291e-07
4.4412500e+02   5.5731746e-08  -1.0137292e-07
4.4416667e+02   5.2188549e-08  -1.0069292e-07
4.4420833e+02   4.8645352e-08  -1.0001292e-07
4.4425000e+02   4.5102155e-08  -9.9332922e-08
4.4429167e+02   4.1558958e-08  -9.8652924e-08
4.4433333e+02   3.8015761e-08  -9.7972926e-08
4.4437500e+02   3.4472564e-08  -9.7292928e-08
4.4441667e+02   3.0929367e-08  -9.6612930e-08
4.4445833e+02   2.7386170e-08  -9.5932932e-08
4.4450000e+02   2.3872378e-08  -9.5254792e-08
4.4454167e+02   2.0799647e-08  -9.4604522e-08
4.4458333e+02   1.8167978e-08  -9.3982121e-08
4.4462500e+02   1.5977371e-08  -9.3387590e-08
4.4466667e+02   1.4227826e-08  -9.2820929e-08
4.4470833e+02   1.2919344e-08  -9.2282138e-08
4.4475000e+02   1.2051923e-08  -9.1771216e-08
4.4479167e+02   1.1625564e-08  -9.1288164e-08
4.4483333e+02   1.1640268e-08  -9.0832982e-08
4.4487500e+02   1.2096033e-08  -9.0405670e-08
4.4491667e+02   1.2992860e-08  -9.0006227e-08
4.4495833e+02   1.4330750e-08  -8.9634654e-08
4.4500000e+02   1.6080297e-08  -8.9289092e-08
4.4504167e+02   1.7829844e-08  -8.8943531e-08
4.4508333e+02   1.9579392e-08  -8.8597970e-08
4.4512500e+02   2.1328939e-08  -8.8252409e-08
4.4516667e+02   2.3078486e-08  -8.7906847e-08
4.4520833e+02   2.4828034e-08  -8.7561286e-08
4.4525000e+02   2.6577581e-08  -8.7215725e-08
4.4529167e+02   2.8327128e-08  -8.6870163e-08
4.4533333e+02   3.0076676e-08  -8.6524602e-08
4.4537500e+02   3.1826223e-08  -8.6179041e-08
4.4541667e+02   3.3575770e-08  -8.5833479e-08
4.4545833e+02   3.5325317e-08  -8.5487918e-08
4.4550000e+02   3.7074865e-08  -8.5142357e-08
4.4554167e+02   3.8824412e-08  -8.4796795e-08
4.4558333e+02   4.0573959e-08  -8.4451234e-08
4.4562500e+02   4.2323507e-08  -8.4105673e-08
4.4566667e+02   4.4073054e-08  -8.3760111e-08
4.4570833e+02   4.5822601e-08  -8.3414550e-08
4.4575000e+02   4.7572149e-08  -8.3068989e-08
4.4579167e+02   4.9321696e-08  -8.2723428e-08
4.4583333e+02   5.1071243e-08  -8.2377866e-08
4.4587500e+02   5.2820790e-08  -8.2032305e-08
4.4591667e+02   5.4570338e-08  -8.1686744e-08
4.4595833e+02   5.6319885e-08  -8.1341182e-08
4.4600000e+02   5.8069432e-08  -8.0995621e-08
4.4604167e+02   5.9549330e-08  -8.0641396e-08
4.4608333e+02   6.0747853e-08  -8.0278131e-08
4.4612500e+02   6.1665002e-08  -7.9905826e-08
4.4616667e+02   6.2300777e-08  -7.9524481e-08
4.4620833e+02   6.2655179e-08  -7.9134096e-08
4.4625000e+02   6.2728206e-08  -7.8734671e-08
4.4629167e+02   6.2519859e-08  -7.8326205e-08
4.4633333e+02   6.2030139e-08  -7.7908700e-08
4.4637500e+02   6.1259044e-08  -7.7482154e-08
4.4641667e+02   6.0206576e-08  -7.7046568e-08
4.4645833e+02   5.8872733e-08  -7.6601942e-08
4.4650000e+02   5.7257517e-08  -7.6148276e-08
4.4654167e+02   5.5630576e-08  -7.5694234e-08
4.4658333e+02   5.4003636e-08  -7.5240191e-08
4.4662500e+02   5.2376696e-08  -7.4786148e-08
4.4666667e+02   5.0749755e-08  -7.4332106e-08
4.4670833e+02   4.9122815e-08  -7.3878063e-08
4.4675000e+02   4.7495874e-08  -7.3424020e-08
4.4679167e+02   4.5868934e-08  -7.2969977e-08
4.4683333e+02   4.4241993e-08  -7.2515935e-08
4.4687500e+02   4.2615053e-08  -7.2061892e-08
4.4691667e+02   4.0988113e-08  -7.1607849e-08
4.4695833e+02   3.9361172e-08  -7.1153807e-08
4.4700000e+02   3.7734232e-08  -7.0699764e-08
4.4704167e+02   3.6107291e-08  -7.0245721e-08
4.4708333e+02   3.4480351e-08  -6.9791679e-08
4.4712500e+02   3.2853411e-08  -6.9337636e-08
4.4716667e+02   3.1226470e-08  -6.8883593e-08
4.4720833e+02   2.9599530e-08  -6.8429551e-08
4.4725000e+02   2.7972589e-08  -6.7975508e-08
4.4729167e+02   2.6345649e-08  -6.7521465e-08
4.4733333e+02   2.4718709e-08  -6.7067422e-08
4.4737500e+02   2.3091768e-08  -6.6613380e-08
4.4741667e+02   2.1464828e-08  -6.6159337e-08
4.4745833e+02   1.9837887e-08  -6.5705294e-08
4.4750000e+02   1.8210947e-08  -6.5251252e-08
4.4754167e+02   1.6772376e-08  -6.4771964e-08
4.4758333e+02   1.5553266e-08  -6.4263266e-08
4.4762500e+02   1.4553616e-08  -6.3725157e-08
4.4766667e+02   1.3773426e-08  -6.3157636e-08
4.4770833e+02   1.3212695e-08  -6.2560705e-08
4.4775000e+02   1.2871425e-08  -6.1934362e-08
4.4779167e+02   1.2749616e-08  -6.1278608e-08
4.4783333e+02   1.2847266e-08  -6.0593443e-08
4.4787500e+02   1.3164376e-08  -5.9878867e-08
4.4791667e+02   1.3700947e-08  -5.9134880e-08
4.4795833e+02   1.4456977e-08  -5.8361482e-08
4.4800000e+02   1.5432468e-08  -5.7558673e-08
4.4804167e+02   1.6439048e-08  -5.6751697e-08
4.4808333e+02   1.7445629e-08  -5.5944721e-08
4.4812500e+02   1.8452210e-08  -5.5137745e-08
4.4816667e+02   1.9458791e-08  -5.4330770e-08
4.4820833e+02   2.0465372e-08  -5.3523794e-08
4.4825000e+02   2.1471952e-08  -5.2716818e-08
4.4829167e+02   2.2478533e-08  -5.1909842e-08
4.4833333e+02   2.3485114e-08  -5.1102866e-08
4.4837500e+02   2.4491695e-08  -5.0295890e-08
4.4841667e+02   2.5498276e-08  -4.9488915e-08
4.4845833e+02   2.6504856e-08  -4.8681939e-08
4.4850000e+02   2.7511437e-08  -4.7874963e-08
4.4854167e+02   2.8518018e-08  -4.7067987e-08
4.4858333e+02   2.9524599e-08  -4.6261011e-08
4.4862500e+02   3.0531180e-08  -4.5454036e-08
4.4866667e+02   3.1537760e-08  -4.4647060e-08
4.4870833e+02   3.2544341e-08  -4.3840084e-08
4.4875000e+02   3.3550922e-08  -4.3033108e-08
4.4879167e+02   3.4557503e-08  -4.2226132e-08
4.4883333e+02   3.5564084e-08  -4.1419156e-08
4.4887500e+02   3.6570664e-08  -4.0612181e-08
4.4891667e+02   3.7577245e-08  -3.9805205e-08
4.4895833e+02   3.8583826e-08  -3.8998229e-08
4.4900000e+02   3.9590407e-08  -3.8191253e-08
4.4904167e+02   4.0480496e-08  -3.7397152e-08
4.4908333e+02   4.1216970e-08  -3.6620029e-08
4.4912500e+02   4.1799829e-08  -3.5859884e-08
4.4916667e+02   4.2229073e-08  -3.5116717e-08
4.4920833e+02   4.2504701e-08  -3.4390528e-08
4.4925000e+02   4.2626715e-08  -3.3681317e-08
4.4929167e+02   4.2595113e-08  -3.2989084e-08
4.4933333e+02   4.2409896e-08  -3.2313829e-08
4.4937500e+02   4.2071064e-08  -3.1655552e-08
4.4941667e+02   4.1578617e-08  -3.1014253e-08
4.4945833e+02   4.0932554e-08  -3.0389931e-08
4.4950000e+02   4.0132877e-08  -2.9782588e-08
4.4954167e+02   3.9296075e-08  -2.9179348e-08
4.4958333e+02   3.8459274e-08  -2.8576107e-08
4.4962500e+02   3.7622473e-08  -2.7972867e-08
4.4966667e+02   3.6785671e-08  -2.7369627e-08
4.4970833e+02   3.5948870e-08  -2.6766386e-08
4.4975000e+02   3.5112069e-08  -2.6163146e-08
4.4979167e+02   3.4275268e-08  -2.5559906e-08
4.4983333e+02   3.3438466e-08  -2.4956665e-08
4.4987500e+02   3.2601665e-08  -2.4353425e-08
4.4991667e+02   3.1764864e-08  -2.3750185e-08
4.4995833e+02   3.0928062e-08  -2.3146945e-08
4.5000000e+02   3.0101162e-08  -2.2580344e-08
4.5004167e+02   2.9315230e-08  -2.2165359e-08
4.5008333e+02   2.8570266e-08  -2.1901988e-08
4.5012500e+02   2.7866271e-08  -2.1790232e-08
4.5016667e+02   2.7203245e-08  -2.1830090e-08
4.5020833e+02   2.6581187e-08  -2.2021563e-08
4.5025000e+02   2.6000097e-08  -2.2364650e-08
4.5029167e+02   2.5459976e-08  -2.2859352e-08
4.5033333e+02   2.4960824e-08  -2.3505669e-08
4.5037500e+02   2.4502640e-08  -2.4303600e-08
4.5041667e+02   2.4085424e-08  -2.5253146e-08
4.5045833e+02   2.3709178e-08  -2.6354307e-08
4.5050000e+02   2.3363999e-08  -2.7570442e-08
4.5054167e+02   2.3018819e-08  -2.8786577e-08
4.5058333e+02   2.2673640e-08  -3.0002711e-08
4.5062500e+02   2.2328461e-08  -3.1218846e-08
4.5066667e+02   2.1983282e-08  -3.2434981e-08
4.5070833e+02   2.1638103e-08  -3.3651116e-08
4.5075000e+02   2.1292924e-08  -3.4867251e-08
4.5079167e+02   2.0947745e-08  -3.6083386e-08
4.5083333e+02   2.0602566e-08  -3.7299521e-08
4.5087500e+02   2.0257387e-08  -3.8515656e-08
4.5091667e+02   1.9912208e-08  -3.9731791e-08
4.5095833e+02   1.9567029e-08  -4.0947926e-08
4.5100000e+02   1.9221850e-08  -4.2164060e-08
4.5104167e+02   1.8876670e-08  -4.3380195e-08
4.5108333e+02   1.8531491e-08  -4.4596330e-08
4.5112500e+02   1.8186312e-08  -4.5812465e-08
4.5116667e+02   1.7841133e-08  -4.7028600e-08
4.5120833e+02   1.7495954e-08  -4.8244735e-08
4.5125000e+02   1.7150775e-08  -4.9460870e-08
4.5129167e+02   1.6805596e-08  -5.0677005e-08
4.5133333e+02   1.6460417e-08  -5.1893140e-08
4.5137500e+02   1.6115238e-08  -5.3109274e-08
4.5141667e+02   1.5770059e-08  -5.4325409e-08
4.5145833e+02   1.5424880e-08  -5.5541544e-08
4.5150000e+02   1.5094534e-08  -5.6746157e-08
4.5154167e+02   1.4875437e-08  -5.7864354e-08
4.5158333e+02   1.4767591e-08  -5.8896135e-08
4.5162500e+02   1.4770993e-08  -5.9841500e-08
4.5166667e+02   1.4885645e-08  -6.0700450e-08
4.5170833e+02   1.5111547e-08  -6.1472983e-08
4.5175000e+02   1.5448698e-08  -6.2159101e-08
4.5179167e+02   1.5897098e-08  -6.2758803e-08
4.5183333e+02   1.6456748e-08  -6.3272089e-08
4.5187500e+02   1.7127647e-08  -6.3698959e-08
4.5191667e+02   1.7909796e-08  -6.4039413e-08
4.5195833e+02   1.8803195e-08  -6.4293452e-08
4.5200000e+02   1.9793009e-08  -6.4472596e-08
4.5204167e+02   2.0782824e-08  -6.4651741e-08
4.5208333e+02   2.1772638e-08  -6.4830886e-08
4.5212500e+02   2.2762453e-08  -6.5010030e-08
4.5216667e+02   2.3752267e-08  -6.5189175e-08
4.5220833e+02   2.4742082e-08  -6.5368320e-08
4.5225000e+02   2.5731896e-08  -6.5547464e-08
4.5229167e+02   2.6721711e-08  -6.5726609e-08
4.5233333e+02   2.7711525e-08  -6.5905754e-08
4.5237500e+02   2.8701340e-08  -6.6084898e-08
4.5241667e+02   2.9691155e-08  -6.6264043e-08
4.5245833e+02   3.0680969e-08  -6.6443188e-08
4.5250000e+02   3.1670784e-08  -6.6622333e-08
4.5254167e+02   3.2660598e-08  -6.6801477e-08
4.5258333e+02   3.3650413e-08  -6.6980622e-08
4.5262500e+02   3.4640227e-08  -6.7159767e-08
4.5266667e+02   3.5630042e-08  -6.7338911e-08
4.5270833e+02   3.6619856e-08  -6.7518056e-08
4.5275000e+02   3.7609671e-08  -6.7697201e-08
4.5279167e+02   3.8599485e-08  -6.7876345e-08
4.5283333e+02   3.9589300e-08  -6.8055490e-08
4.5287500e+02   4.0579114e-08  -6.8234635e-08
4.5291667e+02   4.1568929e-08  -6.8413779e-08
4.5295833e+02   4.2558744e-08  -6.8592924e-08
4.5300000e+02   4.3543279e-08  -6.8767558e-08
4.5304167e+02   4.4369456e-08  -6.8806854e-08
4.5308333e+02   4.5037273e-08  -6.8710815e-08
4.5312500e+02   4.5546731e-08  -6.8479438e-08
4.5316667e+02   4.5897829e-08  -6.8112725e-08
4.5320833e+02   4.6090568e-08  -6.7610675e-08
4.5325000e+02   4.6124948e-08  -6.6973289e-08
4.5329167e+02   4.6000969e-08  -6.6200566e-08
4.5333333e+02   4.5718630e-08  -6.5292507e-08
4.5337500e+02   4.5277931e-08  -6.4249110e-08
4.5341667e+02   4.4678874e-08  -6.3070378e-08
4.5345833e+02   4.3921457e-08  -6.1756308e-08
4.5350000e+02   4.3010959e-08  -6.0311413e-08
4.5354167e+02   4.2100461e-08  -5.8866518e-08
4.5358333e+02   4.1189963e-08  -5.7421624e-08
4.5362500e+02   4.0279465e-08  -5.5976729e-08
4.5366667e+02   3.9368968e-08  -5.4531834e-08
4.5370833e+02   3.8458470e-08  -5.3086939e-08
4.5375000e+02   3.7547972e-08  -5.1642044e-08
4.5379167e+02   3.6637474e-08  -5.0197149e-08
4.5383333e+02   3.5726977e-08  -4.8752254e-08
4.5387500e+02   3.4816479e-08  -4.7307360e-08
4.5391667e+02   3.3905981e-08  -4.5862465e-08
4.5395833e+02   3.2995483e-08  -4.4417570e-08
4.5400000e+02   3.2084985e-08  -4.2972675e-08
4.5404167e+02   3.1174488e-08  -4.1527780e-08
4.5408333e+02   3.0263990e-08  -4.0082885e-08
4.5412500e+02   2.9353492e-08  -3.8637990e-08
4.5416667e+02   2.8442994e-08  -3.7193095e-08
4.5420833e+02   2.7532497e-08  -3.5748201e-08
4.5425000e+02   2.6621999e-08  -3.4303306e-08
4.5429167e+02   2.5711501e-08  -3.2858411e-08
4.5433333e+02   2.4801003e-08  -3.1413516e-08
4.5437500e+02   2.3890506e-08  -2.9968621e-08
4.5441667e+02   2.2980008e-08  -2.8523726e-08
4.5445833e+02   2.2069510e-08  -2.7078831e-08
4.5450000e+02   2.1159012e-08  -2.5633937e-08
4.5454167e+02   2.0327470e-08  -2.4329449e-08
4.5458333e+02   1.9580524e-08  -2.3175399e-08
4.5462500e+02   1.8918173e-08  -2.2171785e-08
4.5466667e+02   1.8340417e-08  -2.1318608e-08
4.5470833e+02   1.7847257e-08  -2.0615868e-08
4.5475000e+02   1.7438692e-08  -2.0063564e-08
4.5479167e+02   1.7114723e-08  -1.9661697e-08
4.5483333e+02   1.6875349e-08  -1.9410267e-08
4.5487500e+02   1.6720571e-08  -1.9309274e-08
4.5491667e+02   1.6650388e-08  -1.9358718e-08
4.5495833e+02   1.6664801e-08  -1.9558598e-08
4.5500000e+02   1.6763809e-08  -1.9908915e-08
4.5504167e+02   1.6868457e-08  -2.0269261e-08
4.5508333e+02   1.6973105e-08  -2.0629607e-08
4.5512500e+02   1.7077753e-08  -2.0989953e-08
4.5516667e+02   1.7182400e-08  -2.1350299e-08
4.5520833e+02   1.7287048e-08  -2.1710645e-08
4.5525000e+02   1.7391696e-08  -2.2070991e-08
4.5529167e+02   1.7496344e-08  -2.2431337e-08
4.5533333e+02   1.7600992e-08  -2.2791683e-08
4.5537500e+02   1.7705640e-08  -2.3152029e-08
4.5541667e+02   1.7810288e-08  -2.3512375e-08
4.5545833e+02   1.7914935e-08  -2.3872721e-08
4.5550000e+02   1.8019583e-08  -2.4233067e-08
4.5554167e+02   1.8124231e-08  -2.4593413e-08
4.5558333e+02   1.8228879e-08  -2.4953759e-08
4.5562500e+02   1.8333527e-08  -2.5314106e-08
4.5566667e+02   1.8438175e-08  -2.5674452e-08
4.5570833e+02   1.8542823e-08  -2.6034798e-08
4.5575000e+02   1.8647470e-08  -2.6395144e-08
4.5579167e+02   1.8752118e-08  -2.6755490e-08
4.5583333e+02   1.8856766e-08  -2.7115836e-08
4.5587500e+02   1.8961414e-08  -2.7476182e-08
4.5591667e+02   1.9066062e-08  -2.7836528e-08
4.5595833e+02   1.9170710e-08  -2.8196874e-08
4.5600000e+02   1.9275357e-08  -2.8557220e-08
4.5604167e+02   1.9380005e-08  -2.8917566e-08
4.5608333e+02   1.9484653e-08  -2.9277912e-08
4.5612500e+02   1.9589301e-08  -2.9638258e-08
4.5616667e+02   1.9693949e-08  -2.9998604e-08
4.5620833e+02   1.9798597e-08  -3.0358950e-08
4.5625000e+02   1.9903245e-08  -3.0719296e-08
4.5629167e+02   2.0007892e-08  -3.1079642e-08
4.5633333e+02   2.0112540e-08  -3.1439988e-08
4.5637500e+02   2.0217188e-08  -3.1800334e-08
4.5641667e+02   2.0321836e-08  -3.2160681e-08
4.5645833e+02   2.0426484e-08  -3.2521027e-08
4.5650000e+02   2.0531132e-08  -3.2881373e-08
4.5654167e+02   2.0635779e-08  -3.3241719e-08
4.5658333e+02   2.0740427e-08  -3.3602065e-08
4.5662500e+02   2.0845075e-08  -3.3962411e-08
4.5666667e+02   2.0949723e-08  -3.4322757e-08
4.5670833e+02   2.1054371e-08  -3.4683103e-08
4.5675000e+02   2.1159019e-08  -3.5043449e-08
4.5679167e+02   2.1263667e-08  -3.5403795e-08
4.5683333e+02   2.1368314e-08  -3.5764141e-08
4.5687500e+02   2.1472962e-08  -3.6124487e-08
4.5691667e+02   2.1577610e-08  -3.6484833e-08
4.5695833e+02   2.1682258e-08  -3.6845179e-08
4.5700000e+02   2.1786906e-08  -3.7205525e-08
4.5704167e+02   2.1891554e-08  -3.7565871e-08
4.5708333e+02   2.1996202e-08  -3.7926217e-08
4.5712500e+02   2.2100849e-08  -3.8286563e-08
4.5716667e+02   2.2205497e-08  -3.8646909e-08
4.5720833e+02   2.2310145e-08  -3.9007256e-08
4.5725000e+02   2.2414793e-08  -3.9367602e-08
4.5729167e+02   2.2519441e-08  -3.9727948e-08
4.5733333e+02   2.2624089e-08  -4.0088294e-08
4.5737500e+02   2.2728736e-08  -4.0448640e-08
4.5741667e+02   2.2833384e-08  -4.0808986e-08
4.5745833e+02   2.2938032e-08  -4.1169332e-08
4.5750000e+02   2.3042680e-08  -4.1529678e-08
4.5754167e+02   2.3131411e-08  -4.1848366e-08
4.5758333e+02   2.3197934e-08  -4.2108925e-08
4.5762500e+02   2.3242247e-08  -4.2311356e-08
4.5766667e+02   2.3264351e-08  -4.2455660e-08
4.5770833e+02   2.3264246e-08  -4.2541835e-08
4.5775000e+02   2.3241932e-08  -4.2569882e-08
4.5779167e+02   2.3197409e-08  -4.2539801e-08
4.5783333e+02   2.3130676e-08  -4.2451592e-08
4.5787500e+02   2.3041735e-08  -4.2305255e-08
4.5791667e+02   2.2930584e-08  -4.2100790e-08
4.5795833e+02   2.2797225e-08  -4.1838197e-08
4.5800000e+02   2.2641656e-08  -4.1517475e-08
4.5804167e+02   2.2479795e-08  -4.1180284e-08
4.5808333e+02   2.2317934e-08  -4.0843093e-08
4.5812500e+02   2.2156073e-08  -4.0505902e-08
4.5816667e+02   2.1994212e-08  -4.0168711e-08
4.5820833e+02   2.1832350e-08  -3.9831520e-08
4.5825000e+02   2.1670489e-08  -3.9494329e-08
4.5829167e+02   2.1508628e-08  -3.9157138e-08
4.5833333e+02   2.1346767e-08  -3.8819947e-08
4.5837500e+02   2.1184906e-08  -3.8482756e-08
4.5841667e+02   2.1023044e-08  -3.8145565e-08
4.5845833e+02   2.0861183e-08  -3.7808374e-08
4.5850000e+02   2.0699322e-08  -3.7471183e-08
4.5854167e+02   2.0537461e-08  -3.7133992e-08
4.5858333e+02   2.0375600e-08  -3.6796801e-08
4.5862500e+02   2.0213738e-08  -3.6459610e-08
4.5866667e+02   2.0051877e-08  -3.6122419e-08
4.5870833e+02   1.9890016e-08  -3.5785228e-08
4.5875000e+02   1.9728155e-08  -3.5448037e-08
4.5879167e+02   1.9566294e-08  -3.5110846e-08
4.5883333e+02   1.9404432e-08  -3.4773655e-08
4.5887500e+02   1.9242571e-08  -3.4436464e-08
4.5891667e+02   1.9080710e-08  -3.4099273e-08
4.5895833e+02   1.8918849e-08  -3.3762082e-08
4.5900000e+02   1.8756988e-08  -3.3424891e-08
4.5904167e+02   1.8595126e-08  -3.3087700e-08
4.5908333e+02   1.8433265e-08  -3.2750509e-08
4.5912500e+02   1.8271404e-08  -3.2413318e-08
4.5916667e+02   1.8109543e-08  -3.2076127e-08
4.5920833e+02   1.7947682e-08  -3.1738936e-08
4.5925000e+02   1.7785820e-08  -3.1401745e-08
4.5929167e+02   1.7623959e-08  -3.1064554e-08
4.5933333e+02   1.7462098e-08  -3.0727363e-08
4.5937500e+02   1.7300237e-08  -3.0390172e-08
4.5941667e+02   1.7138376e-08  -3.0052981e-08
4.5945833e+02   1.6976514e-08  -2.9715790e-08
4.5950000e+02   1.6814653e-08  -2.9378599e-08
4.5954167e+02   1.6652792e-08  -2.9041408e-08
4.5958333e+02   1.6490931e-08  -2.8704217e-08
4.5962500e+02   1.6329070e-08  -2.8367026e-08
4.5966667e+02   1.6167209e-08  -2.8029835e-08
4.5970833e+02   1.6005347e-08  -2.7692643e-08
4.5975000e+02   1.5843486e-08  -2.7355452e-08
4.5979167e+02   1.5681625e-08  -2.7018261e-08
4.5983333e+02   1.5519764e-08  -2.6681070e-08
4.5987500e+02   1.5357903e-08  -2.6343879e-08
4.5991667e+02   1.5196041e-08  -2.6006688e-08
4.5995833e+02   1.5034180e-08  -2.5669497e-08
4.6000000e+02   1.4872319e-08  -2.5332306e-08
4.6004167e+02   1.4710458e-08  -2.4995115e-08
4.6008333e+02   1.4548597e-08  -2.4657924e-08
4.6012500e+02   1.4386735e-08  -2.4320733e-08
4.6016667e+02   1.4224874e-08  -2.3983542e-08
4.6020833e+02   1.4063013e-08  -2.3646351e-08
4.6025000e+02   1.3901152e-08  -2.3309160e-08
4.6029167e+02   1.3739291e-08  -2.2971969e-08
4.6033333e+02   1.3577429e-08  -2.2634778e-08
4.6037500e+02   1.3415568e-08  -2.2297587e-08
4.6041667e+02   1.3253707e-08  -2.1960396e-08
4.6045833e+02   1.3091846e-08  -2.1623205e-08
4.6050000e+02   1.2929985e-08  -2.1286014e-08
4.6054167e+02   1.2768123e-08  -2.0948823e-08
4.6058333e+02   1.2606262e-08  -2.0611632e-08
4.6062500e+02   1.2444401e-08  -2.0274441e-08
4.6066667e+02   1.2282540e-08  -1.9937250e-08
4.6070833e+02   1.2120679e-08  -1.9600059e-08
4.6075000e+02   1.1958817e-08  -1.9262868e-08
4.6079167e+02   1.1796956e-08  -1.8925677e-08
4.6083333e+02   1.1635095e-08  -1.8588486e-08
4.6087500e+02   1.1473234e-08  -1.8251295e-08
4.6091667e+02   1.1311373e-08  -1.7914104e-08
4.6095833e+02   1.1149511e-08  -1.7576913e-08
4.6100000e+02   1.0987650e-08  -1.7239722e-08
4.6104167e+02   1.0851568e-08  -1.6947853e-08
4.6108333e+02   1.0749857e-08  -1.6716413e-08
4.6112500e+02   1.0682517e-08  -1.6545402e-08
4.6116667e+02   1.0649549e-08  -1.6434821e-08
4.6120833e+02   1.0650952e-08  -1.6384669e-08
4.6125000e+02   1.0686727e-08  -1.6394946e-08
4.6129167e+02   1.0756873e-08  -1.6465652e-08
4.6133333e+02   1.0861391e-08  -1.6596788e-08
4.6137500e+02   1.1000281e-08  -1.6788352e-08
4.6141667e+02   1.1173542e-08  -1.7040346e-08
4.6145833e+02   1.1381174e-08  -1.7352769e-08
4.6150000e+02   1.1623178e-08  -1.7725622e-08
4.6154167e+02   1.1873774e-08  -1.8113581e-08
4.6158333e+02   1.2124371e-08  -1.8501541e-08
4.6162500e+02   1.2374968e-08  -1.8889501e-08
4.6166667e+02   1.2625564e-08  -1.9277460e-08
4.6170833e+02   1.2876161e-08  -1.9665420e-08
4.6175000e+02   1.3126758e-08  -2.0053380e-08
4.6179167e+02   1.3377354e-08  -2.0441339e-08
4.6183333e+02   1.3627951e-08  -2.0829299e-08
4.6187500e+02   1.3878548e-08  -2.1217259e-08
4.6191667e+02   1.4129144e-08  -2.1605218e-08
4.6195833e+02   1.4379741e-08  -2.1993178e-08
4.6200000e+02   1.4630338e-08  -2.2381138e-08
4.6204167e+02   1.4880934e-08  -2.2769097e-08
4.6208333e+02   1.5131531e-08  -2.3157057e-08
4.6212500e+02   1.5382128e-08  -2.3545017e-08
4.6216667e+02   1.5632724e-08  -2.3932976e-08
4.6220833e+02   1.5883321e-08  -2.4320936e-08
4.6225000e+02   1.6133918e-08  -2.4708896e-08
4.6229167e+02   1.6384514e-08  -2.5096855e-08
4.6233333e+02   1.6635111e-08  -2.5484815e-08
4.6237500e+02   1.6885708e-08  -2.5872775e-08
4.6241667e+02   1.7136304e-08  -2.6260734e-08
4.6245833e+02   1.7386901e-08  -2.6648694e-08
4.6250000e+02   1.7637498e-08  -2.7036654e-08
4.6254167e+02   1.7888095e-08  -2.7424614e-08
4.6258333e+02   1.8138691e-08  -2.7812573e-08
4.6262500e+02   1.8389288e-08  -2.8200533e-08
4.6266667e+02   1.8639885e-08  -2.8588493e-08
4.6270833e+02   1.8890481e-08  -2.8976452e-08
4.6275000e+02   1.9141078e-08  -2.9364412e-08
4.6279167e+02   1.9391675e-08  -2.9752372e-08
4.6283333e+02   1.9642271e-08  -3.0140331e-08
4.6287500e+02   1.9892868e-08  -3.0528291e-08
4.6291667e+02   2.0143465e-08  -3.0916251e-08
4.6295833e+02   2.0394061e-08  -3.1304210e-08
4.6300000e+02   2.0644658e-08  -3.1692170e-08
4.6304167e+02   2.0895255e-08  -3.2080130e-08
4.6308333e+02   2.1145851e-08  -3.2468089e-08
4.6312500e+02   2.1396448e-08  -3.2856049e-08
4.6316667e+02   2.1647045e-08  -3.3244009e-08
4.6320833e+02   2.1897641e-08  -3.3631968e-08
4.6325000e+02   2.2148238e-08  -3.4019928e-08
4.6329167e+02   2.2398835e-08  -3.4407888e-08
4.6333333e+02   2.2649431e-08  -3.4795847e-08
4.6337500e+02   2.2900028e-08  -3.5183807e-08
4.6341667e+02   2.3150625e-08  -3.5571767e-08
4.6345833e+02   2.3401221e-08  -3.5959726e-08
4.6350000e+02   2.3651818e-08  -3.6347686e-08
4.6354167e+02   2.3902415e-08  -3.6735646e-08
4.6358333e+02   2.4153011e-08  -3.7123605e-08
4.6362500e+02   2.4403608e-08  -3.7511565e-08
4.6366667e+02   2.4654205e-08  -3.7899525e-08
4.6370833e+02   2.4904801e-08  -3.8287484e-08
4.6375000e+02   2.5155398e-08  -3.8675444e-08
4.6379167e+02   2.5405995e-08  -3.9063404e-08
4.6383333e+02   2.5656591e-08  -3.9451363e-08
4.6387500e+02   2.5907188e-08  -3.9839323e-08
4.6391667e+02   2.6157785e-08  -4.0227283e-08
4.6395833e+02   2.6408381e-08  -4.0615242e-08
4.6400000e+02   2.6658978e-08  -4.1003202e-08
4.6404167e+02   2.6886287e-08  -4.1402697e-08
4.6408333e+02   2.7070602e-08  -4.1823487e-08
4.6412500e+02   2.7211924e-08  -4.2265572e-08
4.6416667e+02   2.7310253e-08  -4.2728952e-08
4.6420833e+02   2.7365588e-08  -4.3213628e-08
4.6425000e+02   2.7377930e-08  -4.3719599e-08
4.6429167e+02   2.7347279e-08  -4.4246865e-08
4.6433333e+02   2.7273635e-08  -4.4795427e-08
4.6437500e+02   2.7156997e-08  -4.5365284e-08
4.6441667e+02   2.6997365e-08  -4.5956436e-08
4.6445833e+02   2.6794741e-08  -4.6568884e-08
4.6450000e+02   2.6549123e-08  -4.7202626e-08
4.6454167e+02   2.6283800e-08  -4.7846129e-08
4.6458333e+02   2.6018477e-08  -4.8489632e-08
4.6462500e+02   2.5753154e-08  -4.9133136e-08
4.6466667e+02   2.5487831e-08  -4.9776639e-08
4.6470833e+02   2.5222508e-08  -5.0420142e-08
4.6475000e+02   2.4957185e-08  -5.1063645e-08
4.6479167e+02   2.4691862e-08  -5.1707148e-08
4.6483333e+02   2.4426539e-08  -5.2350651e-08
4.6487500e+02   2.4161216e-08  -5.2994154e-08
4.6491667e+02   2.3895893e-08  -5.3637657e-08
4.6495833e+02   2.3630570e-08  -5.4281160e-08
4.6500000e+02   2.3365247e-08  -5.4924663e-08
4.6504167e+02   2.3099923e-08  -5.5568166e-08
4.6508333e+02   2.2834600e-08  -5.6211669e-08
4.6512500e+02   2.2569277e-08  -5.6855173e-08
4.6516667e+02   2.2303954e-08  -5.7498676e-08
4.6520833e+02   2.2038631e-08  -5.8142179e-08
4.6525000e+02   2.1773308e-08  -5.8785682e-08
4.6529167e+02   2.1507985e-08  -5.9429185e-08
4.6533333e+02   2.1242662e-08  -6.0072688e-08
4.6537500e+02   2.0977339e-08  -6.0716191e-08
4.6541667e+02   2.0712016e-08  -6.1359694e-08
4.6545833e+02   2.0446693e-08  -6.2003197e-08
4.6550000e+02   2.0181370e-08  -6.2646700e-08
4.6554167e+02   1.9916047e-08  -6.3290203e-08
4.6558333e+02   1.9650724e-08  -6.3933706e-08
4.6562500e+02   1.9385401e-08  -6.4577210e-08
4.6566667e+02   1.9120078e-08  -6.5220713e-08
4.6570833e+02   1.8854755e-08  -6.5864216e-08
4.6575000e+02   1.8589431e-08  -6.6507719e-08
4.6579167e+02   1.8324108e-08  -6.7151222e-08
4.6583333e+02   1.8058785e-08  -6.7794725e-08
4.6587500e+02   1.7793462e-08  -6.8438228e-08
4.6591667e+02   1.7528139e-08  -6.9081731e-08
4.6595833e+02   1.7262816e-08  -6.9725234e-08
4.6600000e+02   1.6997493e-08  -7.0368737e-08
4.6604167e+02   1.6732170e-08  -7.1012240e-08
4.6608333e+02   1.6466847e-08  -7.1655743e-08
4.6612500e+02   1.6201524e-08  -7.2299247e-08
4.6616667e+02   1.5936201e-08  -7.2942750e-08
4.6620833e+02   1.5670878e-08  -7.3586253e-08
4.6625000e+02   1.5405555e-08  -7.4229756e-08
4.6629167e+02   1.5140232e-08  -7.4873259e-08
4.6633333e+02   1.4874909e-08  -7.5516762e-08
4.6637500e+02   1.4609586e-08  -7.6160265e-08
4.6641667e+02   1.4344263e-08  -7.6803768e-08
4.6645833e+02   1.4078940e-08  -7.7447271e-08
4.6650000e+02   1.3813616e-08  -7.8090774e-08
4.6654167e+02   1.3548293e-08  -7.8734277e-08
4.6658333e+02   1.3282970e-08  -7.9377780e-08
4.6662500e+02   1.3017647e-08  -8.0021284e-08
4.6666667e+02   1.2752324e-08  -8.0664787e-08
4.6670833e+02   1.2487001e-08  -8.1308290e-08
4.6675000e+02   1.2221678e-08  -8.1951793e-08
4.6679167e+02   1.1956355e-08  -8.2595296e-08
4.6683333e+02   1.1691032e-08  -8.3238799e-08
4.6687500e+02   1.1425709e-08  -8.3882302e-08
4.6691667e+02   1.1160386e-08  -8.4525805e-08
4.6695833e+02   1.0895063e-08  -8.5169308e-08
4.6700000e+02   1.0629740e-08  -8.5812811e-08
4.6704167e+02   1.0364417e-08  -8.6456314e-08
4.6708333e+02   1.0099094e-08  -8.7099817e-08
4.6712500e+02   9.8337706e-09  -8.7743320e-08
4.6716667e+02   9.5684475e-09  -8.8386824e-08
4.6720833e+02   9.3031245e-09  -8.9030327e-08
4.6725000e+02   9.0378014e-09  -8.9673830e-08
4.6729167e+02   8.7724784e-09  -9.0317333e-08
4.6733333e+02   8.5071553e-09  -9.0960836e-08
4.6737500e+02   8.2418322e-09  -9.1604339e-08
4.6741667e+02   7.9765092e-09  -9.2247842e-08
4.6745833e+02   7.7111861e-09  -9.2891345e-08
4.6750000e+02   7.4458631e-09  -9.3534848e-08
4.6754167e+02   7.2144978e-09  -9.4098277e-08
4.6758333e+02   7.0421895e-09  -9.4522448e-08
4.6762500e+02   6.9289383e-09  -9.4807359e-08
4.6766667e+02   6.8747440e-09  -9.4953012e-08
4.6770833e+02   6.8796068e-09  -9.4959406e-08
4.6775000e+02   6.9435265e-09  -9.4826541e-08
4.6779167e+02   7.0665033e-09  -9.4554417e-08
4.6783333e+02   7.2485371e-09  -9.4143035e-08
4.6787500e+02   7.4896279e-09  -9.3592393e-08
4.6791667e+02   7.7897757e-09  -9.2902493e-08
4.6795833e+02   8.1489805e-09  -9.2073334e-08
4.6800000e+02   8.5672424e-09  -9.1104916e-08
4.6804167e+02   9.0106034e-09  -9.0077313e-08
4.6808333e+02   9.4539645e-09  -8.9049710e-08
4.6812500e+02   9.8973255e-09  -8.8022107e-08
4.6816667e+02   1.0340687e-08  -8.6994504e-08
4.6820833e+02   1.0784048e-08  -8.5966901e-08
4.6825000e+02   1.1227409e-08  -8.4939298e-08
4.6829167e+02   1.1670770e-08  -8.3911695e-08
4.6833333e+02   1.2114131e-08  -8.2884092e-08
4.6837500e+02   1.2557492e-08  -8.1856489e-08
4.6841667e+02   1.3000853e-08  -8.0828886e-08
4.6845833e+02   1.3444214e-08  -7.9801283e-08
4.6850000e+02   1.3887575e-08  -7.8773680e-08
4.6854167e+02   1.4330936e-08  -7.7746077e-08
4.6858333e+02   1.4774297e-08  -7.6718474e-08
4.6862500e+02   1.5217658e-08  -7.5690871e-08
4.6866667e+02   1.5661019e-08  -7.4663268e-08
4.6870833e+02   1.6104380e-08  -7.3635665e-08
4.6875000e+02   1.6547741e-08  -7.2608062e-08
4.6879167e+02   1.6991102e-08  -7.1580459e-08
4.6883333e+02   1.7434463e-08  -7.0552856e-08
4.6887500e+02   1.7877825e-08  -6.9525253e-08
4.6891667e+02   1.8321186e-08  -6.8497650e-08
4.6895833e+02   1.8764547e-08  -6.7470047e-08
4.6900000e+02   1.9207908e-08  -6.6442444e-08
4.6904167e+02   1.9651269e-08  -6.5414841e-08
4.6908333e+02   2.0094630e-08  -6.4387238e-08
4.6912500e+02   2.0537991e-08  -6.3359635e-08
4.6916667e+02   2.0981352e-08  -6.2332032e-08
4.6920833e+02   2.1424713e-08  -6.1304429e-08
4.6925000e+02   2.1868074e-08  -6.0276826e-08
4.6929167e+02   2.2311435e-08  -5.9249223e-08
4.6933333e+02   2.2754796e-08  -5.8221620e-08
4.6937500e+02   2.3198157e-08  -5.7194017e-08
4.6941667e+02   2.3641518e-08  -5.6166414e-08
4.6945833e+02   2.4084879e-08  -5.5138811e-08
4.6950000e+02   2.4528240e-08  -5.4111208e-08
4.6954167e+02   2.4971601e-08  -5.3083605e-08
4.6958333e+02   2.5414962e-08  -5.2056002e-08
4.6962500e+02   2.5858324e-08  -5.1028399e-08
4.6966667e+02   2.6301685e-08  -5.0000796e-08
4.6970833e+02   2.6745046e-08  -4.8973193e-08
4.6975000e+02   2.7188407e-08  -4.7945590e-08
4.6979167e+02   2.7631768e-08  -4.6917987e-08
4.6983333e+02   2.8075129e-08  -4.5890384e-08
4.6987500e+02   2.8518490e-08  -4.4862781e-08
4.6991667e+02   2.8961851e-08  -4.3835178e-08
4.6995833e+02   2.9405212e-08  -4.2807575e-08
4.7000000e+02   2.9848573e-08  -4.1779972e-08
4.7004167e+02   3.0192873e-08  -4.0782630e-08
4.7008333e+02   3.0433804e-08  -3.9816865e-08
4.7012500e+02   3.0571366e-08  -3.8882677e-08
4.7016667e+02   3.0605560e-08  -3.7980066e-08
4.7020833e+02   3.0536386e-08  -3.7109031e-08
4.7025000e+02   3.0363843e-08  -3.6269574e-08
4.7029167e+02   3.0087931e-08  -3.5461693e-08
4.7033333e+02   2.9708651e-08  -3.4685389e-08
4.7037500e+02   2.9226002e-08  -3.3940662e-08
4.7041667e+02   2.8639985e-08  -3.3227512e-08
4.7045833e+02   2.7950600e-08  -3.2545938e-08
4.7050000e+02   2.7157846e-08  -3.1895942e-08
4.7054167e+02   2.6360784e-08  -3.1247261e-08
4.7058333e+02   2.5563723e-08  -3.0598581e-08
4.7062500e+02   2.4766662e-08  -2.9949900e-08
4.7066667e+02   2.3969601e-08  -2.9301219e-08
4.7070833e+02   2.3172540e-08  -2.8652538e-08
4.7075000e+02   2.2375479e-08  -2.8003858e-08
4.7079167e+02   2.1578417e-08  -2.7355177e-08
4.7083333e+02   2.0781356e-08  -2.6706496e-08
4.7087500e+02   1.9984295e-08  -2.6057815e-08
4.7091667e+02   1.9187234e-08  -2.5409135e-08
4.7095833e+02   1.8390173e-08  -2.4760454e-08
4.7100000e+02   1.7593112e-08  -2.4111773e-08
4.7104167e+02   1.6796051e-08  -2.3463092e-08
4.7108333e+02   1.5998989e-08  -2.2814412e-08
4.7112500e+02   1.5201928e-08  -2.2165731e-08
4.7116667e+02   1.4404867e-08  -2.1517050e-08
4.7120833e+02   1.3607806e-08  -2.0868369e-08
4.7125000e+02   1.2810745e-08  -2.0219689e-08
4.7129167e+02   1.2013684e-08  -1.9571008e-08
4.7133333e+02   1.1216622e-08  -1.8922327e-08
4.7137500e+02   1.0419561e-08  -1.8273646e-08
4.7141667e+02   9.6225001e-09  -1.7624966e-08
4.7145833e+02   8.8254390e-09  -1.6976285e-08
4.7150000e+02   8.0283778e-09  -1.6327604e-08
4.7154167e+02   7.3119840e-09  -1.5704270e-08
4.7158333e+02   6.6904928e-09  -1.5110756e-08
4.7162500e+02   6.1639044e-09  -1.4547062e-08
4.7166667e+02   5.7322187e-09  -1.4013187e-08
4.7170833e+02   5.3954356e-09  -1.3509133e-08
4.7175000e+02   5.1535553e-09  -1.3034898e-08
4.7179167e+02   5.0065777e-09  -1.2590483e-08
4.7183333e+02   4.9545028e-09  -1.2175888e-08
4.7187500e+02   4.9973306e-09  -1.1791112e-08
4.7191667e+02   5.1350611e-09  -1.1436157e-08
4.7195833e+02   5.3676943e-09  -1.1111021e-08
4.7200000e+02   5.6952303e-09  -1.0815705e-08
4.7204167e+02   6.0370016e-09  -1.0524862e-08
4.7208333e+02   6.3787729e-09  -1.0234019e-08
4.7212500e+02   6.7205443e-09  -9.9431760e-09
4.7216667e+02   7.0623156e-09  -9.6523330e-09
4.7220833e+02   7.4040869e-09  -9.3614901e-09
4.7225000e+02   7.7458582e-09  -9.0706471e-09
4.7229167e+02   8.0876296e-09  -8.7798041e-09
4.7233333e+02   8.4294009e-09  -8.4889611e-09
4.7237500e+02   8.7711722e-09  -8.1981182e-09
4.7241667e+02   9.1129436e-09  -7.9072752e-09
4.7245833e+02   9.4547149e-09  -7.6164322e-09
4.7250000e+02   9.7964862e-09  -7.3255892e-09
4.7254167e+02   1.0138258e-08  -7.0347463e-09
4.7258333e+02   1.0480029e-08  -6.7439033e-09
4.7262500e+02   1.0821800e-08  -6.4530603e-09
4.7266667e+02   1.1163572e-08  -6.1622173e-09
4.7270833e+02   1.1505343e-08  -5.8713744e-09
4.7275000e+02   1.1847114e-08  -5.5805314e-09
4.7279167e+02   1.2188886e-08  -5.2896884e-09
4.7283333e+02   1.2530657e-08  -4.9988455e-09
4.7287500e+02   1.2872428e-08  -4.7080025e-09
4.7291667e+02   1.3214200e-08  -4.4171595e-09
4.7295833e+02   1.3555971e-08  -4.1263165e-09
4.7300000e+02   1.3897742e-08  -3.8354736e-09
4.7304167e+02   1.4246750e-08  -3.5941765e-09
4.7308333e+02   1.4605406e-08  -3.4189405e-09
4.7312500e+02   1.4973710e-08  -3.3097658e-09
4.7316667e+02   1.5351663e-08  -3.2666522e-09
4.7320833e+02   1.5739265e-08  -3.2895998e-09
4.7325000e+02   1.6136514e-08  -3.3786086e-09
4.7329167e+02   1.6543412e-08  -3.5336786e-09
4.7333333e+02   1.6959959e-08  -3.7548097e-09
4.7337500e+02   1.7386154e-08  -4.0420020e-09
4.7341667e+02   1.7821997e-08  -4.3952555e-09
4.7345833e+02   1.8267489e-08  -4.8145701e-09
4.7350000e+02   1.8722629e-08  -5.2999459e-09
4.7354167e+02   1.9180182e-08  -5.8018370e-09
4.7358333e+02   1.9637734e-08  -6.3037282e-09
4.7362500e+02   2.0095286e-08  -6.8056193e-09
4.7366667e+02   2.0552839e-08  -7.3075104e-09
4.7370833e+02   2.1010391e-08  -7.8094015e-09
4.7375000e+02   2.1467943e-08  -8.3112926e-09
4.7379167e+02   2.1925496e-08  -8.8131837e-09
4.7383333e+02   2.2383048e-08  -9.3150749e-09
4.7387500e+02   2.2840600e-08  -9.8169660e-09
4.7391667e+02   2.3298153e-08  -1.0318857e-08
4.7395833e+02   2.3755705e-08  -1.0820748e-08
4.7400000e+02   2.4213257e-08  -1.1322639e-08
4.7404167e+02   2.4670810e-08  -1.1824530e-08
4.7408333e+02   2.5128362e-08  -1.2326422e-08
4.7412500e+02   2.5585914e-08  -1.2828313e-08
4.7416667e+02   2.6043467e-08  -1.3330204e-08
4.7420833e+02   2.6501019e-08  -1.3832095e-08
4.7425000e+02   2.6958571e-08  -1.4333986e-08
4.7429167e+02   2.7416124e-08  -1.4835877e-08
4.7433333e+02   2.7873676e-08  -1.5337768e-08
4.7437500e+02   2.8331228e-08  -1.5839659e-08
4.7441667e+02   2.8788781e-08  -1.6341550e-08
4.7445833e+02   2.9246333e-08  -1.6843442e-08
4.7450000e+02   2.9703885e-08  -1.7345333e-08
4.7454167e+02   3.0161438e-08  -1.7847224e-08
4.7458333e+02   3.0618990e-08  -1.8349115e-08
4.7462500e+02   3.1076542e-08  -1.8851006e-08
4.7466667e+02   3.1534095e-08  -1.9352897e-08
4.7470833e+02   3.1991647e-08  -1.9854788e-08
4.7475000e+02   3.2449199e-08  -2.0356679e-08
4.7479167e+02   3.2906752e-08  -2.0858571e-08
4.7483333e+02   3.3364304e-08  -2.1360462e-08
4.7487500e+02   3.3821856e-08  -2.1862353e-08
4.7491667e+02   3.4279409e-08  -2.2364244e-08
4.7495833e+02   3.4736961e-08  -2.2866135e-08
4.7500000e+02   3.5194513e-08  -2.3368026e-08
4.7504167e+02   3.5585614e-08  -2.3829193e-08
4.7508333e+02   3.5902189e-08  -2.4244686e-08
4.7512500e+02   3.6144238e-08  -2.4614508e-08
4.7516667e+02   3.6311762e-08  -2.4938657e-08
4.7520833e+02   3.6404760e-08  -2.5217133e-08
4.7525000e+02   3.6423233e-08  -2.5449936e-08
4.7529167e+02   3.6367180e-08  -2.5637068e-08
4.7533333e+02   3.6236602e-08  -2.5778526e-08
4.7537500e+02   3.6031498e-08  -2.5874312e-08
4.7541667e+02   3.5751868e-08  -2.5924426e-08
4.7545833e+02   3.5397713e-08  -2.5928867e-08
4.7550000e+02   3.4969033e-08  -2.5887635e-08
4.7554167e+02   3.4532279e-08  -2.5841456e-08
4.7558333e+02   3.4095525e-08  -2.5795276e-08
4.7562500e+02   3.3658771e-08  -2.5749097e-08
4.7566667e+02   3.3222017e-08  -2.5702917e-08
4.7570833e+02   3.2785263e-08  -2.5656738e-08
4.7575000e+02   3.2348509e-08  -2.5610558e-08
4.7579167e+02   3.1911755e-08  -2.5564379e-08
4.7583333e+02   3.1475001e-08  -2.5518199e-08
4.7587500e+02   3.1038247e-08  -2.5472020e-08
4.7591667e+02   3.0601493e-08  -2.5425840e-08
4.7595833e+02   3.0164739e-08  -2.5379661e-08
4.7600000e+02   2.9727985e-08  -2.5333481e-08
4.7604167e+02   2.9291231e-08  -2.5287302e-08
4.7608333e+02   2.8854476e-08  -2.5241123e-08
4.7612500e+02   2.8417722e-08  -2.5194943e-08
4.7616667e+02   2.7980968e-08  -2.5148764e-08
4.7620833e+02   2.7544214e-08  -2.5102584e-08
4.7625000e+02   2.7107460e-08  -2.5056405e-08
4.7629167e+02   2.6670706e-08  -2.5010225e-08
4.7633333e+02   2.6233952e-08  -2.4964046e-08
4.7637500e+02   2.5797198e-08  -2.4917866e-08
4.7641667e+02   2.5360444e-08  -2.4871687e-08
4.7645833e+02   2.4923690e-08  -2.4825507e-08
4.7650000e+02   2.4486936e-08  -2.4779328e-08
4.7654167e+02   2.4050182e-08  -2.4733148e-08
4.7658333e+02   2.3613428e-08  -2.4686969e-08
4.7662500e+02   2.3176674e-08  -2.4640789e-08
4.7666667e+02   2.2739920e-08  -2.4594610e-08
4.7670833e+02   2.2303166e-08  -2.4548431e-08
4.7675000e+02   2.1866412e-08  -2.4502251e-08
4.7679167e+02   2.1429658e-08  -2.4456072e-08
4.7683333e+02   2.0992904e-08  -2.4409892e-08
4.7687500e+02   2.0556150e-08  -2.4363713e-08
4.7691667e+02   2.0119396e-08  -2.4317533e-08
4.7695833e+02   1.9682642e-08  -2.4271354e-08
4.7700000e+02   1.9245888e-08  -2.4225174e-08
4.7704167e+02   1.8809134e-08  -2.4178995e-08
4.7708333e+02   1.8372380e-08  -2.4132815e-08
4.7712500e+02   1.7935626e-08  -2.4086636e-08
4.7716667e+02   1.7498871e-08  -2.4040456e-08
4.7720833e+02   1.7062117e-08  -2.3994277e-08
4.7725000e+02   1.6625363e-08  -2.3948097e-08
4.7729167e+02   1.6188609e-08  -2.3901918e-08
4.7733333e+02   1.5751855e-08  -2.3855739e-08
4.7737500e+02   1.5315101e-08  -2.3809559e-08
4.7741667e+02   1.4878347e-08  -2.3763380e-08
4.7745833e+02   1.4441593e-08  -2.3717200e-08
4.7750000e+02   1.4004839e-08  -2.3671021e-08
4.7754167e+02   1.3568085e-08  -2.3624841e-08
4.7758333e+02   1.3131331e-08  -2.3578662e-08
4.7762500e+02   1.2694577e-08  -2.3532482e-08
4.7766667e+02   1.2257823e-08  -2.3486303e-08
4.7770833e+02   1.1821069e-08  -2.3440123e-08
4.7775000e+02   1.1384315e-08  -2.3393944e-08
4.7779167e+02   1.0947561e-08  -2.3347764e-08
4.7783333e+02   1.0510807e-08  -2.3301585e-08
4.7787500e+02   1.0074053e-08  -2.3255406e-08
4.7791667e+02   9.6372988e-09  -2.3209226e-08
4.7795833e+02   9.2005447e-09  -2.3163047e-08
4.7800000e+02   8.7637907e-09  -2.3116867e-08
4.7804167e+02   8.3867727e-09  -2.3076349e-08
4.7808333e+02   8.0982527e-09  -2.3044219e-08
4.7812500e+02   7.8982305e-09  -2.3020477e-08
4.7816667e+02   7.7867062e-09  -2.3005123e-08
4.7820833e+02   7.7636799e-09  -2.2998156e-08
4.7825000e+02   7.8291514e-09  -2.2999577e-08
4.7829167e+02   7.9831208e-09  -2.3009386e-08
4.7833333e+02   8.2255881e-09  -2.3027583e-08
4.7837500e+02   8.5565533e-09  -2.3054168e-08
4.7841667e+02   8.9760165e-09  -2.3089140e-08
4.7845833e+02   9.4839775e-09  -2.3132500e-08
4.7850000e+02   1.0080436e-08  -2.3184248e-08
4.7854167e+02   1.0705657e-08  -2.3238722e-08
4.7858333e+02   1.1330878e-08  -2.3293196e-08
4.7862500e+02   1.1956099e-08  -2.3347669e-08
4.7866667e+02   1.2581319e-08  -2.3402143e-08
4.7870833e+02   1.3206540e-08  -2.3456617e-08
4.7875000e+02   1.3831761e-08  -2.3511091e-08
4.7879167e+02   1.4456981e-08  -2.3565565e-08
4.7883333e+02   1.5082202e-08  -2.3620039e-08
4.7887500e+02   1.5707423e-08  -2.3674512e-08
4.7891667e+02   1.6332644e-08  -2.3728986e-08
4.7895833e+02   1.6957864e-08  -2.3783460e-08
4.7900000e+02   1.7583085e-08  -2.3837934e-08
4.7904167e+02   1.8208306e-08  -2.3892408e-08
4.7908333e+02   1.8833526e-08  -2.3946882e-08
4.7912500e+02   1.9458747e-08  -2.4001356e-08
4.7916667e+02   2.0083968e-08  -2.4055829e-08
4.7920833e+02   2.0709189e-08  -2.4110303e-08
4.7925000e+02   2.1334409e-08  -2.4164777e-08
4.7929167e+02   2.1959630e-08  -2.4219251e-08
4.7933333e+02   2.2584851e-08  -2.4273725e-08
4.7937500e+02   2.3210072e-08  -2.4328199e-08
4.7941667e+02   2.3835292e-08  -2.4382673e-08
4.7945833e+02   2.4460513e-08  -2.4437146e-08
4.7950000e+02   2.5085734e-08  -2.4491620e-08
4.7954167e+02   2.5710954e-08  -2.4546094e-08
4.7958333e+02   2.6336175e-08  -2.4600568e-08
4.7962500e+02   2.6961396e-08  -2.4655042e-08
4.7966667e+02   2.7586617e-08  -2.4709516e-08
4.7970833e+02   2.8211837e-08  -2.4763990e-08
4.7975000e+02   2.8837058e-08  -2.4818463e-08
4.7979167e+02   2.9462279e-08  -2.4872937e-08
4.7983333e+02   3.0087499e-08  -2.4927411e-08
4.7987500e+02   3.0712720e-08  -2.4981885e-08
4.7991667e+02   3.1337941e-08  -2.5036359e-08
4.7995833e+02   3.1963162e-08  -2.5090833e-08
4.8000000e+02   3.2588382e-08  -2.5145307e-08
4.8004167e+02   3.3213603e-08  -2.5199780e-08
4.8008333e+02   3.3838824e-08  -2.5254254e-08
4.8012500e+02   3.4464045e-08  -2.5308728e-08
4.8016667e+02   3.5089265e-08  -2.5363202e-08
4.8020833e+02   3.5714486e-08  -2.5417676e-08
4.8025000e+02   3.6339707e-08  -2.5472150e-08
4.8029167e+02   3.6964927e-08  -2.5526624e-08
4.8033333e+02   3.7590148e-08  -2.5581097e-08
4.8037500e+02   3.8215369e-08  -2.5635571e-08
4.8041667e+02   3.8840590e-08  -2.5690045e-08
4.8045833e+02   3.9465810e-08  -2.5744519e-08
4.8050000e+02   4.0091031e-08  -2.5798993e-08
4.8054167e+02   4.0716252e-08  -2.5853467e-08
4.8058333e+02   4.1341472e-08  -2.5907941e-08
4.8062500e+02   4.1966693e-08  -2.5962414e-08
4.8066667e+02   4.2591914e-08  -2.6016888e-08
4.8070833e+02   4.3217135e-08  -2.6071362e-08
4.8075000e+02   4.3842355e-08  -2.6125836e-08
4.8079167e+02   4.4467576e-08  -2.6180310e-08
4.8083333e+02   4.5092797e-08  -2.6234784e-08
4.8087500e+02   4.5718018e-08  -2.6289258e-08
4.8091667e+02   4.6343238e-08  -2.6343731e-08
4.8095833e+02   4.6968459e-08  -2.6398205e-08
4.8100000e+02   4.7593680e-08  -2.6452679e-08
4.8104167e+02   4.8208232e-08  -2.6566607e-08
4.8108333e+02   4.8799924e-08  -2.6807936e-08
4.8112500e+02   4.9368756e-08  -2.7176666e-08
4.8116667e+02   4.9914727e-08  -2.7672797e-08
4.8120833e+02   5.0437838e-08  -2.8296329e-08
4.8125000e+02   5.0938089e-08  -2.9047263e-08
4.8129167e+02   5.1415479e-08  -2.9925597e-08
4.8133333e+02   5.1870009e-08  -3.0931333e-08
4.8137500e+02   5.2301678e-08  -3.2064470e-08
4.8141667e+02   5.2710487e-08  -3.3325008e-08
4.8145833e+02   5.3096436e-08  -3.4712947e-08
4.8150000e+02   5.3459524e-08  -3.6228288e-08
4.8154167e+02   5.3810420e-08  -3.7811575e-08
4.8158333e+02   5.4161315e-08  -3.9394863e-08
4.8162500e+02   5.4512211e-08  -4.0978150e-08
4.8166667e+02   5.4863107e-08  -4.2561438e-08
4.8170833e+02   5.5214003e-08  -4.4144726e-08
4.8175000e+02   5.5564899e-08  -4.5728013e-08
4.8179167e+02   5.5915795e-08  -4.7311301e-08
4.8183333e+02   5.6266691e-08  -4.8894588e-08
4.8187500e+02   5.6617587e-08  -5.0477876e-08
4.8191667e+02   5.6968483e-08  -5.2061164e-08
4.8195833e+02   5.7319379e-08  -5.3644451e-08
4.8200000e+02   5.7670275e-08  -5.5227739e-08
4.8204167e+02   5.8021170e-08  -5.6811027e-08
4.8208333e+02   5.8372066e-08  -5.8394314e-08
4.8212500e+02   5.8722962e-08  -5.9977602e-08
4.8216667e+02   5.9073858e-08  -6.1560889e-08
4.8220833e+02   5.9424754e-08  -6.3144177e-08
4.8225000e+02   5.9775650e-08  -6.4727465e-08
4.8229167e+02   6.0126546e-08  -6.6310752e-08
4.8233333e+02   6.0477442e-08  -6.7894040e-08
4.8237500e+02   6.0828338e-08  -6.9477327e-08
4.8241667e+02   6.1179234e-08  -7.1060615e-08
4.8245833e+02   6.1530130e-08  -7.2643903e-08
4.8250000e+02   6.1881025e-08  -7.4227190e-08
4.8254167e+02   6.2231921e-08  -7.5810478e-08
4.8258333e+02   6.2582817e-08  -7.7393765e-08
4.8262500e+02   6.2933713e-08  -7.8977053e-08
4.8266667e+02   6.3284609e-08  -8.0560341e-08
4.8270833e+02   6.3635505e-08  -8.2143628e-08
4.8275000e+02   6.3986401e-08  -8.3726916e-08
4.8279167e+02   6.4337297e-08  -8.5310204e-08
4.8283333e+02   6.4688193e-08  -8.6893491e-08
4.8287500e+02   6.5039089e-08  -8.8476779e-08
4.8291667e+02   6.5389985e-08  -9.0060066e-08
4.8295833e+02   6.5740880e-08  -9.1643354e-08
4.8300000e+02   6.6091776e-08  -9.3226642e-08
4.8304167e+02   6.6442853e-08  -9.4654851e-08
4.8308333e+02   6.6794224e-08  -9.5831582e-08
4.8312500e+02   6.7145888e-08  -9.6756834e-08
4.8316667e+02   6.7497846e-08  -9.7430608e-08
4.8320833e+02   6.7850098e-08  -9.7852903e-08
4.8325000e+02   6.8202643e-08  -9.8023720e-08
4.8329167e+02   6.8555481e-08  -9.7943059e-08
4.8333333e+02   6.8908614e-08  -9.7610919e-08
4.8337500e+02   6.9262040e-08  -9.7027301e-08
4.8341667e+02   6.9615759e-08  -9.6192204e-08
4.8345833e+02   6.9969773e-08  -9.5105629e-08
4.8350000e+02   7.0324079e-08  -9.3767575e-08
4.8354167e+02   7.0678499e-08  -9.2333122e-08
4.8358333e+02   7.1032918e-08  -9.0898668e-08
4.8362500e+02   7.1387338e-08  -8.9464214e-08
4.8366667e+02   7.1741757e-08  -8.8029761e-08
4.8370833e+02   7.2096176e-08  -8.6595307e-08
4.8375000e+02   7.2450596e-08  -8.5160853e-08
4.8379167e+02   7.2805015e-08  -8.3726400e-08
4.8383333e+02   7.3159435e-08  -8.2291946e-08
4.8387500e+02   7.3513854e-08  -8.0857492e-08
4.8391667e+02   7.3868273e-08  -7.9423039e-08
4.8395833e+02   7.4222693e-08  -7.7988585e-08
4.8400000e+02   7.4577112e-08  -7.6554131e-08
4.8404167e+02   7.4931532e-08  -7.5119678e-08
4.8408333e+02   7.5285951e-08  -7.3685224e-08
4.8412500e+02   7.5640371e-08  -7.2250770e-08
4.8416667e+02   7.5994790e-08  -7.0816317e-08
4.8420833e+02   7.6349209e-08  -6.9381863e-08
4.8425000e+02   7.6703629e-08  -6.7947409e-08
4.8429167e+02   7.7058048e-08  -6.6512956e-08
4.8433333e+02   7.7412468e-08  -6.5078502e-08
4.8437500e+02   7.7766887e-08  -6.3644048e-08
4.8441667e+02   7.8121306e-08  -6.2209595e-08
4.8445833e+02   7.8475726e-08  -6.0775141e-08
4.8450000e+02   7.8830145e-08  -5.9340687e-08
4.8454167e+02   7.9184565e-08  -5.7906234e-08
4.8458333e+02   7.9538984e-08  -5.6471780e-08
4.8462500e+02   7.9893403e-08  -5.5037326e-08
4.8466667e+02   8.0247823e-08  -5.3602873e-08
4.8470833e+02   8.0602242e-08  -5.2168419e-08
4.8475000e+02   8.0956662e-08  -5.0733965e-08
4.8479167e+02   8.1311081e-08  -4.9299512e-08
4.8483333e+02   8.1665501e-08  -4.7865058e-08
4.8487500e+02   8.2019920e-08  -4.6430604e-08
4.8491667e+02   8.2374339e-08  -4.4996151e-08
4.8495833e+02   8.2728759e-08  -4.3561697e-08
4.8500000e+02   8.3083178e-08  -4.2127243e-08
4.8504167e+02   8.3381634e-08  -4.0765469e-08
4.8508333e+02   8.3606292e-08  -3.9499536e-08
4.8512500e+02   8.3757153e-08  -3.8329444e-08
4.8516667e+02   8.3834215e-08  -3.7255194e-08
4.8520833e+02   8.3837479e-08  -3.6276784e-08
4.8525000e+02   8.3766946e-08  -3.5394216e-08
4.8529167e+02   8.3622615e-08  -3.4607488e-08
4.8533333e+02   8.3404485e-08  -3.3916602e-08
4.8537500e+02   8.3112558e-08  -3.3321557e-08
4.8541667e+02   8.2746833e-08  -3.2822354e-08
4.8545833e+02   8.2307310e-08  -3.2418991e-08
4.8550000e+02   8.1793990e-08  -3.2111469e-08
4.8554167e+02   8.1262834e-08  -3.1827109e-08
4.8558333e+02   8.0731679e-08  -3.1542749e-08
4.8562500e+02   8.0200524e-08  -3.1258389e-08
4.8566667e+02   7.9669369e-08  -3.0974030e-08
4.8570833e+02   7.9138213e-08  -3.0689670e-08
4.8575000e+02   7.8607058e-08  -3.0405310e-08
4.8579167e+02   7.8075903e-08  -3.0120950e-08
4.8583333e+02   7.7544748e-08  -2.9836590e-08
4.8587500e+02   7.7013592e-08  -2.9552230e-08
4.8591667e+02   7.6482437e-08  -2.9267870e-08
4.8595833e+02   7.5951282e-08  -2.8983510e-08
4.8600000e+02   7.5420127e-08  -2.8699150e-08
4.8604167e+02   7.4888971e-08  -2.8414790e-08
4.8608333e+02   7.4357816e-08  -2.8130430e-08
4.8612500e+02   7.3826661e-08  -2.7846070e-08
4.8616667e+02   7.3295506e-08  -2.7561710e-08
4.8620833e+02   7.2764350e-08  -2.7277350e-08
4.8625000e+02   7.2233195e-08  -2.6992990e-08
4.8629167e+02   7.1702040e-08  -2.6708630e-08
4.8633333e+02   7.1170885e-08  -2.6424270e-08
4.8637500e+02   7.0639729e-08  -2.6139910e-08
4.8641667e+02   7.0108574e-08  -2.5855551e-08
4.8645833e+02   6.9577419e-08  -2.5571191e-08
4.8650000e+02   6.9046264e-08  -2.5286831e-08
4.8654167e+02   6.8515108e-08  -2.5002471e-08
4.8658333e+02   6.7983953e-08  -2.4718111e-08
4.8662500e+02   6.7452798e-08  -2.4433751e-08
4.8666667e+02   6.6921643e-08  -2.4149391e-08
4.8670833e+02   6.6390487e-08  -2.3865031e-08
4.8675000e+02   6.5859332e-08  -2.3580671e-08
4.8679167e+02   6.5328177e-08  -2.3296311e-08
4.8683333e+02   6.4797022e-08  -2.3011951e-08
4.8687500e+02   6.4265866e-08  -2.2727591e-08
4.8691667e+02   6.3734711e-08  -2.2443231e-08
4.8695833e+02   6.3203556e-08  -2.2158871e-08
4.8700000e+02   6.2672401e-08  -2.1874511e-08
4.8704167e+02   6.2141245e-08  -2.1590151e-08
4.8708333e+02   6.1610090e-08  -2.1305791e-08
4.8712500e+02   6.1078935e-08  -2.1021432e-08
4.8716667e+02   6.0547780e-08  -2.0737072e-08
4.8720833e+02   6.0016624e-08  -2.0452712e-08
4.8725000e+02   5.9485469e-08  -2.0168352e-08
4.8729167e+02   5.8954314e-08  -1.9883992e-08
4.8733333e+02   5.8423159e-08  -1.9599632e-08
4.8737500e+02   5.7892003e-08  -1.9315272e-08
4.8741667e+02   5.7360848e-08  -1.9030912e-08
4.8745833e+02   5.6829693e-08  -1.8746552e-08
4.8750000e+02   5.6298538e-08  -1.8462192e-08
4.8754167e+02   5.5767382e-08  -1.8177832e-08
4.8758333e+02   5.5236227e-08  -1.7893472e-08
4.8762500e+02   5.4705072e-08  -1.7609112e-08
4.8766667e+02   5.4173917e-08  -1.7324752e-08
4.8770833e+02   5.3642761e-08  -1.7040392e-08
4.8775000e+02   5.3111606e-08  -1.6756032e-08
4.8779167e+02   5.2580451e-08  -1.6471672e-08
4.8783333e+02   5.2049296e-08  -1.6187313e-08
4.8787500e+02   5.1518140e-08  -1.5902953e-08
4.8791667e+02   5.0986985e-08  -1.5618593e-08
4.8795833e+02   5.0455830e-08  -1.5334233e-08
4.8800000e+02   4.9924675e-08  -1.5049873e-08
4.8804167e+02   4.9418534e-08  -1.4793089e-08
4.8808333e+02   4.8957875e-08  -1.4586445e-08
4.8812500e+02   4.8542698e-08  -1.4429939e-08
4.8816667e+02   4.8173002e-08  -1.4323572e-08
4.8820833e+02   4.7848787e-08  -1.4267344e-08
4.8825000e+02   4.7570054e-08  -1.4261255e-08
4.8829167e+02   4.7336802e-08  -1.4305305e-08
4.8833333e+02   4.7149032e-08  -1.4399494e-08
4.8837500e+02   4.7006743e-08  -1.4543821e-08
4.8841667e+02   4.6909935e-08  -1.4738288e-08
4.8845833e+02   4.6858609e-08  -1.4982893e-08
4.8850000e+02   4.6852765e-08  -1.5277638e-08
4.8854167e+02   4.6867387e-08  -1.5594944e-08
4.8858333e+02   4.6882009e-08  -1.5912251e-08
4.8862500e+02   4.6896631e-08  -1.6229558e-08
4.8866667e+02   4.6911253e-08  -1.6546865e-08
4.8870833e+02   4.6925875e-08  -1.6864172e-08
4.8875000e+02   4.6940497e-08  -1.7181479e-08
4.8879167e+02   4.6955119e-08  -1.7498785e-08
4.8883333e+02   4.6969742e-08  -1.7816092e-08
4.8887500e+02   4.6984364e-08  -1.8133399e-08
4.8891667e+02   4.6998986e-08  -1.8450706e-08
4.8895833e+02   4.7013608e-08  -1.8768013e-08
4.8900000e+02   4.7028230e-08  -1.9085320e-08
4.8904167e+02   4.7042852e-08  -1.9402627e-08
4.8908333e+02   4.7057474e-08  -1.9719933e-08
4.8912500e+02   4.7072096e-08  -2.0037240e-08
4.8916667e+02   4.7086718e-08  -2.0354547e-08
4.8920833e+02   4.7101340e-08  -2.0671854e-08
4.8925000e+02   4.7115963e-08  -2.0989161e-08
4.8929167e+02   4.7130585e-08  -2.1306468e-08
4.8933333e+02   4.7145207e-08  -2.1623775e-08
4.8937500e+02   4.7159829e-08  -2.1941081e-08
4.8941667e+02   4.7174451e-08  -2.2258388e-08
4.8945833e+02   4.7189073e-08  -2.2575695e-08
4.8950000e+02   4.7203695e-08  -2.2893002e-08
4.8954167e+02   4.7218317e-08  -2.3210309e-08
4.8958333e+02   4.7232939e-08  -2.3527616e-08
4.8962500e+02   4.7247561e-08  -2.3844922e-08
4.8966667e+02   4.7262184e-08  -2.4162229e-08
4.8970833e+02   4.7276806e-08  -2.4479536e-08
4.8975000e+02   4.7291428e-08  -2.4796843e-08
4.8979167e+02   4.7306050e-08  -2.5114150e-08
4.8983333e+02   4.7320672e-08  -2.5431457e-08
4.8987500e+02   4.7335294e-08  -2.5748764e-08
4.8991667e+02   4.7349916e-08  -2.6066070e-08
4.8995833e+02   4.7364538e-08  -2.6383377e-08
4.9000000e+02   4.7379160e-08  -2.6700684e-08
4.9004167e+02   4.7393783e-08  -2.7017991e-08
4.9008333e+02   4.7408405e-08  -2.7335298e-08
4.9012500e+02   4.7423027e-08  -2.7652605e-08
4.9016667e+02   4.7437649e-08  -2.7969911e-08
4.9020833e+02   4.7452271e-08  -2.8287218e-08
4.9025000e+02   4.7466893e-08  -2.8604525e-08
4.9029167e+02   4.7481515e-08  -2.8921832e-08
4.9033333e+02   4.7496137e-08  -2.9239139e-08
4.9037500e+02   4.7510759e-08  -2.9556446e-08
4.9041667e+02   4.7525381e-08  -2.9873753e-08
4.9045833e+02   4.7540004e-08  -3.0191059e-08
4.9050000e+02   4.7554626e-08  -3.0508366e-08
4.9054167e+02   4.7569248e-08  -3.0825673e-08
4.9058333e+02   4.7583870e-08  -3.1142980e-08
4.9062500e+02   4.7598492e-08  -3.1460287e-08
4.9066667e+02   4.7613114e-08  -3.1777594e-08
4.9070833e+02   4.7627736e-08  -3.2094900e-08
4.9075000e+02   4.7642358e-08  -3.2412207e-08
4.9079167e+02   4.7656980e-08  -3.2729514e-08
4.9083333e+02   4.7671602e-08  -3.3046821e-08
4.9087500e+02   4.7686225e-08  -3.3364128e-08
4.9091667e+02   4.7700847e-08  -3.3681435e-08
4.9095833e+02   4.7715469e-08  -3.3998742e-08
4.9100000e+02   4.7730091e-08  -3.4316048e-08
4.9104167e+02   4.7744713e-08  -3.4633355e-08
4.9108333e+02   4.7759335e-08  -3.4950662e-08
4.9112500e+02   4.7773957e-08  -3.5267969e-08
4.9116667e+02   4.7788579e-08  -3.5585276e-08
4.9120833e+02   4.7803201e-08  -3.5902583e-08
4.9125000e+02   4.7817824e-08  -3.6219889e-08
4.9129167e+02   4.7832446e-08  -3.6537196e-08
4.9133333e+02   4.7847068e-08  -3.6854503e-08
4.9137500e+02   4.7861690e-08  -3.7171810e-08
4.9141667e+02   4.7876312e-08  -3.7489117e-08
4.9145833e+02   4.7890934e-08  -3.7806424e-08
4.9150000e+02   4.7905556e-08  -3.8123731e-08
4.9154167e+02   4.7962456e-08  -3.8454518e-08
4.9158333e+02   4.8091833e-08  -3.8808414e-08
4.9162500e+02   4.8293686e-08  -3.9185419e-08
4.9166667e+02   4.8568015e-08  -3.9585533e-08
4.9170833e+02   4.8914821e-08  -4.0008755e-08
4.9175000e+02   4.9334104e-08  -4.0455087e-08
4.9179167e+02   4.9825863e-08  -4.0924528e-08
4.9183333e+02   5.0390099e-08  -4.1417078e-08
4.9187500e+02   5.1026811e-08  -4.1932736e-08
4.9191667e+02   5.1735999e-08  -4.2471504e-08
4.9195833e+02   5.2517664e-08  -4.3033380e-08
4.9200000e+02   5.3371806e-08  -4.3618366e-08
4.9204167e+02   5.4256146e-08  -4.4212980e-08
4.9208333e+02   5.5140486e-08  -4.4807594e-08
4.9212500e+02   5.6024826e-08  -4.5402208e-08
4.9216667e+02   5.6909166e-08  -4.5996822e-08
4.9220833e+02   5.7793506e-08  -4.6591437e-08
4.9225000e+02   5.8677847e-08  -4.7186051e-08
4.9229167e+02   5.9562187e-08  -4.7780665e-08
4.9233333e+02   6.0446527e-08  -4.8375279e-08
4.9237500e+02   6.1330867e-08  -4.8969893e-08
4.9241667e+02   6.2215207e-08  -4.9564507e-08
4.9245833e+02   6.3099547e-08  -5.0159122e-08
4.9250000e+02   6.3983887e-08  -5.0753736e-08
4.9254167e+02   6.4868227e-08  -5.1348350e-08
4.9258333e+02   6.5752567e-08  -5.1942964e-08
4.9262500e+02   6.6636907e-08  -5.2537578e-08
4.9266667e+02   6.7521248e-08  -5.3132193e-08
4.9270833e+02   6.8405588e-08  -5.3726807e-08
4.9275000e+02   6.9289928e-08  -5.4321421e-08
4.9279167e+02   7.0174268e-08  -5.4916035e-08
4.9283333e+02   7.1058608e-08  -5.5510649e-08
4.9287500e+02   7.1942948e-08  -5.6105263e-08
4.9291667e+02   7.2827288e-08  -5.6699878e-08
4.9295833e+02   7.3711628e-08  -5.7294492e-08
4.9300000e+02   7.4595968e-08  -5.7889106e-08
4.9304167e+02   7.5480309e-08  -5.8483720e-08
4.9308333e+02   7.6364649e-08  -5.9078334e-08
4.9312500e+02   7.7248989e-08  -5.9672948e-08
4.9316667e+02   7.8133329e-08  -6.0267563e-08
4.9320833e+02   7.9017669e-08  -6.0862177e-08
4.9325000e+02   7.9902009e-08  -6.1456791e-08
4.9329167e+02   8.0786349e-08  -6.2051405e-08
4.9333333e+02   8.1670689e-08  -6.2646019e-08
4.9337500e+02   8.2555029e-08  -6.3240634e-08
4.9341667e+02   8.3439369e-08  -6.3835248e-08
4.9345833e+02   8.4323710e-08  -6.4429862e-08
4.9350000e+02   8.5208050e-08  -6.5024476e-08
4.9354167e+02   8.6092390e-08  -6.5619090e-08
4.9358333e+02   8.6976730e-08  -6.6213704e-08
4.9362500e+02   8.7861070e-08  -6.6808319e-08
4.9366667e+02   8.8745410e-08  -6.7402933e-08
4.9370833e+02   8.9629750e-08  -6.7997547e-08
4.9375000e+02   9.0514090e-08  -6.8592161e-08
4.9379167e+02   9.1398430e-08  -6.9186775e-08
4.9383333e+02   9.2282770e-08  -6.9781390e-08
4.9387500e+02   9.3167111e-08  -7.0376004e-08
4.9391667e+02   9.4051451e-08  -7.0970618e-08
4.9395833e+02   9.4935791e-08  -7.1565232e-08
4.9400000e+02   9.5820131e-08  -7.2159846e-08
4.9404167e+02   9.6467409e-08  -7.2736371e-08
4.9408333e+02   9.6867317e-08  -7.3294020e-08
4.9412500e+02   9.7019857e-08  -7.3832793e-08
4.9416667e+02   9.6925027e-08  -7.4352690e-08
4.9420833e+02   9.6582828e-08  -7.4853711e-08
4.9425000e+02   9.5993260e-08  -7.5335856e-08
4.9429167e+02   9.5156322e-08  -7.5799125e-08
4.9433333e+02   9.4072015e-08  -7.6243518e-08
4.9437500e+02   9.2740339e-08  -7.6669035e-08
4.9441667e+02   9.1161294e-08  -7.7075677e-08
4.9445833e+02   8.9334879e-08  -7.7463442e-08
4.9450000e+02   8.7261095e-08  -7.7832331e-08
4.9454167e+02   8.5177004e-08  -7.8200434e-08
4.9458333e+02   8.3092913e-08  -7.8568537e-08
4.9462500e+02   8.1008822e-08  -7.8936640e-08
4.9466667e+02   7.8924732e-08  -7.9304743e-08
4.9470833e+02   7.6840641e-08  -7.9672846e-08
4.9475000e+02   7.4756550e-08  -8.0040949e-08
4.9479167e+02   7.2672459e-08  -8.0409052e-08
4.9483333e+02   7.0588368e-08  -8.0777155e-08
4.9487500e+02   6.8504277e-08  -8.1145258e-08
4.9491667e+02   6.6420186e-08  -8.1513361e-08
4.9495833e+02   6.4336095e-08  -8.1881464e-08
4.9500000e+02   6.2252004e-08  -8.2249567e-08
4.9504167e+02   6.0167913e-08  -8.2617670e-08
4.9508333e+02   5.8083823e-08  -8.2985773e-08
4.9512500e+02   5.5999732e-08  -8.3353876e-08
4.9516667e+02   5.3915641e-08  -8.3721979e-08
4.9520833e+02   5.1831550e-08  -8.4090082e-08
4.9525000e+02   4.9747459e-08  -8.4458185e-08
4.9529167e+02   4.7663368e-08  -8.4826288e-08
4.9533333e+02   4.5579277e-08  -8.5194391e-08
4.9537500e+02   4.3495186e-08  -8.5562493e-08
4.9541667e+02   4.1411095e-08  -8.5930596e-08
4.9545833e+02   3.9327004e-08  -8.6298699e-08
4.9550000e+02   3.7242913e-08  -8.6666802e-08
4.9554167e+02   3.5685847e-08  -8.6894049e-08
4.9558333e+02   3.4748809e-08  -8.6955582e-08
4.9562500e+02   3.4431801e-08  -8.6851402e-08
4.9566667e+02   3.4734821e-08  -8.6581508e-08
4.9570833e+02   3.5657869e-08  -8.6145901e-08
4.9575000e+02   3.7200947e-08  -8.5544581e-08
4.9579167e+02   3.9364053e-08  -8.4777547e-08
4.9583333e+02   4.2147189e-08  -8.3844800e-08
4.9587500e+02   4.5550353e-08  -8.2746340e-08
4.9591667e+02   4.9573545e-08  -8.1482166e-08
4.9595833e+02   5.4216767e-08  -8.0052279e-08
4.9600000e+02   5.9480017e-08  -7.8456678e-08
4.9604167e+02   6.4836272e-08  -7.6836220e-08
4.9608333e+02   7.0192527e-08  -7.5215763e-08
4.9612500e+02   7.5548782e-08  -7.3595305e-08
4.9616667e+02   8.0905036e-08  -7.1974847e-08
4.9620833e+02   8.6261291e-08  -7.0354390e-08
4.9625000e+02   9.1617546e-08  -6.8733932e-08
4.9629167e+02   9.6973800e-08  -6.7113474e-08
4.9633333e+02   1.0233006e-07  -6.5493017e-08
4.9637500e+02   1.0768631e-07  -6.3872559e-08
4.9641667e+02   1.1304256e-07  -6.2252101e-08
4.9645833e+02   1.1839882e-07  -6.0631643e-08
4.9650000e+02   1.2375507e-07  -5.9011186e-08
4.9654167e+02   1.2911133e-07  -5.7390728e-08
4.9658333e+02   1.3446758e-07  -5.5770270e-08
4.9662500e+02   1.3982384e-07  -5.4149813e-08
4.9666667e+02   1.4518009e-07  -5.2529355e-08
4.9670833e+02   1.5053635e-07  -5.0908897e-08
4.9675000e+02   1.5589260e-07  -4.9288440e-08
4.9679167e+02   1.6124886e-07  -4.7667982e-08
4.9683333e+02   1.6660511e-07  -4.6047524e-08
4.9687500e+02   1.7196137e-07  -4.4427067e-08
4.9691667e+02   1.7731762e-07  -4.2806609e-08
4.9695833e+02   1.8267388e-07  -4.1186151e-08
4.9700000e+02   1.8803013e-07  -3.9565694e-08
4.9704167e+02   1.9290000e-07  -3.8089916e-08
4.9708333e+02   1.9712137e-07  -3.6807044e-08
4.9712500e+02   2.0069422e-07  -3.5717078e-08
4.9716667e+02   2.0361856e-07  -3.4820019e-08
4.9720833e+02   2.0589439e-07  -3.4115866e-08
4.9725000e+02   2.0752172e-07  -3.3604619e-08
4.9729167e+02   2.0850053e-07  -3.3286278e-08
4.9733333e+02   2.0883083e-07  -3.3160844e-08
4.9737500e+02   2.0851263e-07  -3.3228315e-08
4.9741667e+02   2.0754591e-07  -3.3488693e-08
4.9745833e+02   2.0593068e-07  -3.3941977e-08
4.9750000e+02   2.0366695e-07  -3.4588168e-08
4.9754167e+02   2.0124108e-07  -3.5282584e-08
4.9758333e+02   1.9881522e-07  -3.5977001e-08
4.9762500e+02   1.9638936e-07  -3.6671418e-08
4.9766667e+02   1.9396349e-07  -3.7365835e-08
4.9770833e+02   1.9153763e-07  -3.8060252e-08
4.9775000e+02   1.8911176e-07  -3.8754669e-08
4.9779167e+02   1.8668590e-07  -3.9449086e-08
4.9783333e+02   1.8426004e-07  -4.0143503e-08
4.9787500e+02   1.8183417e-07  -4.0837919e-08
4.9791667e+02   1.7940831e-07  -4.1532336e-08
4.9795833e+02   1.7698245e-07  -4.2226753e-08
4.9800000e+02   1.7455658e-07  -4.2921170e-08
4.9804167e+02   1.7213072e-07  -4.3615587e-08
4.9808333e+02   1.6970486e-07  -4.4310004e-08
4.9812500e+02   1.6727899e-07  -4.5004421e-08
4.9816667e+02   1.6485313e-07  -4.5698838e-08
4.9820833e+02   1.6242726e-07  -4.6393254e-08
4.9825000e+02   1.6000140e-07  -4.7087671e-08
4.9829167e+02   1.5757554e-07  -4.7782088e-08
4.9833333e+02   1.5514967e-07  -4.8476505e-08
4.9837500e+02   1.5272381e-07  -4.9170922e-08
4.9841667e+02   1.5029795e-07  -4.9865339e-08
4.9845833e+02   1.4787208e-07  -5.0559756e-08
4.9850000e+02   1.4544622e-07  -5.1254172e-08
4.9854167e+02   1.4302035e-07  -5.1948589e-08
4.9858333e+02   1.4059449e-07  -5.2643006e-08
4.9862500e+02   1.3816863e-07  -5.3337423e-08
4.9866667e+02   1.3574276e-07  -5.4031840e-08
4.9870833e+02   1.3331690e-07  -5.4726257e-08
4.9875000e+02   1.3089104e-07  -5.5420674e-08
4.9879167e+02   1.2846517e-07  -5.6115091e-08
4.9883333e+02   1.2603931e-07  -5.6809507e-08
4.9887500e+02   1.2361344e-07  -5.7503924e-08
4.9891667e+02   1.2118758e-07  -5.8198341e-08
4.9895833e+02   1.1876172e-07  -5.8892758e-08
4.9900000e+02   1.1633585e-07  -5.9587175e-08
4.9904167e+02   1.1403046e-07  -6.0256229e-08
4.9908333e+02   1.1186019e-07  -6.0896840e-08
4.9912500e+02   1.0982502e-07  -6.1509007e-08
4.9916667e+02   1.0792497e-07  -6.2092731e-08
4.9920833e+02   1.0616003e-07  -6.2648010e-08
4.9925000e+02   1.0453020e-07  -6.3174846e-08
4.9929167e+02   1.0303548e-07  -6.3673238e-08
4.9933333e+02   1.0167587e-07  -6.4143187e-08
4.9937500e+02   1.0045138e-07  -6.4584692e-08
4.9941667e+02   9.9361994e-08  -6.4997753e-08
4.9945833e+02   9.8407723e-08  -6.5382370e-08
4.9950000e+02   9.7588564e-08  -6.5738543e-08
4.9954167e+02   9.6784042e-08  -6.6091636e-08
4.9958333e+02   9.5979519e-08  -6.6444728e-08
4.9962500e+02   9.5174997e-08  -6.6797820e-08
4.9966667e+02   9.4370475e-08  -6.7150912e-08
4.9970833e+02   9.3565953e-08  -6.7504004e-08
4.9975000e+02   9.2761431e-08  -6.7857096e-08
4.9979167e+02   9.1956909e-08  -6.8210188e-08
4.9983333e+02   9.1152387e-08  -6.8563281e-08
4.9987500e+02   9.0347864e-08  -6.8916373e-08
4.9991667e+02   8.9543342e-08  -6.9269465e-08
4.9995833e+02   8.8738820e-08  -6.9622557e-08
5.0000000e+02   8.7934298e-08  -6.9975649e-08
5.0004167e+02   8.7129776e-08  -7.0328741e-08
5.0008333e+02   8.6325254e-08  -7.0681833e-08
5.0012500e+02   8.5520732e-08  -7.1034926e-08
5.0016667e+02   8.4716209e-08  -7.1388018e-08
5.0020833e+02   8.3911687e-08  -7.1741110e-08
5.0025000e+02   8.3107165e-08  -7.2094202e-08
5.0029167e+02   8.2302643e-08  -7.2447294e-08
5.0033333e+02   8.1498121e-08  -7.2800386e-08
5.0037500e+02   8.0693599e-08  -7.3153478e-08
5.0041667e+02   7.9889077e-08  -7.3506571e-08
5.0045833e+02   7.9084554e-08  -7.3859663e-08
5.0050000e+02   7.8280032e-08  -7.4212755e-08
5.0054167e+02   7.7475510e-08  -7.4565847e-08
5.0058333e+02   7.6670988e-08  -7.4918939e-08
5.0062500e+02   7.5866466e-08  -7.5272031e-08
5.0066667e+02   7.5061944e-08  -7.5625123e-08
5.0070833e+02   7.4257422e-08  -7.5978216e-08
5.0075000e+02   7.3452899e-08  -7.6331308e-08
5.0079167e+02   7.2648377e-08  -7.6684400e-08
5.0083333e+02   7.1843855e-08  -7.7037492e-08
5.0087500e+02   7.1039333e-08  -7.7390584e-08
5.0091667e+02   7.0234811e-08  -7.7743676e-08
5.0095833e+02   6.9430289e-08  -7.8096768e-08
5.0100000e+02   6.8625767e-08  -7.8449861e-08
5.0104167e+02   6.7821244e-08  -7.8802953e-08
5.0108333e+02   6.7016722e-08  -7.9156045e-08
5.0112500e+02   6.6212200e-08  -7.9509137e-08
5.0116667e+02   6.5407678e-08  -7.9862229e-08
5.0120833e+02   6.4603156e-08  -8.0215321e-08
5.0125000e+02   6.3798634e-08  -8.0568413e-08
5.0129167e+02   6.2994112e-08  -8.0921506e-08
5.0133333e+02   6.2189589e-08  -8.1274598e-08
5.0137500e+02   6.1385067e-08  -8.1627690e-08
5.0141667e+02   6.0580545e-08  -8.1980782e-08
5.0145833e+02   5.9776023e-08  -8.2333874e-08
5.0150000e+02   5.8971501e-08  -8.2686966e-08
5.0154167e+02   5.8166979e-08  -8.3040058e-08
5.0158333e+02   5.7362457e-08  -8.3393151e-08
5.0162500e+02   5.6557934e-08  -8.3746243e-08
5.0166667e+02   5.5753412e-08  -8.4099335e-08
5.0170833e+02   5.4948890e-08  -8.4452427e-08
5.0175000e+02   5.4144368e-08  -8.4805519e-08
5.0179167e+02   5.3339846e-08  -8.5158611e-08
5.0183333e+02   5.2535324e-08  -8.5511703e-08
5.0187500e+02   5.1730802e-08  -8.5864795e-08
5.0191667e+02   5.0926279e-08  -8.6217888e-08
5.0195833e+02   5.0121757e-08  -8.6570980e-08
5.0200000e+02   4.9317235e-08  -8.6924072e-08
5.0204167e+02   4.8512713e-08  -8.7277164e-08
5.0208333e+02   4.7708191e-08  -8.7630256e-08
5.0212500e+02   4.6903669e-08  -8.7983348e-08
5.0216667e+02   4.6099147e-08  -8.8336440e-08
5.0220833e+02   4.5294624e-08  -8.8689533e-08
5.0225000e+02   4.4490102e-08  -8.9042625e-08
5.0229167e+02   4.3685580e-08  -8.9395717e-08
5.0233333e+02   4.2881058e-08  -8.9748809e-08
5.0237500e+02   4.2076536e-08  -9.0101901e-08
5.0241667e+02   4.1272014e-08  -9.0454993e-08
5.0245833e+02   4.0467492e-08  -9.0808085e-08
5.0250000e+02   3.9662969e-08  -9.1161178e-08
5.0254167e+02   3.8858447e-08  -9.1514270e-08
5.0258333e+02   3.8053925e-08  -9.1867362e-08
5.0262500e+02   3.7249403e-08  -9.2220454e-08
5.0266667e+02   3.6444881e-08  -9.2573546e-08
5.0270833e+02   3.5640359e-08  -9.2926638e-08
5.0275000e+02   3.4835837e-08  -9.3279730e-08
5.0279167e+02   3.4031314e-08  -9.3632823e-08
5.0283333e+02   3.3226792e-08  -9.3985915e-08
5.0287500e+02   3.2422270e-08  -9.4339007e-08
5.0291667e+02   3.1617748e-08  -9.4692099e-08
5.0295833e+02   3.0813226e-08  -9.5045191e-08
5.0300000e+02   3.0008704e-08  -9.5398283e-08
5.0304167e+02   2.9204182e-08  -9.5751375e-08
5.0308333e+02   2.8399659e-08  -9.6104468e-08
5.0312500e+02   2.7595137e-08  -9.6457560e-08
5.0316667e+02   2.6790615e-08  -9.6810652e-08
5.0320833e+02   2.5986093e-08  -9.7163744e-08
5.0325000e+02   2.5181571e-08  -9.7516836e-08
5.0329167e+02   2.4377049e-08  -9.7869928e-08
5.0333333e+02   2.3572527e-08  -9.8223020e-08
5.0337500e+02   2.2768004e-08  -9.8576113e-08
5.0341667e+02   2.1963482e-08  -9.8929205e-08
5.0345833e+02   2.1158960e-08  -9.9282297e-08
5.0350000e+02   2.0354438e-08  -9.9635389e-08
5.0354167e+02   1.9615290e-08  -9.9948786e-08
5.0358333e+02   1.8989837e-08  -1.0019315e-07
5.0362500e+02   1.8478077e-08  -1.0036848e-07
5.0366667e+02   1.8080012e-08  -1.0047477e-07
5.0370833e+02   1.7795641e-08  -1.0051203e-07
5.0375000e+02   1.7624965e-08  -1.0048025e-07
5.0379167e+02   1.7567983e-08  -1.0037944e-07
5.0383333e+02   1.7624695e-08  -1.0020959e-07
5.0387500e+02   1.7795102e-08  -9.9970713e-08
5.0391667e+02   1.8079202e-08  -9.9662798e-08
5.0395833e+02   1.8476997e-08  -9.9285848e-08
5.0400000e+02   1.8988487e-08  -9.8839863e-08
5.0404167e+02   1.9548296e-08  -9.8364538e-08
5.0408333e+02   2.0108106e-08  -9.7889213e-08
5.0412500e+02   2.0667915e-08  -9.7413889e-08
5.0416667e+02   2.1227724e-08  -9.6938564e-08
5.0420833e+02   2.1787534e-08  -9.6463239e-08
5.0425000e+02   2.2347343e-08  -9.5987915e-08
5.0429167e+02   2.2907153e-08  -9.5512590e-08
5.0433333e+02   2.3466962e-08  -9.5037265e-08
5.0437500e+02   2.4026772e-08  -9.4561941e-08
5.0441667e+02   2.4586581e-08  -9.4086616e-08
5.0445833e+02   2.5146390e-08  -9.3611292e-08
5.0450000e+02   2.5706200e-08  -9.3135967e-08
5.0454167e+02   2.6266009e-08  -9.2660642e-08
5.0458333e+02   2.6825819e-08  -9.2185318e-08
5.0462500e+02   2.7385628e-08  -9.1709993e-08
5.0466667e+02   2.7945438e-08  -9.1234668e-08
5.0470833e+02   2.8505247e-08  -9.0759344e-08
5.0475000e+02   2.9065057e-08  -9.0284019e-08
5.0479167e+02   2.9624866e-08  -8.9808694e-08
5.0483333e+02   3.0184675e-08  -8.9333370e-08
5.0487500e+02   3.0744485e-08  -8.8858045e-08
5.0491667e+02   3.1304294e-08  -8.8382720e-08
5.0495833e+02   3.1864104e-08  -8.7907396e-08
5.0500000e+02   3.2423913e-08  -8.7432071e-08
5.0504167e+02   3.2983723e-08  -8.6956746e-08
5.0508333e+02   3.3543532e-08  -8.6481422e-08
5.0512500e+02   3.4103341e-08  -8.6006097e-08
5.0516667e+02   3.4663151e-08  -8.5530772e-08
5.0520833e+02   3.5222960e-08  -8.5055448e-08
5.0525000e+02   3.5782770e-08  -8.4580123e-08
5.0529167e+02   3.6342579e-08  -8.4104798e-08
5.0533333e+02   3.6902389e-08  -8.3629474e-08
5.0537500e+02   3.7462198e-08  -8.3154149e-08
5.0541667e+02   3.8022008e-08  -8.2678824e-08
5.0545833e+02   3.8581817e-08  -8.2203500e-08
5.0550000e+02   3.9141626e-08  -8.1728175e-08
5.0554167e+02   3.9701436e-08  -8.1252851e-08
5.0558333e+02   4.0261245e-08  -8.0777526e-08
5.0562500e+02   4.0821055e-08  -8.0302201e-08
5.0566667e+02   4.1380864e-08  -7.9826877e-08
5.0570833e+02   4.1940674e-08  -7.9351552e-08
5.0575000e+02   4.2500483e-08  -7.8876227e-08
5.0579167e+02   4.3060292e-08  -7.8400903e-08
5.0583333e+02   4.3620102e-08  -7.7925578e-08
5.0587500e+02   4.4179911e-08  -7.7450253e-08
5.0591667e+02   4.4739721e-08  -7.6974929e-08
5.0595833e+02   4.5299530e-08  -7.6499604e-08
5.0600000e+02   4.5859340e-08  -7.6024279e-08
5.0604167e+02   4.6419149e-08  -7.5548955e-08
5.0608333e+02   4.6978958e-08  -7.5073630e-08
5.0612500e+02   4.7538768e-08  -7.4598305e-08
5.0616667e+02   4.8098577e-08  -7.4122981e-08
5.0620833e+02   4.8658387e-08  -7.3647656e-08
5.0625000e+02   4.9218196e-08  -7.3172331e-08
5.0629167e+02   4.9778006e-08  -7.2697007e-08
5.0633333e+02   5.0337815e-08  -7.2221682e-08
5.0637500e+02   5.0897625e-08  -7.1746357e-08
5.0641667e+02   5.1457434e-08  -7.1271033e-08
5.0645833e+02   5.2017243e-08  -7.0795708e-08
5.0650000e+02   5.2577053e-08  -7.0320383e-08
5.0654167e+02   5.3136862e-08  -6.9845059e-08
5.0658333e+02   5.3696672e-08  -6.9369734e-08
5.0662500e+02   5.4256481e-08  -6.8894410e-08
5.0666667e+02   5.4816291e-08  -6.8419085e-08
5.0670833e+02   5.5376100e-08  -6.7943760e-08
5.0675000e+02   5.5935909e-08  -6.7468436e-08
5.0679167e+02   5.6495719e-08  -6.6993111e-08
5.0683333e+02   5.7055528e-08  -6.6517786e-08
5.0687500e+02   5.7615338e-08  -6.6042462e-08
5.0691667e+02   5.8175147e-08  -6.5567137e-08
5.0695833e+02   5.8734957e-08  -6.5091812e-08
5.0700000e+02   5.9294766e-08  -6.4616488e-08
5.0704167e+02   5.9807347e-08  -6.4166358e-08
5.0708333e+02   6.0243340e-08  -6.3757084e-08
5.0712500e+02   6.0602746e-08  -6.3388666e-08
5.0716667e+02   6.0885564e-08  -6.3061105e-08
5.0720833e+02   6.1091795e-08  -6.2774400e-08
5.0725000e+02   6.1221439e-08  -6.2528551e-08
5.0729167e+02   6.1274495e-08  -6.2323558e-08
5.0733333e+02   6.1250964e-08  -6.2159422e-08
5.0737500e+02   6.1150845e-08  -6.2036141e-08
5.0741667e+02   6.0974139e-08  -6.1953717e-08
5.0745833e+02   6.0720846e-08  -6.1912149e-08
5.0750000e+02   6.0390965e-08  -6.1911438e-08
5.0754167e+02   6.0031726e-08  -6.1926388e-08
5.0758333e+02   5.9672487e-08  -6.1941338e-08
5.0762500e+02   5.9313247e-08  -6.1956287e-08
5.0766667e+02   5.8954008e-08  -6.1971237e-08
5.0770833e+02   5.8594769e-08  -6.1986187e-08
5.0775000e+02   5.8235530e-08  -6.2001137e-08
5.0779167e+02   5.7876290e-08  -6.2016087e-08
5.0783333e+02   5.7517051e-08  -6.2031037e-08
5.0787500e+02   5.7157812e-08  -6.2045987e-08
5.0791667e+02   5.6798573e-08  -6.2060937e-08
5.0795833e+02   5.6439333e-08  -6.2075887e-08
5.0800000e+02   5.6080094e-08  -6.2090836e-08
5.0804167e+02   5.5720855e-08  -6.2105786e-08
5.0808333e+02   5.5361616e-08  -6.2120736e-08
5.0812500e+02   5.5002377e-08  -6.2135686e-08
5.0816667e+02   5.4643137e-08  -6.2150636e-08
5.0820833e+02   5.4283898e-08  -6.2165586e-08
5.0825000e+02   5.3924659e-08  -6.2180536e-08
5.0829167e+02   5.3565420e-08  -6.2195486e-08
5.0833333e+02   5.3206180e-08  -6.2210436e-08
5.0837500e+02   5.2846941e-08  -6.2225385e-08
5.0841667e+02   5.2487702e-08  -6.2240335e-08
5.0845833e+02   5.2128463e-08  -6.2255285e-08
5.0850000e+02   5.1769224e-08  -6.2270235e-08
5.0854167e+02   5.1409984e-08  -6.2285185e-08
5.0858333e+02   5.1050745e-08  -6.2300135e-08
5.0862500e+02   5.0691506e-08  -6.2315085e-08
5.0866667e+02   5.0332267e-08  -6.2330035e-08
5.0870833e+02   4.9973027e-08  -6.2344985e-08
5.0875000e+02   4.9613788e-08  -6.2359934e-08
5.0879167e+02   4.9254549e-08  -6.2374884e-08
5.0883333e+02   4.8895310e-08  -6.2389834e-08
5.0887500e+02   4.8536070e-08  -6.2404784e-08
5.0891667e+02   4.8176831e-08  -6.2419734e-08
5.0895833e+02   4.7817592e-08  -6.2434684e-08
5.0900000e+02   4.7458353e-08  -6.2449634e-08
5.0904167e+02   4.7099663e-08  -6.2470487e-08
5.0908333e+02   4.6741697e-08  -6.2499124e-08
5.0912500e+02   4.6384455e-08  -6.2535546e-08
5.0916667e+02   4.6027937e-08  -6.2579753e-08
5.0920833e+02   4.5672144e-08  -6.2631743e-08
5.0925000e+02   4.5317074e-08  -6.2691518e-08
5.0929167e+02   4.4962729e-08  -6.2759078e-08
5.0933333e+02   4.4609108e-08  -6.2834422e-08
5.0937500e+02   4.4256211e-08  -6.2917550e-08
5.0941667e+02   4.3904038e-08  -6.3008463e-08
5.0945833e+02   4.3552589e-08  -6.3107160e-08
5.0950000e+02   4.3201865e-08  -6.3213641e-08
5.0954167e+02   4.2851315e-08  -6.3322004e-08
5.0958333e+02   4.2500765e-08  -6.3430367e-08
5.0962500e+02   4.2150216e-08  -6.3538730e-08
5.0966667e+02   4.1799666e-08  -6.3647092e-08
5.0970833e+02   4.1449117e-08  -6.3755455e-08
5.0975000e+02   4.1098567e-08  -6.3863818e-08
5.0979167e+02   4.0748017e-08  -6.3972181e-08
5.0983333e+02   4.0397468e-08  -6.4080543e-08
5.0987500e+02   4.0046918e-08  -6.4188906e-08
5.0991667e+02   3.9696369e-08  -6.4297269e-08
5.0995833e+02   3.9345819e-08  -6.4405632e-08
5.1000000e+02   3.8995269e-08  -6.4513995e-08
5.1004167e+02   3.8644720e-08  -6.4622357e-08
5.1008333e+02   3.8294170e-08  -6.4730720e-08
5.1012500e+02   3.7943621e-08  -6.4839083e-08
5.1016667e+02   3.7593071e-08  -6.4947446e-08
5.1020833e+02   3.7242521e-08  -6.5055808e-08
5.1025000e+02   3.6891972e-08  -6.5164171e-08
5.1029167e+02   3.6541422e-08  -6.5272534e-08
5.1033333e+02   3.6190872e-08  -6.5380897e-08
5.1037500e+02   3.5840323e-08  -6.5489259e-08
5.1041667e+02   3.5489773e-08  -6.5597622e-08
5.1045833e+02   3.5139224e-08  -6.5705985e-08
5.1050000e+02   3.4788674e-08  -6.5814348e-08
5.1054167e+02   3.4438124e-08  -6.5922710e-08
5.1058333e+02   3.4087575e-08  -6.6031073e-08
5.1062500e+02   3.3737025e-08  -6.6139436e-08
5.1066667e+02   3.3386476e-08  -6.6247799e-08
5.1070833e+02   3.3035926e-08  -6.6356161e-08
5.1075000e+02   3.2685376e-08  -6.6464524e-08
5.1079167e+02   3.2334827e-08  -6.6572887e-08
5.1083333e+02   3.1984277e-08  -6.6681250e-08
5.1087500e+02   3.1633728e-08  -6.6789612e-08
5.1091667e+02   3.1283178e-08  -6.6897975e-08
5.1095833e+02   3.0932628e-08  -6.7006338e-08
5.1100000e+02   3.0582079e-08  -6.7114701e-08
5.1104167e+02   3.0231529e-08  -6.7223063e-08
5.1108333e+02   2.9880980e-08  -6.7331426e-08
5.1112500e+02   2.9530430e-08  -6.7439789e-08
5.1116667e+02   2.9179880e-08  -6.7548152e-08
5.1120833e+02   2.8829331e-08  -6.7656515e-08
5.1125000e+02   2.8478781e-08  -6.7764877e-08
5.1129167e+02   2.8128232e-08  -6.7873240e-08
5.1133333e+02   2.7777682e-08  -6.7981603e-08
5.1137500e+02   2.7427132e-08  -6.8089966e-08
5.1141667e+02   2.7076583e-08  -6.8198328e-08
5.1145833e+02   2.6726033e-08  -6.8306691e-08
5.1150000e+02   2.6375484e-08  -6.8415054e-08
5.1154167e+02   2.6024934e-08  -6.8523417e-08
5.1158333e+02   2.5674384e-08  -6.8631779e-08
5.1162500e+02   2.5323835e-08  -6.8740142e-08
5.1166667e+02   2.4973285e-08  -6.8848505e-08
5.1170833e+02   2.4622735e-08  -6.8956868e-08
5.1175000e+02   2.4272186e-08  -6.9065230e-08
5.1179167e+02   2.3921636e-08  -6.9173593e-08
5.1183333e+02   2.3571087e-08  -6.9281956e-08
5.1187500e+02   2.3220537e-08  -6.9390319e-08
5.1191667e+02   2.2869987e-08  -6.9498681e-08
5.1195833e+02   2.2519438e-08  -6.9607044e-08
5.1200000e+02   2.2168888e-08  -6.9715407e-08
5.1204167e+02   2.1846093e-08  -6.9795369e-08
5.1208333e+02   2.1573762e-08  -6.9823695e-08
5.1212500e+02   2.1351893e-08  -6.9800384e-08
5.1216667e+02   2.1180488e-08  -6.9725436e-08
5.1220833e+02   2.1059546e-08  -6.9598851e-08
5.1225000e+02   2.0989068e-08  -6.9420629e-08
5.1229167e+02   2.0969052e-08  -6.9190770e-08
5.1233333e+02   2.0999500e-08  -6.8909275e-08
5.1237500e+02   2.1080411e-08  -6.8576143e-08
5.1241667e+02   2.1211785e-08  -6.8191373e-08
5.1245833e+02   2.1393622e-08  -6.7754967e-08
5.1250000e+02   2.1625923e-08  -6.7266924e-08
5.1254167e+02   2.1880932e-08  -6.6755645e-08
5.1258333e+02   2.2135941e-08  -6.6244365e-08
5.1262500e+02   2.2390950e-08  -6.5733086e-08
5.1266667e+02   2.2645959e-08  -6.5221806e-08
5.1270833e+02   2.2900968e-08  -6.4710527e-08
5.1275000e+02   2.3155977e-08  -6.4199247e-08
5.1279167e+02   2.3410987e-08  -6.3687968e-08
5.1283333e+02   2.3665996e-08  -6.3176688e-08
5.1287500e+02   2.3921005e-08  -6.2665409e-08
5.1291667e+02   2.4176014e-08  -6.2154129e-08
5.1295833e+02   2.4431023e-08  -6.1642850e-08
5.1300000e+02   2.4686032e-08  -6.1131570e-08
5.1304167e+02   2.4941041e-08  -6.0620291e-08
5.1308333e+02   2.5196050e-08  -6.0109011e-08
5.1312500e+02   2.5451059e-08  -5.9597732e-08
5.1316667e+02   2.5706068e-08  -5.9086452e-08
5.1320833e+02   2.5961077e-08  -5.8575173e-08
5.1325000e+02   2.6216086e-08  -5.8063893e-08
5.1329167e+02   2.6471096e-08  -5.7552614e-08
5.1333333e+02   2.6726105e-08  -5.7041334e-08
5.1337500e+02   2.6981114e-08  -5.6530055e-08
5.1341667e+02   2.7236123e-08  -5.6018775e-08
5.1345833e+02   2.7491132e-08  -5.5507496e-08
5.1350000e+02   2.7746141e-08  -5.4996216e-08
5.1354167e+02   2.8001150e-08  -5.4484937e-08
5.1358333e+02   2.8256159e-08  -5.3973657e-08
5.1362500e+02   2.8511168e-08  -5.3462378e-08
5.1366667e+02   2.8766177e-08  -5.2951098e-08
5.1370833e+02   2.9021186e-08  -5.2439819e-08
5.1375000e+02   2.9276195e-08  -5.1928539e-08
5.1379167e+02   2.9531205e-08  -5.1417260e-08
5.1383333e+02   2.9786214e-08  -5.0905980e-08
5.1387500e+02   3.0041223e-08  -5.0394701e-08
5.1391667e+02   3.0296232e-08  -4.9883421e-08
5.1395833e+02   3.0551241e-08  -4.9372142e-08
5.1400000e+02   3.0806250e-08  -4.8860862e-08
5.1404167e+02   3.1061259e-08  -4.8349583e-08
5.1408333e+02   3.1316268e-08  -4.7838303e-08
5.1412500e+02   3.1571277e-08  -4.7327024e-08
5.1416667e+02   3.1826286e-08  -4.6815744e-08
5.1420833e+02   3.2081295e-08  -4.6304465e-08
5.1425000e+02   3.2336304e-08  -4.5793185e-08
5.1429167e+02   3.2591313e-08  -4.5281906e-08
5.1433333e+02   3.2846323e-08  -4.4770626e-08
5.1437500e+02   3.3101332e-08  -4.4259347e-08
5.1441667e+02   3.3356341e-08  -4.3748067e-08
5.1445833e+02   3.3611350e-08  -4.3236788e-08
5.1450000e+02   3.3866359e-08  -4.2725508e-08
5.1454167e+02   3.4121368e-08  -4.2214229e-08
5.1458333e+02   3.4376377e-08  -4.1702949e-08
5.1462500e+02   3.4631386e-08  -4.1191670e-08
5.1466667e+02   3.4886395e-08  -4.0680390e-08
5.1470833e+02   3.5141404e-08  -4.0169111e-08
5.1475000e+02   3.5396413e-08  -3.9657831e-08
5.1479167e+02   3.5651422e-08  -3.9146552e-08
5.1483333e+02   3.5906432e-08  -3.8635272e-08
5.1487500e+02   3.6161441e-08  -3.8123993e-08
5.1491667e+02   3.6416450e-08  -3.7612713e-08
5.1495833e+02   3.6671459e-08  -3.7101434e-08
5.1500000e+02   3.6926468e-08  -3.6590154e-08
5.1504167e+02   3.7181477e-08  -3.6078875e-08
5.1508333e+02   3.7436486e-08  -3.5567595e-08
5.1512500e+02   3.7691495e-08  -3.5056316e-08
5.1516667e+02   3.7946504e-08  -3.4545036e-08
5.1520833e+02   3.8201513e-08  -3.4033757e-08
5.1525000e+02   3.8456522e-08  -3.3522477e-08
5.1529167e+02   3.8711531e-08  -3.3011198e-08
5.1533333e+02   3.8966541e-08  -3.2499918e-08
5.1537500e+02   3.9221550e-08  -3.1988639e-08
5.1541667e+02   3.9476559e-08  -3.1477359e-08
5.1545833e+02   3.9731568e-08  -3.0966080e-08
5.1550000e+02   3.9986577e-08  -3.0454800e-08
5.1554167e+02   4.0244281e-08  -2.9965525e-08
5.1558333e+02   4.0506605e-08  -2.9513972e-08
5.1562500e+02   4.0773548e-08  -2.9100140e-08
5.1566667e+02   4.1045112e-08  -2.8724030e-08
5.1570833e+02   4.1321295e-08  -2.8385642e-08
5.1575000e+02   4.1602098e-08  -2.8084975e-08
5.1579167e+02   4.1887521e-08  -2.7822030e-08
5.1583333e+02   4.2177564e-08  -2.7596807e-08
5.1587500e+02   4.2472226e-08  -2.7409305e-08
5.1591667e+02   4.2771509e-08  -2.7259526e-08
5.1595833e+02   4.3075411e-08  -2.7147468e-08
5.1600000e+02   4.3383933e-08  -2.7073131e-08
5.1604167e+02   4.3694380e-08  -2.7014512e-08
5.1608333e+02   4.4004827e-08  -2.6955893e-08
5.1612500e+02   4.4315274e-08  -2.6897274e-08
5.1616667e+02   4.4625721e-08  -2.6838655e-08
5.1620833e+02   4.4936168e-08  -2.6780037e-08
5.1625000e+02   4.5246615e-08  -2.6721418e-08
5.1629167e+02   4.5557062e-08  -2.6662799e-08
5.1633333e+02   4.5867509e-08  -2.6604180e-08
5.1637500e+02   4.6177956e-08  -2.6545561e-08
5.1641667e+02   4.6488403e-08  -2.6486942e-08
5.1645833e+02   4.6798850e-08  -2.6428323e-08
5.1650000e+02   4.7109297e-08  -2.6369704e-08
5.1654167e+02   4.7419744e-08  -2.6311085e-08
5.1658333e+02   4.7730191e-08  -2.6252466e-08
5.1662500e+02   4.8040638e-08  -2.6193847e-08
5.1666667e+02   4.8351085e-08  -2.6135228e-08
5.1670833e+02   4.8661532e-08  -2.6076609e-08
5.1675000e+02   4.8971979e-08  -2.6017990e-08
5.1679167e+02   4.9282426e-08  -2.5959371e-08
5.1683333e+02   4.9592873e-08  -2.5900752e-08
5.1687500e+02   4.9903320e-08  -2.5842133e-08
5.1691667e+02   5.0213767e-08  -2.5783514e-08
5.1695833e+02   5.0524214e-08  -2.5724895e-08
5.1700000e+02   5.0834661e-08  -2.5666276e-08
5.1704167e+02   5.1114418e-08  -2.5616147e-08
5.1708333e+02   5.1329561e-08  -2.5583889e-08
5.1712500e+02   5.1480092e-08  -2.5569504e-08
5.1716667e+02   5.1566010e-08  -2.5572990e-08
5.1720833e+02   5.1587315e-08  -2.5594349e-08
5.1725000e+02   5.1544008e-08  -2.5633580e-08
5.1729167e+02   5.1436088e-08  -2.5690683e-08
5.1733333e+02   5.1263556e-08  -2.5765658e-08
5.1737500e+02   5.1026411e-08  -2.5858505e-08
5.1741667e+02   5.0724653e-08  -2.5969225e-08
5.1745833e+02   5.0358283e-08  -2.6097816e-08
5.1750000e+02   4.9927300e-08  -2.6244280e-08
5.1754167e+02   4.9462396e-08  -2.6400126e-08
5.1758333e+02   4.8997491e-08  -2.6555972e-08
5.1762500e+02   4.8532587e-08  -2.6711819e-08
5.1766667e+02   4.8067682e-08  -2.6867665e-08
5.1770833e+02   4.7602777e-08  -2.7023512e-08
5.1775000e+02   4.7137873e-08  -2.7179358e-08
5.1779167e+02   4.6672968e-08  -2.7335205e-08
5.1783333e+02   4.6208064e-08  -2.7491051e-08
5.1787500e+02   4.5743159e-08  -2.7646897e-08
5.1791667e+02   4.5278255e-08  -2.7802744e-08
5.1795833e+02   4.4813350e-08  -2.7958590e-08
5.1800000e+02   4.4348446e-08  -2.8114437e-08
5.1804167e+02   4.3883541e-08  -2.8270283e-08
5.1808333e+02   4.3418637e-08  -2.8426130e-08
5.1812500e+02   4.2953732e-08  -2.8581976e-08
5.1816667e+02   4.2488828e-08  -2.8737822e-08
5.1820833e+02   4.2023923e-08  -2.8893669e-08
5.1825000e+02   4.1559018e-08  -2.9049515e-08
5.1829167e+02   4.1094114e-08  -2.9205362e-08
5.1833333e+02   4.0629209e-08  -2.9361208e-08
5.1837500e+02   4.0164305e-08  -2.9517055e-08
5.1841667e+02   3.9699400e-08  -2.9672901e-08
5.1845833e+02   3.9234496e-08  -2.9828747e-08
5.1850000e+02   3.8769591e-08  -2.9984594e-08
5.1854167e+02   3.8304687e-08  -3.0140440e-08
5.1858333e+02   3.7839782e-08  -3.0296287e-08
5.1862500e+02   3.7374878e-08  -3.0452133e-08
5.1866667e+02   3.6909973e-08  -3.0607980e-08
5.1870833e+02   3.6445069e-08  -3.0763826e-08
5.1875000e+02   3.5980164e-08  -3.0919672e-08
5.1879167e+02   3.5515259e-08  -3.1075519e-08
5.1883333e+02   3.5050355e-08  -3.1231365e-08
5.1887500e+02   3.4585450e-08  -3.1387212e-08
5.1891667e+02   3.4120546e-08  -3.1543058e-08
5.1895833e+02   3.3655641e-08  -3.1698905e-08
5.1900000e+02   3.3190737e-08  -3.1854751e-08
5.1904167e+02   3.2778294e-08  -3.1997446e-08
5.1908333e+02   3.2450925e-08  -3.2118815e-08
5.1912500e+02   3.2208630e-08  -3.2218859e-08
5.1916667e+02   3.2051408e-08  -3.2297576e-08
5.1920833e+02   3.1979260e-08  -3.2354966e-08
5.1925000e+02   3.1992185e-08  -3.2391031e-08
5.1929167e+02   3.2090184e-08  -3.2405770e-08
5.1933333e+02   3.2273256e-08  -3.2399182e-08
5.1937500e+02   3.2541402e-08  -3.2371269e-08
5.1941667e+02   3.2894621e-08  -3.2322029e-08
5.1945833e+02   3.3332914e-08  -3.2251463e-08
5.1950000e+02   3.3856281e-08  -3.2159571e-08
5.1954167e+02   3.4412259e-08  -3.2059504e-08
5.1958333e+02   3.4968237e-08  -3.1959437e-08
5.1962500e+02   3.5524215e-08  -3.1859370e-08
5.1966667e+02   3.6080193e-08  -3.1759303e-08
5.1970833e+02   3.6636171e-08  -3.1659236e-08
5.1975000e+02   3.7192149e-08  -3.1559169e-08
5.1979167e+02   3.7748127e-08  -3.1459102e-08
5.1983333e+02   3.8304105e-08  -3.1359035e-08
5.1987500e+02   3.8860083e-08  -3.1258968e-08
5.1991667e+02   3.9416061e-08  -3.1158901e-08
5.1995833e+02   3.9972039e-08  -3.1058834e-08
5.2000000e+02   4.0528017e-08  -3.0958767e-08
5.2004167e+02   4.1083995e-08  -3.0858700e-08
5.2008333e+02   4.1639973e-08  -3.0758633e-08
5.2012500e+02   4.2195951e-08  -3.0658566e-08
5.2016667e+02   4.2751929e-08  -3.0558499e-08
5.2020833e+02   4.3307907e-08  -3.0458432e-08
5.2025000e+02   4.3863885e-08  -3.0358365e-08
5.2029167e+02   4.4419863e-08  -3.0258298e-08
5.2033333e+02   4.4975841e-08  -3.0158231e-08
5.2037500e+02   4.5531819e-08  -3.0058164e-08
5.2041667e+02   4.6087797e-08  -2.9958097e-08
5.2045833e+02   4.6643775e-08  -2.9858030e-08
5.2050000e+02   4.7199753e-08  -2.9757963e-08
5.2054167e+02   4.7755731e-08  -2.9657896e-08
5.2058333e+02   4.8311709e-08  -2.9557829e-08
5.2062500e+02   4.8867687e-08  -2.9457762e-08
5.2066667e+02   4.9423665e-08  -2.9357695e-08
5.2070833e+02   4.9979643e-08  -2.9257628e-08
5.2075000e+02   5.0535621e-08  -2.9157561e-08
5.2079167e+02   5.1091599e-08  -2.9057494e-08
5.2083333e+02   5.1647577e-08  -2.8957427e-08
5.2087500e+02   5.2203555e-08  -2.8857360e-08
5.2091667e+02   5.2759533e-08  -2.8757293e-08
5.2095833e+02   5.3315511e-08  -2.8657226e-08
5.2100000e+02   5.3871489e-08  -2.8557159e-08
5.2104167e+02   5.4382775e-08  -2.8515865e-08
5.2108333e+02   5.4835127e-08  -2.8552074e-08
5.2112500e+02   5.5228545e-08  -2.8665785e-08
5.2116667e+02   5.5563028e-08  -2.8857000e-08
5.2120833e+02   5.5838577e-08  -2.9125718e-08
5.2125000e+02   5.6055192e-08  -2.9471938e-08
5.2129167e+02   5.6212873e-08  -2.9895662e-08
5.2133333e+02   5.6311619e-08  -3.0396888e-08
5.2137500e+02   5.6351431e-08  -3.0975618e-08
5.2141667e+02   5.6332309e-08  -3.1631850e-08
5.2145833e+02   5.6254253e-08  -3.2365585e-08
5.2150000e+02   5.6117262e-08  -3.3176823e-08
5.2154167e+02   5.5966029e-08  -3.4006791e-08
5.2158333e+02   5.5814796e-08  -3.4836759e-08
5.2162500e+02   5.5663563e-08  -3.5666727e-08
5.2166667e+02   5.5512330e-08  -3.6496695e-08
5.2170833e+02   5.5361096e-08  -3.7326663e-08
5.2175000e+02   5.5209863e-08  -3.8156631e-08
5.2179167e+02   5.5058630e-08  -3.8986598e-08
5.2183333e+02   5.4907397e-08  -3.9816566e-08
5.2187500e+02   5.4756164e-08  -4.0646534e-08
5.2191667e+02   5.4604931e-08  -4.1476502e-08
5.2195833e+02   5.4453698e-08  -4.2306470e-08
5.2200000e+02   5.4302464e-08  -4.3136438e-08
5.2204167e+02   5.4151231e-08  -4.3966406e-08
5.2208333e+02   5.3999998e-08  -4.4796374e-08
5.2212500e+02   5.3848765e-08  -4.5626342e-08
5.2216667e+02   5.3697532e-08  -4.6456310e-08
5.2220833e+02   5.3546299e-08  -4.7286278e-08
5.2225000e+02   5.3395066e-08  -4.8116246e-08
5.2229167e+02   5.3243833e-08  -4.8946213e-08
5.2233333e+02   5.3092599e-08  -4.9776181e-08
5.2237500e+02   5.2941366e-08  -5.0606149e-08
5.2241667e+02   5.2790133e-08  -5.1436117e-08
5.2245833e+02   5.2638900e-08  -5.2266085e-08
5.2250000e+02   5.2487667e-08  -5.3096053e-08
5.2254167e+02   5.2376506e-08  -5.3875497e-08
5.2258333e+02   5.2326996e-08  -5.4577210e-08
5.2262500e+02   5.2339136e-08  -5.5201194e-08
5.2266667e+02   5.2412925e-08  -5.5747448e-08
5.2270833e+02   5.2548365e-08  -5.6215972e-08
5.2275000e+02   5.2745455e-08  -5.6606766e-08
5.2279167e+02   5.3004195e-08  -5.6919831e-08
5.2283333e+02   5.3324586e-08  -5.7155165e-08
5.2287500e+02   5.3706626e-08  -5.7312770e-08
5.2291667e+02   5.4150317e-08  -5.7392645e-08
5.2295833e+02   5.4655657e-08  -5.7394790e-08
5.2300000e+02   5.5222648e-08  -5.7319205e-08
5.2304167e+02   5.5811216e-08  -5.7216415e-08
5.2308333e+02   5.6399784e-08  -5.7113624e-08
5.2312500e+02   5.6988353e-08  -5.7010834e-08
5.2316667e+02   5.7576921e-08  -5.6908044e-08
5.2320833e+02   5.8165489e-08  -5.6805253e-08
5.2325000e+02   5.8754057e-08  -5.6702463e-08
5.2329167e+02   5.9342626e-08  -5.6599673e-08
5.2333333e+02   5.9931194e-08  -5.6496882e-08
5.2337500e+02   6.0519762e-08  -5.6394092e-08
5.2341667e+02   6.1108330e-08  -5.6291302e-08
5.2345833e+02   6.1696899e-08  -5.6188511e-08
5.2350000e+02   6.2285467e-08  -5.6085721e-08
5.2354167e+02   6.2874035e-08  -5.5982931e-08
5.2358333e+02   6.3462604e-08  -5.5880140e-08
5.2362500e+02   6.4051172e-08  -5.5777350e-08
5.2366667e+02   6.4639740e-08  -5.5674560e-08
5.2370833e+02   6.5228308e-08  -5.5571769e-08
5.2375000e+02   6.5816877e-08  -5.5468979e-08
5.2379167e+02   6.6405445e-08  -5.5366189e-08
5.2383333e+02   6.6994013e-08  -5.5263398e-08
5.2387500e+02   6.7582581e-08  -5.5160608e-08
5.2391667e+02   6.8171150e-08  -5.5057818e-08
5.2395833e+02   6.8759718e-08  -5.4955027e-08
5.2400000e+02   6.9348286e-08  -5.4852237e-08
5.2404167e+02   6.9920609e-08  -5.4758067e-08
5.2408333e+02   7.0462940e-08  -5.4679812e-08
5.2412500e+02   7.0975280e-08  -5.4617472e-08
5.2416667e+02   7.1457628e-08  -5.4571047e-08
5.2420833e+02   7.1909985e-08  -5.4540537e-08
5.2425000e+02   7.2332350e-08  -5.4525942e-08
5.2429167e+02   7.2724724e-08  -5.4527262e-08
5.2433333e+02   7.3087106e-08  -5.4544497e-08
5.2437500e+02   7.3419496e-08  -5.4577646e-08
5.2441667e+02   7.3721895e-08  -5.4626711e-08
5.2445833e+02   7.3994303e-08  -5.4691690e-08
5.2450000e+02   7.4236719e-08  -5.4772584e-08
5.2454167e+02   7.4465388e-08  -5.4860773e-08
5.2458333e+02   7.4694058e-08  -5.4948962e-08
5.2462500e+02   7.4922728e-08  -5.5037151e-08
5.2466667e+02   7.5151398e-08  -5.5125339e-08
5.2470833e+02   7.5380067e-08  -5.5213528e-08
5.2475000e+02   7.5608737e-08  -5.5301717e-08
5.2479167e+02   7.5837407e-08  -5.5389905e-08
5.2483333e+02   7.6066077e-08  -5.5478094e-08
5.2487500e+02   7.6294747e-08  -5.5566283e-08
5.2491667e+02   7.6523416e-08  -5.5654471e-08
5.2495833e+02   7.6752086e-08  -5.5742660e-08
5.2500000e+02   7.6980756e-08  -5.5830849e-08
5.2504167e+02   7.7209426e-08  -5.5919037e-08
5.2508333e+02   7.7438095e-08  -5.6007226e-08
5.2512500e+02   7.7666765e-08  -5.6095415e-08
5.2516667e+02   7.7895435e-08  -5.6183603e-08
5.2520833e+02   7.8124105e-08  -5.6271792e-08
5.2525000e+02   7.8352774e-08  -5.6359981e-08
5.2529167e+02   7.8581444e-08  -5.6448169e-08
5.2533333e+02   7.8810114e-08  -5.6536358e-08
5.2537500e+02   7.9038784e-08  -5.6624547e-08
5.2541667e+02   7.9267454e-08  -5.6712735e-08
5.2545833e+02   7.9496123e-08  -5.6800924e-08
5.2550000e+02   7.9724793e-08  -5.6889113e-08
5.2554167e+02   7.9953463e-08  -5.6977301e-08
5.2558333e+02   8.0182133e-08  -5.7065490e-08
5.2562500e+02   8.0410802e-08  -5.7153679e-08
5.2566667e+02   8.0639472e-08  -5.7241867e-08
5.2570833e+02   8.0868142e-08  -5.7330056e-08
5.2575000e+02   8.1096812e-08  -5.7418245e-08
5.2579167e+02   8.1325481e-08  -5.7506433e-08
5.2583333e+02   8.1554151e-08  -5.7594622e-08
5.2587500e+02   8.1782821e-08  -5.7682811e-08
5.2591667e+02   8.2011491e-08  -5.7770999e-08
5.2595833e+02   8.2240161e-08  -5.7859188e-08
5.2600000e+02   8.2468830e-08  -5.7947377e-08
5.2604167e+02   8.2641375e-08  -5.8078017e-08
5.2608333e+02   8.2731784e-08  -5.8270783e-08
5.2612500e+02   8.2740058e-08  -5.8525673e-08
5.2616667e+02   8.2666197e-08  -5.8842689e-08
5.2620833e+02   8.2510201e-08  -5.9221829e-08
5.2625000e+02   8.2272070e-08  -5.9663094e-08
5.2629167e+02   8.1951804e-08  -6.0166484e-08
5.2633333e+02   8.1549403e-08  -6.0731999e-08
5.2637500e+02   8.1064867e-08  -6.1359639e-08
5.2641667e+02   8.0498196e-08  -6.2049403e-08
5.2645833e+02   7.9849390e-08  -6.2801293e-08
5.2650000e+02   7.9118449e-08  -6.3615307e-08
5.2654167e+02   7.8361499e-08  -6.4448995e-08
5.2658333e+02   7.7604549e-08  -6.5282682e-08
5.2662500e+02   7.6847598e-08  -6.6116369e-08
5.2666667e+02   7.6090648e-08  -6.6950057e-08
5.2670833e+02   7.5333697e-08  -6.7783744e-08
5.2675000e+02   7.4576747e-08  -6.8617431e-08
5.2679167e+02   7.3819796e-08  -6.9451119e-08
5.2683333e+02   7.3062846e-08  -7.0284806e-08
5.2687500e+02   7.2305896e-08  -7.1118493e-08
5.2691667e+02   7.1548945e-08  -7.1952181e-08
5.2695833e+02   7.0791995e-08  -7.2785868e-08
5.2700000e+02   7.0035044e-08  -7.3619555e-08
5.2704167e+02   6.9278094e-08  -7.4453243e-08
5.2708333e+02   6.8521144e-08  -7.5286930e-08
5.2712500e+02   6.7764193e-08  -7.6120617e-08
5.2716667e+02   6.7007243e-08  -7.6954305e-08
5.2720833e+02   6.6250292e-08  -7.7787992e-08
5.2725000e+02   6.5493342e-08  -7.8621679e-08
5.2729167e+02   6.4736391e-08  -7.9455367e-08
5.2733333e+02   6.3979441e-08  -8.0289054e-08
5.2737500e+02   6.3222491e-08  -8.1122741e-08
5.2741667e+02   6.2465540e-08  -8.1956429e-08
5.2745833e+02   6.1708590e-08  -8.2790116e-08
5.2750000e+02   6.0951639e-08  -8.3623803e-08
5.2754167e+02   6.0194689e-08  -8.4457491e-08
5.2758333e+02   5.9437738e-08  -8.5291178e-08
5.2762500e+02   5.8680788e-08  -8.6124865e-08
5.2766667e+02   5.7923838e-08  -8.6958553e-08
5.2770833e+02   5.7166887e-08  -8.7792240e-08
5.2775000e+02   5.6409937e-08  -8.8625927e-08
5.2779167e+02   5.5652986e-08  -8.9459615e-08
5.2783333e+02   5.4896036e-08  -9.0293302e-08
5.2787500e+02   5.4139085e-08  -9.1126989e-08
5.2791667e+02   5.3382135e-08  -9.1960677e-08
5.2795833e+02   5.2625185e-08  -9.2794364e-08
5.2800000e+02   5.1868234e-08  -9.3628051e-08
5.2804167e+02   5.1111284e-08  -9.4461739e-08
5.2808333e+02   5.0354333e-08  -9.5295426e-08
5.2812500e+02   4.9597383e-08  -9.6129113e-08
5.2816667e+02   4.8840433e-08  -9.6962801e-08
5.2820833e+02   4.8083482e-08  -9.7796488e-08
5.2825000e+02   4.7326532e-08  -9.8630175e-08
5.2829167e+02   4.6569581e-08  -9.9463863e-08
5.2833333e+02   4.5812631e-08  -1.0029755e-07
5.2837500e+02   4.5055680e-08  -1.0113124e-07
5.2841667e+02   4.4298730e-08  -1.0196492e-07
5.2845833e+02   4.3541780e-08  -1.0279861e-07
5.2850000e+02   4.2784829e-08  -1.0363230e-07
5.2854167e+02   4.2027879e-08  -1.0446599e-07
5.2858333e+02   4.1270928e-08  -1.0529967e-07
5.2862500e+02   4.0513978e-08  -1.0613336e-07
5.2866667e+02   3.9757027e-08  -1.0696705e-07
5.2870833e+02   3.9000077e-08  -1.0780074e-07
5.2875000e+02   3.8243127e-08  -1.0863442e-07
5.2879167e+02   3.7486176e-08  -1.0946811e-07
5.2883333e+02   3.6729226e-08  -1.1030180e-07
5.2887500e+02   3.5972275e-08  -1.1113549e-07
5.2891667e+02   3.5215325e-08  -1.1196917e-07
5.2895833e+02   3.4458375e-08  -1.1280286e-07
5.2900000e+02   3.3701424e-08  -1.1363655e-07
5.2904167e+02   3.2996235e-08  -1.1440318e-07
5.2908333e+02   3.2400016e-08  -1.1502863e-07
5.2912500e+02   3.1912767e-08  -1.1551291e-07
5.2916667e+02   3.1534489e-08  -1.1585602e-07
5.2920833e+02   3.1265182e-08  -1.1605795e-07
5.2925000e+02   3.1104844e-08  -1.1611871e-07
5.2929167e+02   3.1053478e-08  -1.1603829e-07
5.2933333e+02   3.1111082e-08  -1.1581669e-07
5.2937500e+02   3.1277656e-08  -1.1545393e-07
5.2941667e+02   3.1553201e-08  -1.1494999e-07
5.2945833e+02   3.1937716e-08  -1.1430487e-07
5.2950000e+02   3.2431202e-08  -1.1351858e-07
5.2954167e+02   3.2981897e-08  -1.1265817e-07
5.2958333e+02   3.3532592e-08  -1.1179776e-07
5.2962500e+02   3.4083287e-08  -1.1093736e-07
5.2966667e+02   3.4633982e-08  -1.1007695e-07
5.2970833e+02   3.5184677e-08  -1.0921654e-07
5.2975000e+02   3.5735373e-08  -1.0835613e-07
5.2979167e+02   3.6286068e-08  -1.0749573e-07
5.2983333e+02   3.6836763e-08  -1.0663532e-07
5.2987500e+02   3.7387458e-08  -1.0577491e-07
5.2991667e+02   3.7938153e-08  -1.0491450e-07
5.2995833e+02   3.8488849e-08  -1.0405410e-07
5.3000000e+02   3.9039544e-08  -1.0319369e-07
5.3004167e+02   3.9590239e-08  -1.0233328e-07
5.3008333e+02   4.0140934e-08  -1.0147287e-07
5.3012500e+02   4.0691629e-08  -1.0061247e-07
5.3016667e+02   4.1242325e-08  -9.9752060e-08
5.3020833e+02   4.1793020e-08  -9.8891652e-08
5.3025000e+02   4.2343715e-08  -9.8031245e-08
5.3029167e+02   4.2894410e-08  -9.7170838e-08
5.3033333e+02   4.3445105e-08  -9.6310430e-08
5.3037500e+02   4.3995800e-08  -9.5450023e-08
5.3041667e+02   4.4546496e-08  -9.4589615e-08
5.3045833e+02   4.5097191e-08  -9.3729208e-08
5.3050000e+02   4.5647886e-08  -9.2868800e-08
5.3054167e+02   4.6198581e-08  -9.2008393e-08
5.3058333e+02   4.6749276e-08  -9.1147986e-08
5.3062500e+02   4.7299972e-08  -9.0287578e-08
5.3066667e+02   4.7850667e-08  -8.9427171e-08
5.3070833e+02   4.8401362e-08  -8.8566763e-08
5.3075000e+02   4.8952057e-08  -8.7706356e-08
5.3079167e+02   4.9502752e-08  -8.6845948e-08
5.3083333e+02   5.0053448e-08  -8.5985541e-08
5.3087500e+02   5.0604143e-08  -8.5125134e-08
5.3091667e+02   5.1154838e-08  -8.4264726e-08
5.3095833e+02   5.1705533e-08  -8.3404319e-08
5.3100000e+02   5.2256228e-08  -8.2543911e-08
5.3104167e+02   5.2780576e-08  -8.1764954e-08
5.3108333e+02   5.3262197e-08  -8.1118077e-08
5.3112500e+02   5.3701091e-08  -8.0603282e-08
5.3116667e+02   5.4097260e-08  -8.0220567e-08
5.3120833e+02   5.4450702e-08  -7.9969934e-08
5.3125000e+02   5.4761417e-08  -7.9851382e-08
5.3129167e+02   5.5029407e-08  -7.9864910e-08
5.3133333e+02   5.5254670e-08  -8.0010520e-08
5.3137500e+02   5.5437207e-08  -8.0288210e-08
5.3141667e+02   5.5577017e-08  -8.0697982e-08
5.3145833e+02   5.5674101e-08  -8.1239835e-08
5.3150000e+02   5.5728459e-08  -8.1913768e-08
5.3154167e+02   5.5766439e-08  -8.2638333e-08
5.3158333e+02   5.5804418e-08  -8.3362898e-08
5.3162500e+02   5.5842397e-08  -8.4087463e-08
5.3166667e+02   5.5880377e-08  -8.4812027e-08
5.3170833e+02   5.5918356e-08  -8.5536592e-08
5.3175000e+02   5.5956336e-08  -8.6261157e-08
5.3179167e+02   5.5994315e-08  -8.6985722e-08
5.3183333e+02   5.6032295e-08  -8.7710286e-08
5.3187500e+02   5.6070274e-08  -8.8434851e-08
5.3191667e+02   5.6108253e-08  -8.9159416e-08
5.3195833e+02   5.6146233e-08  -8.9883981e-08
5.3200000e+02   5.6184212e-08  -9.0608545e-08
5.3204167e+02   5.6222192e-08  -9.1333110e-08
5.3208333e+02   5.6260171e-08  -9.2057675e-08
5.3212500e+02   5.6298150e-08  -9.2782239e-08
5.3216667e+02   5.6336130e-08  -9.3506804e-08
5.3220833e+02   5.6374109e-08  -9.4231369e-08
5.3225000e+02   5.6412089e-08  -9.4955934e-08
5.3229167e+02   5.6450068e-08  -9.5680498e-08
5.3233333e+02   5.6488048e-08  -9.6405063e-08
5.3237500e+02   5.6526027e-08  -9.7129628e-08
5.3241667e+02   5.6564006e-08  -9.7854193e-08
5.3245833e+02   5.6601986e-08  -9.8578757e-08
5.3250000e+02   5.6639965e-08  -9.9303322e-08
5.3254167e+02   5.6663727e-08  -9.9955690e-08
5.3258333e+02   5.6659970e-08  -1.0046832e-07
5.3262500e+02   5.6628694e-08  -1.0084122e-07
5.3266667e+02   5.6569900e-08  -1.0107437e-07
5.3270833e+02   5.6483588e-08  -1.0116780e-07
5.3275000e+02   5.6369757e-08  -1.0112148e-07
5.3279167e+02   5.6228408e-08  -1.0093543e-07
5.3283333e+02   5.6059540e-08  -1.0060965e-07
5.3287500e+02   5.5863153e-08  -1.0014412e-07
5.3291667e+02   5.5639248e-08  -9.9538863e-08
5.3295833e+02   5.5387825e-08  -9.8793867e-08
5.3300000e+02   5.5108883e-08  -9.7909135e-08
5.3304167e+02   5.4816640e-08  -9.6956864e-08
5.3308333e+02   5.4524398e-08  -9.6004593e-08
5.3312500e+02   5.4232155e-08  -9.5052321e-08
5.3316667e+02   5.3939913e-08  -9.4100050e-08
5.3320833e+02   5.3647670e-08  -9.3147779e-08
5.3325000e+02   5.3355428e-08  -9.2195507e-08
5.3329167e+02   5.3063185e-08  -9.1243236e-08
5.3333333e+02   5.2770942e-08  -9.0290965e-08
5.3337500e+02   5.2478700e-08  -8.9338694e-08
5.3341667e+02   5.2186457e-08  -8.8386422e-08
5.3345833e+02   5.1894215e-08  -8.7434151e-08
5.3350000e+02   5.1601972e-08  -8.6481880e-08
5.3354167e+02   5.1309730e-08  -8.5529608e-08
5.3358333e+02   5.1017487e-08  -8.4577337e-08
5.3362500e+02   5.0725245e-08  -8.3625066e-08
5.3366667e+02   5.0433002e-08  -8.2672794e-08
5.3370833e+02   5.0140760e-08  -8.1720523e-08
5.3375000e+02   4.9848517e-08  -8.0768252e-08
5.3379167e+02   4.9556274e-08  -7.9815980e-08
5.3383333e+02   4.9264032e-08  -7.8863709e-08
5.3387500e+02   4.8971789e-08  -7.7911438e-08
5.3391667e+02   4.8679547e-08  -7.6959166e-08
5.3395833e+02   4.8387304e-08  -7.6006895e-08
5.3400000e+02   4.8095062e-08  -7.5054624e-08
5.3404167e+02   4.7788422e-08  -7.4099678e-08
5.3408333e+02   4.7446525e-08  -7.3138182e-08
5.3412500e+02   4.7069370e-08  -7.2170136e-08
5.3416667e+02   4.6656957e-08  -7.1195540e-08
5.3420833e+02   4.6209286e-08  -7.0214393e-08
5.3425000e+02   4.5726357e-08  -6.9226697e-08
5.3429167e+02   4.5208171e-08  -6.8232451e-08
5.3433333e+02   4.4654727e-08  -6.7231654e-08
5.3437500e+02   4.4066024e-08  -6.6224308e-08
5.3441667e+02   4.3442065e-08  -6.5210411e-08
5.3445833e+02   4.2782847e-08  -6.4189965e-08
5.3450000e+02   4.2088371e-08  -6.3162968e-08
5.3454167e+02   4.1373035e-08  -6.2132096e-08
5.3458333e+02   4.0657698e-08  -6.1101223e-08
5.3462500e+02   3.9942362e-08  -6.0070351e-08
5.3466667e+02   3.9227025e-08  -5.9039479e-08
5.3470833e+02   3.8511689e-08  -5.8008607e-08
5.3475000e+02   3.7796352e-08  -5.6977735e-08
5.3479167e+02   3.7081016e-08  -5.5946862e-08
5.3483333e+02   3.6365679e-08  -5.4915990e-08
5.3487500e+02   3.5650343e-08  -5.3885118e-08
5.3491667e+02   3.4935006e-08  -5.2854246e-08
5.3495833e+02   3.4219670e-08  -5.1823374e-08
5.3500000e+02   3.3504333e-08  -5.0792501e-08
5.3504167e+02   3.2788997e-08  -4.9761629e-08
5.3508333e+02   3.2073661e-08  -4.8730757e-08
5.3512500e+02   3.1358324e-08  -4.7699885e-08
5.3516667e+02   3.0642988e-08  -4.6669013e-08
5.3520833e+02   2.9927651e-08  -4.5638140e-08
5.3525000e+02   2.9212315e-08  -4.4607268e-08
5.3529167e+02   2.8496978e-08  -4.3576396e-08
5.3533333e+02   2.7781642e-08  -4.2545524e-08
5.3537500e+02   2.7066305e-08  -4.1514652e-08
5.3541667e+02   2.6350969e-08  -4.0483779e-08
5.3545833e+02   2.5635632e-08  -3.9452907e-08
5.3550000e+02   2.4920296e-08  -3.8422035e-08
5.3554167e+02   2.4204959e-08  -3.7391163e-08
5.3558333e+02   2.3489623e-08  -3.6360291e-08
5.3562500e+02   2.2774286e-08  -3.5329418e-08
5.3566667e+02   2.2058950e-08  -3.4298546e-08
5.3570833e+02   2.1343613e-08  -3.3267674e-08
5.3575000e+02   2.0628277e-08  -3.2236802e-08
5.3579167e+02   1.9912940e-08  -3.1205930e-08
5.3583333e+02   1.9197604e-08  -3.0175057e-08
5.3587500e+02   1.8482268e-08  -2.9144185e-08
5.3591667e+02   1.7766931e-08  -2.8113313e-08
5.3595833e+02   1.7051595e-08  -2.7082441e-08
5.3600000e+02   1.6336258e-08  -2.6051569e-08
5.3604167e+02   1.5653351e-08  -2.5116190e-08
5.3608333e+02   1.5030313e-08  -2.4357106e-08
5.3612500e+02   1.4467144e-08  -2.3774319e-08
5.3616667e+02   1.3963845e-08  -2.3367826e-08
5.3620833e+02   1.3520414e-08  -2.3137629e-08
5.3625000e+02   1.3136853e-08  -2.3083727e-08
5.3629167e+02   1.2813162e-08  -2.3206121e-08
5.3633333e+02   1.2549339e-08  -2.3504811e-08
5.3637500e+02   1.2345386e-08  -2.3979795e-08
5.3641667e+02   1.2201302e-08  -2.4631076e-08
5.3645833e+02   1.2117088e-08  -2.5458651e-08
5.3650000e+02   1.2092743e-08  -2.6462522e-08
5.3654167e+02   1.2095837e-08  -2.7547196e-08
5.3658333e+02   1.2098932e-08  -2.8631869e-08
5.3662500e+02   1.2102027e-08  -2.9716542e-08
5.3666667e+02   1.2105122e-08  -3.0801215e-08
5.3670833e+02   1.2108216e-08  -3.1885888e-08
5.3675000e+02   1.2111311e-08  -3.2970562e-08
5.3679167e+02   1.2114406e-08  -3.4055235e-08
5.3683333e+02   1.2117501e-08  -3.5139908e-08
5.3687500e+02   1.2120595e-08  -3.6224581e-08
5.3691667e+02   1.2123690e-08  -3.7309254e-08
5.3695833e+02   1.2126785e-08  -3.8393928e-08
5.3700000e+02   1.2129880e-08  -3.9478601e-08
5.3704167e+02   1.2132975e-08  -4.0563274e-08
5.3708333e+02   1.2136069e-08  -4.1647947e-08
5.3712500e+02   1.2139164e-08  -4.2732620e-08
5.3716667e+02   1.2142259e-08  -4.3817293e-08
5.3720833e+02   1.2145354e-08  -4.4901967e-08
5.3725000e+02   1.2148448e-08  -4.5986640e-08
5.3729167e+02   1.2151543e-08  -4.7071313e-08
5.3733333e+02   1.2154638e-08  -4.8155986e-08
5.3737500e+02   1.2157733e-08  -4.9240659e-08
5.3741667e+02   1.2160828e-08  -5.0325333e-08
5.3745833e+02   1.2163922e-08  -5.1410006e-08
5.3750000e+02   1.2167017e-08  -5.2494679e-08
5.3754167e+02   1.2170112e-08  -5.3579352e-08
5.3758333e+02   1.2173207e-08  -5.4664025e-08
5.3762500e+02   1.2176301e-08  -5.5748699e-08
5.3766667e+02   1.2179396e-08  -5.6833372e-08
5.3770833e+02   1.2182491e-08  -5.7918045e-08
5.3775000e+02   1.2185586e-08  -5.9002718e-08
5.3779167e+02   1.2188681e-08  -6.0087391e-08
5.3783333e+02   1.2191775e-08  -6.1172065e-08
5.3787500e+02   1.2194870e-08  -6.2256738e-08
5.3791667e+02   1.2197965e-08  -6.3341411e-08
5.3795833e+02   1.2201060e-08  -6.4426084e-08
5.3800000e+02   1.2204154e-08  -6.5510757e-08
5.3804167e+02   1.2247652e-08  -6.6532688e-08
5.3808333e+02   1.2350277e-08  -6.7462800e-08
5.3812500e+02   1.2512029e-08  -6.8301094e-08
5.3816667e+02   1.2732907e-08  -6.9047570e-08
5.3820833e+02   1.3012913e-08  -6.9702227e-08
5.3825000e+02   1.3352044e-08  -7.0265066e-08
5.3829167e+02   1.3750303e-08  -7.0736087e-08
5.3833333e+02   1.4207689e-08  -7.1115289e-08
5.3837500e+02   1.4724201e-08  -7.1402673e-08
5.3841667e+02   1.5299840e-08  -7.1598239e-08
5.3845833e+02   1.5934606e-08  -7.1701986e-08
5.3850000e+02   1.6628499e-08  -7.1713915e-08
5.3854167e+02   1.7341115e-08  -7.1696768e-08
5.3858333e+02   1.8053731e-08  -7.1679622e-08
5.3862500e+02   1.8766347e-08  -7.1662475e-08
5.3866667e+02   1.9478963e-08  -7.1645328e-08
5.3870833e+02   2.0191579e-08  -7.1628181e-08
5.3875000e+02   2.0904195e-08  -7.1611034e-08
5.3879167e+02   2.1616811e-08  -7.1593888e-08
5.3883333e+02   2.2329427e-08  -7.1576741e-08
5.3887500e+02   2.3042043e-08  -7.1559594e-08
5.3891667e+02   2.3754660e-08  -7.1542447e-08
5.3895833e+02   2.4467276e-08  -7.1525300e-08
5.3900000e+02   2.5179892e-08  -7.1508153e-08
5.3904167e+02   2.5892508e-08  -7.1491007e-08
5.3908333e+02   2.6605124e-08  -7.1473860e-08
5.3912500e+02   2.7317740e-08  -7.1456713e-08
5.3916667e+02   2.8030356e-08  -7.1439566e-08
5.3920833e+02   2.8742972e-08  -7.1422419e-08
5.3925000e+02   2.9455588e-08  -7.1405273e-08
5.3929167e+02   3.0168204e-08  -7.1388126e-08
5.3933333e+02   3.0880821e-08  -7.1370979e-08
5.3937500e+02   3.1593437e-08  -7.1353832e-08
5.3941667e+02   3.2306053e-08  -7.1336685e-08
5.3945833e+02   3.3018669e-08  -7.1319538e-08
5.3950000e+02   3.3731285e-08  -7.1302392e-08
5.3954167e+02   3.4454762e-08  -7.1224996e-08
5.3958333e+02   3.5196856e-08  -7.1044317e-08
5.3962500e+02   3.5957569e-08  -7.0760355e-08
5.3966667e+02   3.6736900e-08  -7.0373108e-08
5.3970833e+02   3.7534848e-08  -6.9882579e-08
5.3975000e+02   3.8351415e-08  -6.9288766e-08
5.3979167e+02   3.9186600e-08  -6.8591669e-08
5.3983333e+02   4.0040403e-08  -6.7791289e-08
5.3987500e+02   4.0912824e-08  -6.6887626e-08
5.3991667e+02   4.1803863e-08  -6.5880679e-08
5.3995833e+02   4.2713520e-08  -6.4770448e-08
5.4000000e+02   4.3641795e-08  -6.3556934e-08
5.4004167e+02   4.4577827e-08  -6.2300385e-08
5.4008333e+02   4.5513860e-08  -6.1043836e-08
5.4012500e+02   4.6449892e-08  -5.9787287e-08
5.4016667e+02   4.7385925e-08  -5.8530738e-08
5.4020833e+02   4.8321957e-08  -5.7274190e-08
5.4025000e+02   4.9257990e-08  -5.6017641e-08
5.4029167e+02   5.0194022e-08  -5.4761092e-08
5.4033333e+02   5.1130055e-08  -5.3504543e-08
5.4037500e+02   5.2066087e-08  -5.2247994e-08
5.4041667e+02   5.3002120e-08  -5.0991445e-08
5.4045833e+02   5.3938152e-08  -4.9734896e-08
5.4050000e+02   5.4874185e-08  -4.8478347e-08
5.4054167e+02   5.5810217e-08  -4.7221798e-08
5.4058333e+02   5.6746250e-08  -4.5965250e-08
5.4062500e+02   5.7682282e-08  -4.4708701e-08
5.4066667e+02   5.8618315e-08  -4.3452152e-08
5.4070833e+02   5.9554347e-08  -4.2195603e-08
5.4075000e+02   6.0490380e-08  -4.0939054e-08
5.4079167e+02   6.1426412e-08  -3.9682505e-08
5.4083333e+02   6.2362445e-08  -3.8425956e-08
5.4087500e+02   6.3298477e-08  -3.7169407e-08
5.4091667e+02   6.4234510e-08  -3.5912859e-08
5.4095833e+02   6.5170542e-08  -3.4656310e-08
5.4100000e+02   6.6106575e-08  -3.3399761e-08
5.4104167e+02   6.7022997e-08  -3.2205881e-08
5.4108333e+02   6.7898847e-08  -3.1141662e-08
5.4112500e+02   6.8734124e-08  -3.0207104e-08
5.4116667e+02   6.9528829e-08  -2.9402207e-08
5.4120833e+02   7.0282961e-08  -2.8726970e-08
5.4125000e+02   7.0996520e-08  -2.8181394e-08
5.4129167e+02   7.1669507e-08  -2.7765479e-08
5.4133333e+02   7.2301921e-08  -2.7479224e-08
5.4137500e+02   7.2893763e-08  -2.7322630e-08
5.4141667e+02   7.3445032e-08  -2.7295697e-08
5.4145833e+02   7.3955728e-08  -2.7398424e-08
5.4150000e+02   7.4425852e-08  -2.7630812e-08
5.4154167e+02   7.4875014e-08  -2.7930191e-08
5.4158333e+02   7.5324175e-08  -2.8229571e-08
5.4162500e+02   7.5773336e-08  -2.8528950e-08
5.4166667e+02   7.6222498e-08  -2.8828330e-08
5.4170833e+02   7.6671659e-08  -2.9127709e-08
5.4175000e+02   7.7120820e-08  -2.9427089e-08
5.4179167e+02   7.7569982e-08  -2.9726468e-08
5.4183333e+02   7.8019143e-08  -3.0025848e-08
5.4187500e+02   7.8468305e-08  -3.0325227e-08
5.4191667e+02   7.8917466e-08  -3.0624606e-08
5.4195833e+02   7.9366627e-08  -3.0923986e-08
5.4200000e+02   7.9815789e-08  -3.1223365e-08
5.4204167e+02   8.0264950e-08  -3.1522745e-08
5.4208333e+02   8.0714111e-08  -3.1822124e-08
5.4212500e+02   8.1163273e-08  -3.2121504e-08
5.4216667e+02   8.1612434e-08  -3.2420883e-08
5.4220833e+02   8.2061595e-08  -3.2720263e-08
5.4225000e+02   8.2510757e-08  -3.3019642e-08
5.4229167e+02   8.2959918e-08  -3.3319022e-08
5.4233333e+02   8.3409080e-08  -3.3618401e-08
5.4237500e+02   8.3858241e-08  -3.3917780e-08
5.4241667e+02   8.4307402e-08  -3.4217160e-08
5.4245833e+02   8.4756564e-08  -3.4516539e-08
5.4250000e+02   8.5205725e-08  -3.4815919e-08
5.4254167e+02   8.5665147e-08  -3.5124121e-08
5.4258333e+02   8.6151335e-08  -3.5455339e-08
5.4262500e+02   8.6664289e-08  -3.5809572e-08
5.4266667e+02   8.7204009e-08  -3.6186821e-08
5.4270833e+02   8.7770495e-08  -3.6587086e-08
5.4275000e+02   8.8363747e-08  -3.7010366e-08
5.4279167e+02   8.8983766e-08  -3.7456662e-08
5.4283333e+02   8.9630550e-08  -3.7925974e-08
5.4287500e+02   9.0304101e-08  -3.8418302e-08
5.4291667e+02   9.1004418e-08  -3.8933645e-08
5.4295833e+02   9.1731501e-08  -3.9472003e-08
5.4300000e+02   9.2485350e-08  -4.0033378e-08
5.4304167e+02   9.3255705e-08  -4.0608945e-08
5.4308333e+02   9.4026060e-08  -4.1184512e-08
5.4312500e+02   9.4796414e-08  -4.1760080e-08
5.4316667e+02   9.5566769e-08  -4.2335647e-08
5.4320833e+02   9.6337124e-08  -4.2911215e-08
5.4325000e+02   9.7107479e-08  -4.3486782e-08
5.4329167e+02   9.7877834e-08  -4.4062349e-08
5.4333333e+02   9.8648189e-08  -4.4637917e-08
5.4337500e+02   9.9418544e-08  -4.5213484e-08
5.4341667e+02   1.0018890e-07  -4.5789051e-08
5.4345833e+02   1.0095925e-07  -4.6364619e-08
5.4350000e+02   1.0172961e-07  -4.6940186e-08
5.4354167e+02   1.0249996e-07  -4.7515753e-08
5.4358333e+02   1.0327032e-07  -4.8091321e-08
5.4362500e+02   1.0404067e-07  -4.8666888e-08
5.4366667e+02   1.0481103e-07  -4.9242455e-08
5.4370833e+02   1.0558138e-07  -4.9818023e-08
5.4375000e+02   1.0635174e-07  -5.0393590e-08
5.4379167e+02   1.0712209e-07  -5.0969158e-08
5.4383333e+02   1.0789245e-07  -5.1544725e-08
5.4387500e+02   1.0866280e-07  -5.2120292e-08
5.4391667e+02   1.0943316e-07  -5.2695860e-08
5.4395833e+02   1.1020351e-07  -5.3271427e-08
5.4400000e+02   1.1097387e-07  -5.3846994e-08
5.4404167e+02   1.1170374e-07  -5.4451970e-08
5.4408333e+02   1.1228641e-07  -5.5163886e-08
5.4412500e+02   1.1272188e-07  -5.5982742e-08
5.4416667e+02   1.1301015e-07  -5.6908538e-08
5.4420833e+02   1.1315122e-07  -5.7941274e-08
5.4425000e+02   1.1314508e-07  -5.9080950e-08
5.4429167e+02   1.1299174e-07  -6.0327567e-08
5.4433333e+02   1.1269120e-07  -6.1681123e-08
5.4437500e+02   1.1224346e-07  -6.3141619e-08
5.4441667e+02   1.1164852e-07  -6.4709056e-08
5.4445833e+02   1.1090637e-07  -6.6383432e-08
5.4450000e+02   1.1001702e-07  -6.8164748e-08
5.4454167e+02   1.0902095e-07  -7.0023596e-08
5.4458333e+02   1.0802488e-07  -7.1882444e-08
5.4462500e+02   1.0702881e-07  -7.3741292e-08
5.4466667e+02   1.0603274e-07  -7.5600140e-08
5.4470833e+02   1.0503667e-07  -7.7458988e-08
5.4475000e+02   1.0404060e-07  -7.9317836e-08
5.4479167e+02   1.0304454e-07  -8.1176684e-08
5.4483333e+02   1.0204847e-07  -8.3035532e-08
5.4487500e+02   1.0105240e-07  -8.4894380e-08
5.4491667e+02   1.0005633e-07  -8.6753228e-08
5.4495833e+02   9.9060256e-08  -8.8612076e-08
5.4500000e+02   9.8064187e-08  -9.0470925e-08
5.4504167e+02   9.7068117e-08  -9.2329773e-08
5.4508333e+02   9.6072047e-08  -9.4188621e-08
5.4512500e+02   9.5075978e-08  -9.6047469e-08
5.4516667e+02   9.4079908e-08  -9.7906317e-08
5.4520833e+02   9.3083838e-08  -9.9765165e-08
5.4525000e+02   9.2087768e-08  -1.0162401e-07
5.4529167e+02   9.1091699e-08  -1.0348286e-07
5.4533333e+02   9.0095629e-08  -1.0534171e-07
5.4537500e+02   8.9099559e-08  -1.0720056e-07
5.4541667e+02   8.8103490e-08  -1.0905940e-07
5.4545833e+02   8.7107420e-08  -1.1091825e-07
5.4550000e+02   8.6111350e-08  -1.1277710e-07
5.4554167e+02   8.5167802e-08  -1.1467578e-07
5.4558333e+02   8.4539380e-08  -1.1681343e-07
5.4562500e+02   8.4226085e-08  -1.1919005e-07
5.4566667e+02   8.4227917e-08  -1.2180565e-07
5.4570833e+02   8.4544875e-08  -1.2466022e-07
5.4575000e+02   8.5176960e-08  -1.2775377e-07
5.4579167e+02   8.6124172e-08  -1.3108629e-07
5.4583333e+02   8.7386511e-08  -1.3465779e-07
5.4587500e+02   8.8963976e-08  -1.3846825e-07
5.4591667e+02   9.0856569e-08  -1.4251770e-07
5.4595833e+02   9.3064288e-08  -1.4680611e-07
5.4600000e+02   9.5587134e-08  -1.5133350e-07
5.4604167e+02   9.8372585e-08  -1.5606004e-07
5.4608333e+02   1.0115804e-07  -1.6078657e-07
5.4612500e+02   1.0394349e-07  -1.6551311e-07
5.4616667e+02   1.0672894e-07  -1.7023964e-07
5.4620833e+02   1.0951439e-07  -1.7496618e-07
5.4625000e+02   1.1229984e-07  -1.7969271e-07
5.4629167e+02   1.1508529e-07  -1.8441924e-07
5.4633333e+02   1.1787075e-07  -1.8914578e-07
5.4637500e+02   1.2065620e-07  -1.9387231e-07
5.4641667e+02   1.2344165e-07  -1.9859885e-07
5.4645833e+02   1.2622710e-07  -2.0332538e-07
5.4650000e+02   1.2901255e-07  -2.0805192e-07
5.4654167e+02   1.3179800e-07  -2.1277845e-07
5.4658333e+02   1.3458345e-07  -2.1750499e-07
5.4662500e+02   1.3736891e-07  -2.2223152e-07
5.4666667e+02   1.4015436e-07  -2.2695806e-07
5.4670833e+02   1.4293981e-07  -2.3168459e-07
5.4675000e+02   1.4572526e-07  -2.3641113e-07
5.4679167e+02   1.4851071e-07  -2.4113766e-07
5.4683333e+02   1.5129616e-07  -2.4586420e-07
5.4687500e+02   1.5408161e-07  -2.5059073e-07
5.4691667e+02   1.5686707e-07  -2.5531727e-07
5.4695833e+02   1.5965252e-07  -2.6004380e-07
5.4700000e+02   1.6243797e-07  -2.6477033e-07
5.4704167e+02   1.6519180e-07  -2.6941686e-07
5.4708333e+02   1.6740351e-07  -2.7269186e-07
5.4712500e+02   1.6907310e-07  -2.7459532e-07
5.4716667e+02   1.7020058e-07  -2.7512725e-07
5.4720833e+02   1.7078593e-07  -2.7428765e-07
5.4725000e+02   1.7082918e-07  -2.7207652e-07
5.4729167e+02   1.7033030e-07  -2.6849385e-07
5.4733333e+02   1.6928931e-07  -2.6353965e-07
5.4737500e+02   1.6770619e-07  -2.5721392e-07
5.4741667e+02   1.6558097e-07  -2.4951665e-07
5.4745833e+02   1.6291362e-07  -2.4044786e-07
5.4750000e+02   1.5970416e-07  -2.3000753e-07
5.4754167e+02   1.5598420e-07  -2.1827567e-07
5.4758333e+02   1.5226425e-07  -2.0654381e-07
5.4762500e+02   1.4854429e-07  -1.9481196e-07
5.4766667e+02   1.4482433e-07  -1.8308010e-07
5.4770833e+02   1.4110437e-07  -1.7134824e-07
5.4775000e+02   1.3738442e-07  -1.5961639e-07
5.4779167e+02   1.3366446e-07  -1.4788453e-07
5.4783333e+02   1.2994450e-07  -1.3615267e-07
5.4787500e+02   1.2622455e-07  -1.2442082e-07
5.4791667e+02   1.2250459e-07  -1.1268896e-07
5.4795833e+02   1.1878463e-07  -1.0095710e-07
5.4800000e+02   1.1506468e-07  -8.9225245e-08
5.4804167e+02   1.1161691e-07  -7.8082853e-08
5.4808333e+02   1.0866404e-07  -6.8012214e-08
5.4812500e+02   1.0620605e-07  -5.9013328e-08
5.4816667e+02   1.0424296e-07  -5.1086195e-08
5.4820833e+02   1.0277476e-07  -4.4230816e-08
5.4825000e+02   1.0180146e-07  -3.8447190e-08
5.4829167e+02   1.0132304e-07  -3.3735317e-08
5.4833333e+02   1.0133952e-07  -3.0095198e-08
5.4837500e+02   1.0185089e-07  -2.7526832e-08
5.4841667e+02   1.0285715e-07  -2.6030219e-08
5.4845833e+02   1.0435830e-07  -2.5605359e-08
5.4850000e+02   1.0635434e-07  -2.6252252e-08
5.4854167e+02   1.0857309e-07  -2.7381435e-08
5.4858333e+02   1.1079183e-07  -2.8510618e-08
5.4862500e+02   1.1301057e-07  -2.9639800e-08
5.4866667e+02   1.1522932e-07  -3.0768983e-08
5.4870833e+02   1.1744806e-07  -3.1898165e-08
5.4875000e+02   1.1966681e-07  -3.3027348e-08
5.4879167e+02   1.2188555e-07  -3.4156530e-08
5.4883333e+02   1.2410430e-07  -3.5285713e-08
5.4887500e+02   1.2632304e-07  -3.6414896e-08
5.4891667e+02   1.2854179e-07  -3.7544078e-08
5.4895833e+02   1.3076053e-07  -3.8673261e-08
5.4900000e+02   1.3297928e-07  -3.9802443e-08
5.4904167e+02   1.3519802e-07  -4.0931626e-08
5.4908333e+02   1.3741676e-07  -4.2060808e-08
5.4912500e+02   1.3963551e-07  -4.3189991e-08
5.4916667e+02   1.4185425e-07  -4.4319173e-08
5.4920833e+02   1.4407300e-07  -4.5448356e-08
5.4925000e+02   1.4629174e-07  -4.6577539e-08
5.4929167e+02   1.4851049e-07  -4.7706721e-08
5.4933333e+02   1.5072923e-07  -4.8835904e-08
5.4937500e+02   1.5294798e-07  -4.9965086e-08
5.4941667e+02   1.5516672e-07  -5.1094269e-08
5.4945833e+02   1.5738547e-07  -5.2223451e-08
5.4950000e+02   1.5960421e-07  -5.3352634e-08
5.4954167e+02   1.6182295e-07  -5.4481817e-08
5.4958333e+02   1.6404170e-07  -5.5610999e-08
5.4962500e+02   1.6626044e-07  -5.6740182e-08
5.4966667e+02   1.6847919e-07  -5.7869364e-08
5.4970833e+02   1.7069793e-07  -5.8998547e-08
5.4975000e+02   1.7291668e-07  -6.0127729e-08
5.4979167e+02   1.7513542e-07  -6.1256912e-08
5.4983333e+02   1.7735417e-07  -6.2386094e-08
5.4987500e+02   1.7957291e-07  -6.3515277e-08
5.4991667e+02   1.8179166e-07  -6.4644460e-08
5.4995833e+02   1.8401040e-07  -6.5773642e-08
5.5000000e+02   1.8622915e-07  -6.6902825e-08
5.5004167e+02   1.8844789e-07  -6.8032007e-08
5.5008333e+02   1.9066663e-07  -6.9161190e-08
5.5012500e+02   1.9288538e-07  -7.0290372e-08
5.5016667e+02   1.9510412e-07  -7.1419555e-08
5.5020833e+02   1.9732287e-07  -7.2548738e-08
5.5025000e+02   1.9954161e-07  -7.3677920e-08
5.5029167e+02   2.0176036e-07  -7.4807103e-08
5.5033333e+02   2.0397910e-07  -7.5936285e-08
5.5037500e+02   2.0619785e-07  -7.7065468e-08
5.5041667e+02   2.0841659e-07  -7.8194650e-08
5.5045833e+02   2.1063534e-07  -7.9323833e-08
5.5050000e+02   2.1285408e-07  -8.0453015e-08
5.5054167e+02   2.1507282e-07  -8.1582198e-08
5.5058333e+02   2.1729157e-07  -8.2711381e-08
5.5062500e+02   2.1951031e-07  -8.3840563e-08
5.5066667e+02   2.2172906e-07  -8.4969746e-08
5.5070833e+02   2.2394780e-07  -8.6098928e-08
5.5075000e+02   2.2616655e-07  -8.7228111e-08
5.5079167e+02   2.2838529e-07  -8.8357293e-08
5.5083333e+02   2.3060404e-07  -8.9486476e-08
5.5087500e+02   2.3282278e-07  -9.0615659e-08
5.5091667e+02   2.3504153e-07  -9.1744841e-08
5.5095833e+02   2.3726027e-07  -9.2874024e-08
5.5100000e+02   2.3947901e-07  -9.4003206e-08
5.5104167e+02   2.4151812e-07  -9.5096156e-08
5.5108333e+02   2.4303146e-07  -9.6083057e-08
5.5112500e+02   2.4401903e-07  -9.6963910e-08
5.5116667e+02   2.4448083e-07  -9.7738715e-08
5.5120833e+02   2.4441686e-07  -9.8407471e-08
5.5125000e+02   2.4382713e-07  -9.8970180e-08
5.5129167e+02   2.4271162e-07  -9.9426840e-08
5.5133333e+02   2.4107035e-07  -9.9777452e-08
5.5137500e+02   2.3890330e-07  -1.0002202e-07
5.5141667e+02   2.3621049e-07  -1.0016053e-07
5.5145833e+02   2.3299191e-07  -1.0019300e-07
5.5150000e+02   2.2924756e-07  -1.0011942e-07
5.5154167e+02   2.2515708e-07  -9.9976023e-08
5.5158333e+02   2.2106660e-07  -9.9832628e-08
5.5162500e+02   2.1697612e-07  -9.9689232e-08
5.5166667e+02   2.1288564e-07  -9.9545836e-08
5.5170833e+02   2.0879517e-07  -9.9402440e-08
5.5175000e+02   2.0470469e-07  -9.9259045e-08
5.5179167e+02   2.0061421e-07  -9.9115649e-08
5.5183333e+02   1.9652373e-07  -9.8972253e-08
5.5187500e+02   1.9243325e-07  -9.8828858e-08
5.5191667e+02   1.8834277e-07  -9.8685462e-08
5.5195833e+02   1.8425229e-07  -9.8542066e-08
5.5200000e+02   1.8016181e-07  -9.8398671e-08
5.5204167e+02   1.7607133e-07  -9.8255275e-08
5.5208333e+02   1.7198085e-07  -9.8111879e-08
5.5212500e+02   1.6789037e-07  -9.7968483e-08
5.5216667e+02   1.6379989e-07  -9.7825088e-08
5.5220833e+02   1.5970941e-07  -9.7681692e-08
5.5225000e+02   1.5561893e-07  -9.7538296e-08
5.5229167e+02   1.5152845e-07  -9.7394901e-08
5.5233333e+02   1.4743797e-07  -9.7251505e-08
5.5237500e+02   1.4334749e-07  -9.7108109e-08
5.5241667e+02   1.3925701e-07  -9.6964714e-08
5.5245833e+02   1.3516653e-07  -9.6821318e-08
5.5250000e+02   1.3107605e-07  -9.6677922e-08
5.5254167e+02   1.2698557e-07  -9.6534526e-08
5.5258333e+02   1.2289509e-07  -9.6391131e-08
5.5262500e+02   1.1880461e-07  -9.6247735e-08
5.5266667e+02   1.1471413e-07  -9.6104339e-08
5.5270833e+02   1.1062365e-07  -9.5960944e-08
5.5275000e+02   1.0653317e-07  -9.5817548e-08
5.5279167e+02   1.0244269e-07  -9.5674152e-08
5.5283333e+02   9.8352211e-08  -9.5530757e-08
5.5287500e+02   9.4261731e-08  -9.5387361e-08
5.5291667e+02   9.0171251e-08  -9.5243965e-08
5.5295833e+02   8.6080771e-08  -9.5100570e-08
5.5300000e+02   8.1990292e-08  -9.4957174e-08
5.5304167e+02   7.8061299e-08  -9.4803847e-08
5.5308333e+02   7.4466420e-08  -9.4629973e-08
5.5312500e+02   7.1205653e-08  -9.4435551e-08
5.5316667e+02   6.8278998e-08  -9.4220582e-08
5.5320833e+02   6.5686456e-08  -9.3985065e-08
5.5325000e+02   6.3428027e-08  -9.3729002e-08
5.5329167e+02   6.1503710e-08  -9.3452391e-08
5.5333333e+02   5.9913505e-08  -9.3155232e-08
5.5337500e+02   5.8657413e-08  -9.2837526e-08
5.5341667e+02   5.7735434e-08  -9.2499273e-08
5.5345833e+02   5.7147567e-08  -9.2140472e-08
5.5350000e+02   5.6893812e-08  -9.1761124e-08
5.5354167e+02   5.6812683e-08  -9.1371160e-08
5.5358333e+02   5.6731553e-08  -9.0981196e-08
5.5362500e+02   5.6650423e-08  -9.0591232e-08
5.5366667e+02   5.6569294e-08  -9.0201268e-08
5.5370833e+02   5.6488164e-08  -8.9811304e-08
5.5375000e+02   5.6407034e-08  -8.9421339e-08
5.5379167e+02   5.6325905e-08  -8.9031375e-08
5.5383333e+02   5.6244775e-08  -8.8641411e-08
5.5387500e+02   5.6163645e-08  -8.8251447e-08
5.5391667e+02   5.6082516e-08  -8.7861483e-08
5.5395833e+02   5.6001386e-08  -8.7471519e-08
5.5400000e+02   5.5920257e-08  -8.7081555e-08
5.5404167e+02   5.5839127e-08  -8.6691590e-08
5.5408333e+02   5.5757997e-08  -8.6301626e-08
5.5412500e+02   5.5676868e-08  -8.5911662e-08
5.5416667e+02   5.5595738e-08  -8.5521698e-08
5.5420833e+02   5.5514608e-08  -8.5131734e-08
5.5425000e+02   5.5433479e-08  -8.4741770e-08
5.5429167e+02   5.5352349e-08  -8.4351806e-08
5.5433333e+02   5.5271219e-08  -8.3961841e-08
5.5437500e+02   5.5190090e-08  -8.3571877e-08
5.5441667e+02   5.5108960e-08  -8.3181913e-08
5.5445833e+02   5.5027830e-08  -8.2791949e-08
5.5450000e+02   5.4946701e-08  -8.2401985e-08
5.5454167e+02   5.4865571e-08  -8.2012021e-08
5.5458333e+02   5.4784441e-08  -8.1622057e-08
5.5462500e+02   5.4703312e-08  -8.1232092e-08
5.5466667e+02   5.4622182e-08  -8.0842128e-08
5.5470833e+02   5.4541052e-08  -8.0452164e-08
5.5475000e+02   5.4459923e-08  -8.0062200e-08
5.5479167e+02   5.4378793e-08  -7.9672236e-08
5.5483333e+02   5.4297663e-08  -7.9282272e-08
5.5487500e+02   5.4216534e-08  -7.8892308e-08
5.5491667e+02   5.4135404e-08  -7.8502343e-08
5.5495833e+02   5.4054275e-08  -7.8112379e-08
5.5500000e+02   5.3973145e-08  -7.7722415e-08
5.5504167e+02   5.3871813e-08  -7.7318415e-08
5.5508333e+02   5.3738159e-08  -7.6891958e-08
5.5512500e+02   5.3572182e-08  -7.6443043e-08
5.5516667e+02   5.3373882e-08  -7.5971672e-08
5.5520833e+02   5.3143259e-08  -7.5477843e-08
5.5525000e+02   5.2880314e-08  -7.4961556e-08
5.5529167e+02   5.2585045e-08  -7.4422813e-08
5.5533333e+02   5.2257454e-08  -7.3861612e-08
5.5537500e+02   5.1897540e-08  -7.3277954e-08
5.5541667e+02   5.1505303e-08  -7.2671838e-08
5.5545833e+02   5.1080743e-08  -7.2043266e-08
5.5550000e+02   5.0623860e-08  -7.1392236e-08
5.5554167e+02   5.0154857e-08  -7.0732784e-08
5.5558333e+02   4.9685853e-08  -7.0073333e-08
5.5562500e+02   4.9216849e-08  -6.9413881e-08
5.5566667e+02   4.8747846e-08  -6.8754430e-08
5.5570833e+02   4.8278842e-08  -6.8094978e-08
5.5575000e+02   4.7809838e-08  -6.7435527e-08
5.5579167e+02   4.7340834e-08  -6.6776076e-08
5.5583333e+02   4.6871831e-08  -6.6116624e-08
5.5587500e+02   4.6402827e-08  -6.5457173e-08
5.5591667e+02   4.5933823e-08  -6.4797721e-08
5.5595833e+02   4.5464819e-08  -6.4138270e-08
5.5600000e+02   4.4995816e-08  -6.3478818e-08
5.5604167e+02   4.4526812e-08  -6.2819367e-08
5.5608333e+02   4.4057808e-08  -6.2159915e-08
5.5612500e+02   4.3588805e-08  -6.1500464e-08
5.5616667e+02   4.3119801e-08  -6.0841012e-08
5.5620833e+02   4.2650797e-08  -6.0181561e-08
5.5625000e+02   4.2181793e-08  -5.9522110e-08
5.5629167e+02   4.1712790e-08  -5.8862658e-08
5.5633333e+02   4.1243786e-08  -5.8203207e-08
5.5637500e+02   4.0774782e-08  -5.7543755e-08
5.5641667e+02   4.0305779e-08  -5.6884304e-08
5.5645833e+02   3.9836775e-08  -5.6224852e-08
5.5650000e+02   3.9367771e-08  -5.5565401e-08
5.5654167e+02   3.8935553e-08  -5.4964132e-08
5.5658333e+02   3.8574532e-08  -5.4475474e-08
5.5662500e+02   3.8284709e-08  -5.4099427e-08
5.5666667e+02   3.8066084e-08  -5.3835991e-08
5.5670833e+02   3.7918657e-08  -5.3685166e-08
5.5675000e+02   3.7842427e-08  -5.3646952e-08
5.5679167e+02   3.7837394e-08  -5.3721349e-08
5.5683333e+02   3.7903560e-08  -5.3908357e-08
5.5687500e+02   3.8040923e-08  -5.4207976e-08
5.5691667e+02   3.8249484e-08  -5.4620206e-08
5.5695833e+02   3.8529242e-08  -5.5145047e-08
5.5700000e+02   3.8880198e-08  -5.5782499e-08
5.5704167e+02   3.9265567e-08  -5.6474380e-08
5.5708333e+02   3.9650935e-08  -5.7166261e-08
5.5712500e+02   4.0036304e-08  -5.7858141e-08
5.5716667e+02   4.0421672e-08  -5.8550022e-08
5.5720833e+02   4.0807040e-08  -5.9241903e-08
5.5725000e+02   4.1192409e-08  -5.9933784e-08
5.5729167e+02   4.1577777e-08  -6.0625665e-08
5.5733333e+02   4.1963145e-08  -6.1317545e-08
5.5737500e+02   4.2348514e-08  -6.2009426e-08
5.5741667e+02   4.2733882e-08  -6.2701307e-08
5.5745833e+02   4.3119250e-08  -6.3393188e-08
5.5750000e+02   4.3504619e-08  -6.4085068e-08
5.5754167e+02   4.3889987e-08  -6.4776949e-08
5.5758333e+02   4.4275355e-08  -6.5468830e-08
5.5762500e+02   4.4660724e-08  -6.6160711e-08
5.5766667e+02   4.5046092e-08  -6.6852591e-08
5.5770833e+02   4.5431460e-08  -6.7544472e-08
5.5775000e+02   4.5816829e-08  -6.8236353e-08
5.5779167e+02   4.6202197e-08  -6.8928234e-08
5.5783333e+02   4.6587566e-08  -6.9620115e-08
5.5787500e+02   4.6972934e-08  -7.0311995e-08
5.5791667e+02   4.7358302e-08  -7.1003876e-08
5.5795833e+02   4.7743671e-08  -7.1695757e-08
5.5800000e+02   4.8129039e-08  -7.2387638e-08
5.5804167e+02   4.8466036e-08  -7.3053476e-08
5.5808333e+02   4.8686941e-08  -7.3656813e-08
5.5812500e+02   4.8791754e-08  -7.4197648e-08
5.5816667e+02   4.8780475e-08  -7.4675981e-08
5.5820833e+02   4.8653104e-08  -7.5091813e-08
5.5825000e+02   4.8409642e-08  -7.5445143e-08
5.5829167e+02   4.8050087e-08  -7.5735972e-08
5.5833333e+02   4.7574441e-08  -7.5964298e-08
5.5837500e+02   4.6982703e-08  -7.6130124e-08
5.5841667e+02   4.6274873e-08  -7.6233447e-08
5.5845833e+02   4.5450951e-08  -7.6274269e-08
5.5850000e+02   4.4510938e-08  -7.6252589e-08
5.5854167e+02   4.3503204e-08  -7.6194450e-08
5.5858333e+02   4.2495470e-08  -7.6136311e-08
5.5862500e+02   4.1487736e-08  -7.6078171e-08
5.5866667e+02   4.0480002e-08  -7.6020032e-08
5.5870833e+02   3.9472268e-08  -7.5961893e-08
5.5875000e+02   3.8464534e-08  -7.5903754e-08
5.5879167e+02   3.7456800e-08  -7.5845615e-08
5.5883333e+02   3.6449067e-08  -7.5787476e-08
5.5887500e+02   3.5441333e-08  -7.5729336e-08
5.5891667e+02   3.4433599e-08  -7.5671197e-08
5.5895833e+02   3.3425865e-08  -7.5613058e-08
5.5900000e+02   3.2418131e-08  -7.5554919e-08
5.5904167e+02   3.1410397e-08  -7.5496780e-08
5.5908333e+02   3.0402663e-08  -7.5438640e-08
5.5912500e+02   2.9394929e-08  -7.5380501e-08
5.5916667e+02   2.8387195e-08  -7.5322362e-08
5.5920833e+02   2.7379462e-08  -7.5264223e-08
5.5925000e+02   2.6371728e-08  -7.5206084e-08
5.5929167e+02   2.5363994e-08  -7.5147945e-08
5.5933333e+02   2.4356260e-08  -7.5089805e-08
5.5937500e+02   2.3348526e-08  -7.5031666e-08
5.5941667e+02   2.2340792e-08  -7.4973527e-08
5.5945833e+02   2.1333058e-08  -7.4915388e-08
5.5950000e+02   2.0325324e-08  -7.4857249e-08
5.5954167e+02   1.9396607e-08  -7.4787126e-08
5.5958333e+02   1.8717415e-08  -7.4679158e-08
5.5962500e+02   1.8287748e-08  -7.4533347e-08
5.5966667e+02   1.8107607e-08  -7.4349692e-08
5.5970833e+02   1.8176991e-08  -7.4128193e-08
5.5975000e+02   1.8495900e-08  -7.3868850e-08
5.5979167e+02   1.9064335e-08  -7.3571663e-08
5.5983333e+02   1.9882295e-08  -7.3236632e-08
5.5987500e+02   2.0949781e-08  -7.2863758e-08
5.5991667e+02   2.2266792e-08  -7.2453039e-08
5.5995833e+02   2.3833328e-08  -7.2004476e-08
5.6000000e+02   2.5649390e-08  -7.1518069e-08
5.6004167e+02   2.7635960e-08  -7.1005802e-08
5.6008333e+02   2.9622531e-08  -7.0493535e-08
5.6012500e+02   3.1609102e-08  -6.9981268e-08
5.6016667e+02   3.3595673e-08  -6.9469001e-08
5.6020833e+02   3.5582243e-08  -6.8956734e-08
5.6025000e+02   3.7568814e-08  -6.8444467e-08
5.6029167e+02   3.9555385e-08  -6.7932200e-08
5.6033333e+02   4.1541955e-08  -6.7419934e-08
5.6037500e+02   4.3528526e-08  -6.6907667e-08
5.6041667e+02   4.5515097e-08  -6.6395400e-08
5.6045833e+02   4.7501668e-08  -6.5883133e-08
5.6050000e+02   4.9488238e-08  -6.5370866e-08
5.6054167e+02   5.1474809e-08  -6.4858599e-08
5.6058333e+02   5.3461380e-08  -6.4346332e-08
5.6062500e+02   5.5447951e-08  -6.3834065e-08
5.6066667e+02   5.7434521e-08  -6.3321798e-08
5.6070833e+02   5.9421092e-08  -6.2809531e-08
5.6075000e+02   6.1407663e-08  -6.2297264e-08
5.6079167e+02   6.3394234e-08  -6.1784998e-08
5.6083333e+02   6.5380804e-08  -6.1272731e-08
5.6087500e+02   6.7367375e-08  -6.0760464e-08
5.6091667e+02   6.9353946e-08  -6.0248197e-08
5.6095833e+02   7.1340516e-08  -5.9735930e-08
5.6100000e+02   7.3327087e-08  -5.9223663e-08
5.6104167e+02   7.5237434e-08  -5.8711334e-08
5.6108333e+02   7.6781907e-08  -5.8198707e-08
5.6112500e+02   7.7960505e-08  -5.7685782e-08
5.6116667e+02   7.8773229e-08  -5.7172559e-08
5.6120833e+02   7.9220079e-08  -5.6659038e-08
5.6125000e+02   7.9301055e-08  -5.6145218e-08
5.6129167e+02   7.9016157e-08  -5.5631101e-08
5.6133333e+02   7.8365384e-08  -5.5116686e-08
5.6137500e+02   7.7348737e-08  -5.4601973e-08
5.6141667e+02   7.5966216e-08  -5.4086961e-08
5.6145833e+02   7.4217820e-08  -5.3571652e-08
5.6150000e+02   7.2103550e-08  -5.3056045e-08
5.6154167e+02   6.9699630e-08  -5.2540201e-08
5.6158333e+02   6.7295710e-08  -5.2024358e-08
5.6162500e+02   6.4891790e-08  -5.1508515e-08
5.6166667e+02   6.2487870e-08  -5.0992672e-08
5.6170833e+02   6.0083949e-08  -5.0476828e-08
5.6175000e+02   5.7680029e-08  -4.9960985e-08
5.6179167e+02   5.5276109e-08  -4.9445142e-08
5.6183333e+02   5.2872189e-08  -4.8929298e-08
5.6187500e+02   5.0468269e-08  -4.8413455e-08
5.6191667e+02   4.8064348e-08  -4.7897612e-08
5.6195833e+02   4.5660428e-08  -4.7381768e-08
5.6200000e+02   4.3256508e-08  -4.6865925e-08
5.6204167e+02   4.0953254e-08  -4.6351842e-08
5.6208333e+02   3.8795543e-08  -4.5840303e-08
5.6212500e+02   3.6783373e-08  -4.5331308e-08
5.6216667e+02   3.4916745e-08  -4.4824858e-08
5.6220833e+02   3.3195660e-08  -4.4320953e-08
5.6225000e+02   3.1620116e-08  -4.3819591e-08
5.6229167e+02   3.0190114e-08  -4.3320775e-08
5.6233333e+02   2.8905655e-08  -4.2824502e-08
5.6237500e+02   2.7766737e-08  -4.2330775e-08
5.6241667e+02   2.6773361e-08  -4.1839591e-08
5.6245833e+02   2.5925528e-08  -4.1350952e-08
5.6250000e+02   2.5223236e-08  -4.0864858e-08
5.6254167e+02   2.4565820e-08  -4.0379548e-08
5.6258333e+02   2.3908403e-08  -3.9894238e-08
5.6262500e+02   2.3250987e-08  -3.9408928e-08
5.6266667e+02   2.2593571e-08  -3.8923618e-08
5.6270833e+02   2.1936155e-08  -3.8438308e-08
5.6275000e+02   2.1278738e-08  -3.7952998e-08
5.6279167e+02   2.0621322e-08  -3.7467688e-08
5.6283333e+02   1.9963906e-08  -3.6982378e-08
5.6287500e+02   1.9306490e-08  -3.6497068e-08
5.6291667e+02   1.8649073e-08  -3.6011758e-08
5.6295833e+02   1.7991657e-08  -3.5526448e-08
5.6300000e+02   1.7334241e-08  -3.5041138e-08
5.6304167e+02   1.6676824e-08  -3.4555828e-08
5.6308333e+02   1.6019408e-08  -3.4070519e-08
5.6312500e+02   1.5361992e-08  -3.3585209e-08
5.6316667e+02   1.4704576e-08  -3.3099899e-08
5.6320833e+02   1.4047159e-08  -3.2614589e-08
5.6325000e+02   1.3389743e-08  -3.2129279e-08
5.6329167e+02   1.2732327e-08  -3.1643969e-08
5.6333333e+02   1.2074911e-08  -3.1158659e-08
5.6337500e+02   1.1417494e-08  -3.0673349e-08
5.6341667e+02   1.0760078e-08  -3.0188039e-08
5.6345833e+02   1.0102662e-08  -2.9702729e-08
5.6350000e+02   9.4452456e-09  -2.9217419e-08
5.6354167e+02   8.8582716e-09  -2.8775950e-08
5.6358333e+02   8.3920556e-09  -2.8409638e-08
5.6362500e+02   8.0465977e-09  -2.8118482e-08
5.6366667e+02   7.8218979e-09  -2.7902482e-08
5.6370833e+02   7.7179562e-09  -2.7761639e-08
5.6375000e+02   7.7347725e-09  -2.7695952e-08
5.6379167e+02   7.8723469e-09  -2.7705421e-08
5.6383333e+02   8.1306794e-09  -2.7790047e-08
5.6387500e+02   8.5097700e-09  -2.7949829e-08
5.6391667e+02   9.0096187e-09  -2.8184767e-08
5.6395833e+02   9.6302254e-09  -2.8494862e-08
5.6400000e+02   1.0371590e-08  -2.8880113e-08
5.6404167e+02   1.1163271e-08  -2.9296680e-08
5.6408333e+02   1.1954952e-08  -2.9713246e-08
5.6412500e+02   1.2746632e-08  -3.0129812e-08
5.6416667e+02   1.3538313e-08  -3.0546378e-08
5.6420833e+02   1.4329994e-08  -3.0962945e-08
5.6425000e+02   1.5121674e-08  -3.1379511e-08
5.6429167e+02   1.5913355e-08  -3.1796077e-08
5.6433333e+02   1.6705036e-08  -3.2212643e-08
5.6437500e+02   1.7496716e-08  -3.2629210e-08
5.6441667e+02   1.8288397e-08  -3.3045776e-08
5.6445833e+02   1.9080078e-08  -3.3462342e-08
5.6450000e+02   1.9871758e-08  -3.3878909e-08
5.6454167e+02   2.0663439e-08  -3.4295475e-08
5.6458333e+02   2.1455120e-08  -3.4712041e-08
5.6462500e+02   2.2246800e-08  -3.5128607e-08
5.6466667e+02   2.3038481e-08  -3.5545174e-08
5.6470833e+02   2.3830162e-08  -3.5961740e-08
5.6475000e+02   2.4621842e-08  -3.6378306e-08
5.6479167e+02   2.5413523e-08  -3.6794872e-08
5.6483333e+02   2.6205204e-08  -3.7211439e-08
5.6487500e+02   2.6996885e-08  -3.7628005e-08
5.6491667e+02   2.7788565e-08  -3.8044571e-08
5.6495833e+02   2.8580246e-08  -3.8461138e-08
5.6500000e+02   2.9371927e-08  -3.8877704e-08
5.6504167e+02   3.0163607e-08  -3.9294270e-08
5.6508333e+02   3.0955288e-08  -3.9710836e-08
5.6512500e+02   3.1746969e-08  -4.0127403e-08
5.6516667e+02   3.2538649e-08  -4.0543969e-08
5.6520833e+02   3.3330330e-08  -4.0960535e-08
5.6525000e+02   3.4122011e-08  -4.1377101e-08
5.6529167e+02   3.4913691e-08  -4.1793668e-08
5.6533333e+02   3.5705372e-08  -4.2210234e-08
5.6537500e+02   3.6497053e-08  -4.2626800e-08
5.6541667e+02   3.7288733e-08  -4.3043367e-08
5.6545833e+02   3.8080414e-08  -4.3459933e-08
5.6550000e+02   3.8872095e-08  -4.3876499e-08
5.6554167e+02   3.9663775e-08  -4.4293065e-08
5.6558333e+02   4.0455456e-08  -4.4709632e-08
5.6562500e+02   4.1247137e-08  -4.5126198e-08
5.6566667e+02   4.2038817e-08  -4.5542764e-08
5.6570833e+02   4.2830498e-08  -4.5959330e-08
5.6575000e+02   4.3622179e-08  -4.6375897e-08
5.6579167e+02   4.4413860e-08  -4.6792463e-08
5.6583333e+02   4.5205540e-08  -4.7209029e-08
5.6587500e+02   4.5997221e-08  -4.7625596e-08
5.6591667e+02   4.6788902e-08  -4.8042162e-08
5.6595833e+02   4.7580582e-08  -4.8458728e-08
5.6600000e+02   4.8372263e-08  -4.8875294e-08
5.6604167e+02   4.9153137e-08  -4.9288885e-08
5.6608333e+02   4.9852964e-08  -4.9680158e-08
5.6612500e+02   5.0471744e-08  -5.0049113e-08
5.6616667e+02   5.1009476e-08  -5.0395750e-08
5.6620833e+02   5.1466161e-08  -5.0720070e-08
5.6625000e+02   5.1841798e-08  -5.1022072e-08
5.6629167e+02   5.2136388e-08  -5.1301756e-08
5.6633333e+02   5.2349931e-08  -5.1559123e-08
5.6637500e+02   5.2482426e-08  -5.1794172e-08
5.6641667e+02   5.2533874e-08  -5.2006903e-08
5.6645833e+02   5.2504275e-08  -5.2197316e-08
5.6650000e+02   5.2393628e-08  -5.2365412e-08
5.6654167e+02   5.2212740e-08  -5.2514166e-08
5.6658333e+02   5.2031852e-08  -5.2662919e-08
5.6662500e+02   5.1850964e-08  -5.2811673e-08
5.6666667e+02   5.1670076e-08  -5.2960427e-08
5.6670833e+02   5.1489188e-08  -5.3109180e-08
5.6675000e+02   5.1308300e-08  -5.3257934e-08
5.6679167e+02   5.1127412e-08  -5.3406688e-08
5.6683333e+02   5.0946524e-08  -5.3555442e-08
5.6687500e+02   5.0765636e-08  -5.3704195e-08
5.6691667e+02   5.0584748e-08  -5.3852949e-08
5.6695833e+02   5.0403861e-08  -5.4001703e-08
5.6700000e+02   5.0222973e-08  -5.4150456e-08
5.6704167e+02   5.0042085e-08  -5.4299210e-08
5.6708333e+02   4.9861197e-08  -5.4447964e-08
5.6712500e+02   4.9680309e-08  -5.4596717e-08
5.6716667e+02   4.9499421e-08  -5.4745471e-08
5.6720833e+02   4.9318533e-08  -5.4894225e-08
5.6725000e+02   4.9137645e-08  -5.5042978e-08
5.6729167e+02   4.8956757e-08  -5.5191732e-08
5.6733333e+02   4.8775869e-08  -5.5340486e-08
5.6737500e+02   4.8594981e-08  -5.5489239e-08
5.6741667e+02   4.8414093e-08  -5.5637993e-08
5.6745833e+02   4.8233205e-08  -5.5786747e-08
5.6750000e+02   4.8052317e-08  -5.5935500e-08
5.6754167e+02   4.7871429e-08  -5.6084254e-08
5.6758333e+02   4.7690541e-08  -5.6233008e-08
5.6762500e+02   4.7509654e-08  -5.6381762e-08
5.6766667e+02   4.7328766e-08  -5.6530515e-08
5.6770833e+02   4.7147878e-08  -5.6679269e-08
5.6775000e+02   4.6966990e-08  -5.6828023e-08
5.6779167e+02   4.6786102e-08  -5.6976776e-08
5.6783333e+02   4.6605214e-08  -5.7125530e-08
5.6787500e+02   4.6424326e-08  -5.7274284e-08
5.6791667e+02   4.6243438e-08  -5.7423037e-08
5.6795833e+02   4.6062550e-08  -5.7571791e-08
5.6800000e+02   4.5881662e-08  -5.7720545e-08
5.6804167e+02   4.5688954e-08  -5.7857913e-08
5.6808333e+02   4.5453265e-08  -5.7953877e-08
5.6812500e+02   4.5174594e-08  -5.8008440e-08
5.6816667e+02   4.4852942e-08  -5.8021599e-08
5.6820833e+02   4.4488309e-08  -5.7993355e-08
5.6825000e+02   4.4080694e-08  -5.7923708e-08
5.6829167e+02   4.3630098e-08  -5.7812659e-08
5.6833333e+02   4.3136520e-08  -5.7660206e-08
5.6837500e+02   4.2599961e-08  -5.7466351e-08
5.6841667e+02   4.2020421e-08  -5.7231093e-08
5.6845833e+02   4.1397899e-08  -5.6954431e-08
5.6850000e+02   4.0732396e-08  -5.6636367e-08
5.6854167e+02   4.0035731e-08  -5.6288286e-08
5.6858333e+02   3.9339067e-08  -5.5940205e-08
5.6862500e+02   3.8642402e-08  -5.5592124e-08
5.6866667e+02   3.7945737e-08  -5.5244042e-08
5.6870833e+02   3.7249072e-08  -5.4895961e-08
5.6875000e+02   3.6552408e-08  -5.4547880e-08
5.6879167e+02   3.5855743e-08  -5.4199799e-08
5.6883333e+02   3.5159078e-08  -5.3851718e-08
5.6887500e+02   3.4462414e-08  -5.3503636e-08
5.6891667e+02   3.3765749e-08  -5.3155555e-08
5.6895833e+02   3.3069084e-08  -5.2807474e-08
5.6900000e+02   3.2372419e-08  -5.2459393e-08
5.6904167e+02   3.1677255e-08  -5.2122743e-08
5.6908333e+02   3.0984068e-08  -5.1801168e-08
5.6912500e+02   3.0292859e-08  -5.1494668e-08
5.6916667e+02   2.9603628e-08  -5.1203242e-08
5.6920833e+02   2.8916375e-08  -5.0926890e-08
5.6925000e+02   2.8231100e-08  -5.0665614e-08
5.6929167e+02   2.7547803e-08  -5.0419412e-08
5.6933333e+02   2.6866484e-08  -5.0188284e-08
5.6937500e+02   2.6187142e-08  -4.9972231e-08
5.6941667e+02   2.5509779e-08  -4.9771253e-08
5.6945833e+02   2.4834394e-08  -4.9585349e-08
5.6950000e+02   2.4160986e-08  -4.9414520e-08
5.6954167e+02   2.3488057e-08  -4.9247334e-08
5.6958333e+02   2.2815128e-08  -4.9080148e-08
5.6962500e+02   2.2142198e-08  -4.8912962e-08
5.6966667e+02   2.1469269e-08  -4.8745776e-08
5.6970833e+02   2.0796339e-08  -4.8578590e-08
5.6975000e+02   2.0123410e-08  -4.8411403e-08
5.6979167e+02   1.9450481e-08  -4.8244217e-08
5.6983333e+02   1.8777551e-08  -4.8077031e-08
5.6987500e+02   1.8104622e-08  -4.7909845e-08
5.6991667e+02   1.7431692e-08  -4.7742659e-08
5.6995833e+02   1.6758763e-08  -4.7575473e-08
5.7000000e+02   1.6085834e-08  -4.7408287e-08
5.7004167e+02   1.5412904e-08  -4.7241101e-08
5.7008333e+02   1.4739975e-08  -4.7073915e-08
5.7012500e+02   1.4067045e-08  -4.6906728e-08
5.7016667e+02   1.3394116e-08  -4.6739542e-08
5.7020833e+02   1.2721187e-08  -4.6572356e-08
5.7025000e+02   1.2048257e-08  -4.6405170e-08
5.7029167e+02   1.1375328e-08  -4.6237984e-08
5.7033333e+02   1.0702398e-08  -4.6070798e-08
5.7037500e+02   1.0029469e-08  -4.5903612e-08
5.7041667e+02   9.3565396e-09  -4.5736426e-08
5.7045833e+02   8.6836102e-09  -4.5569240e-08
5.7050000e+02   8.0106808e-09  -4.5402054e-08
5.7054167e+02   7.3867430e-09  -4.5347075e-08
5.7058333e+02   6.8372228e-09  -4.5462540e-08
5.7062500e+02   6.3621202e-09  -4.5748447e-08
5.7066667e+02   5.9614352e-09  -4.6204797e-08
5.7070833e+02   5.6351678e-09  -4.6831589e-08
5.7075000e+02   5.3833180e-09  -4.7628824e-08
5.7079167e+02   5.2058858e-09  -4.8596502e-08
5.7083333e+02   5.1028713e-09  -4.9734622e-08
5.7087500e+02   5.0742743e-09  -5.1043185e-08
5.7091667e+02   5.1200949e-09  -5.2522190e-08
5.7095833e+02   5.2403332e-09  -5.4171639e-08
5.7100000e+02   5.4349890e-09  -5.5991529e-08
5.7104167e+02   5.6550709e-09  -5.7869654e-08
5.7108333e+02   5.8751528e-09  -5.9747780e-08
5.7112500e+02   6.0952347e-09  -6.1625905e-08
5.7116667e+02   6.3153165e-09  -6.3504030e-08
5.7120833e+02   6.5353984e-09  -6.5382155e-08
5.7125000e+02   6.7554803e-09  -6.7260280e-08
5.7129167e+02   6.9755621e-09  -6.9138406e-08
5.7133333e+02   7.1956440e-09  -7.1016531e-08
5.7137500e+02   7.4157259e-09  -7.2894656e-08
5.7141667e+02   7.6358077e-09  -7.4772781e-08
5.7145833e+02   7.8558896e-09  -7.6650907e-08
5.7150000e+02   8.0759715e-09  -7.8529032e-08
5.7154167e+02   8.2960534e-09  -8.0407157e-08
5.7158333e+02   8.5161352e-09  -8.2285282e-08
5.7162500e+02   8.7362171e-09  -8.4163407e-08
5.7166667e+02   8.9562990e-09  -8.6041533e-08
5.7170833e+02   9.1763808e-09  -8.7919658e-08
5.7175000e+02   9.3964627e-09  -8.9797783e-08
5.7179167e+02   9.6165446e-09  -9.1675908e-08
5.7183333e+02   9.8366264e-09  -9.3554034e-08
5.7187500e+02   1.0056708e-08  -9.5432159e-08
5.7191667e+02   1.0276790e-08  -9.7310284e-08
5.7195833e+02   1.0496872e-08  -9.9188409e-08
5.7200000e+02   1.0716954e-08  -1.0106653e-07
5.7204167e+02   1.0970292e-08  -1.0274366e-07
5.7208333e+02   1.1283193e-08  -1.0406079e-07
5.7212500e+02   1.1655658e-08  -1.0501792e-07
5.7216667e+02   1.2087686e-08  -1.0561505e-07
5.7220833e+02   1.2579277e-08  -1.0585219e-07
5.7225000e+02   1.3130431e-08  -1.0572933e-07
5.7229167e+02   1.3741149e-08  -1.0524647e-07
5.7233333e+02   1.4411429e-08  -1.0440361e-07
5.7237500e+02   1.5141274e-08  -1.0320075e-07
5.7241667e+02   1.5930681e-08  -1.0163790e-07
5.7245833e+02   1.6779652e-08  -9.9715047e-08
5.7250000e+02   1.7688186e-08  -9.7432198e-08
5.7254167e+02   1.8623027e-08  -9.4990350e-08
5.7258333e+02   1.9557868e-08  -9.2548502e-08
5.7262500e+02   2.0492709e-08  -9.0106654e-08
5.7266667e+02   2.1427550e-08  -8.7664806e-08
5.7270833e+02   2.2362391e-08  -8.5222957e-08
5.7275000e+02   2.3297232e-08  -8.2781109e-08
5.7279167e+02   2.4232073e-08  -8.0339261e-08
5.7283333e+02   2.5166914e-08  -7.7897413e-08
5.7287500e+02   2.6101755e-08  -7.5455565e-08
5.7291667e+02   2.7036596e-08  -7.3013717e-08
5.7295833e+02   2.7971437e-08  -7.0571868e-08
5.7300000e+02   2.8906278e-08  -6.8130020e-08
5.7304167e+02   2.9841119e-08  -6.5688172e-08
5.7308333e+02   3.0775960e-08  -6.3246324e-08
5.7312500e+02   3.1710801e-08  -6.0804476e-08
5.7316667e+02   3.2645642e-08  -5.8362628e-08
5.7320833e+02   3.3612587e-08  -5.5944672e-08
5.7325000e+02   3.5129884e-08  -5.3936311e-08
5.7329167e+02   3.7197534e-08  -5.2337543e-08
5.7333333e+02   3.9815536e-08  -5.1148369e-08
5.7337500e+02   4.2983891e-08  -5.0368789e-08
5.7341667e+02   4.6702599e-08  -4.9998802e-08
5.7345833e+02   5.0971659e-08  -5.0038409e-08
5.7350000e+02   5.5791071e-08  -5.0487609e-08
5.7354167e+02   6.1160836e-08  -5.1346404e-08
5.7358333e+02   6.7080954e-08  -5.2614792e-08
5.7362500e+02   7.3551424e-08  -5.4292773e-08
5.7366667e+02   8.0572247e-08  -5.6380349e-08
5.7370833e+02   8.8111318e-08  -5.8853625e-08
5.7375000e+02   9.5650389e-08  -6.1326901e-08
5.7379167e+02   1.0318946e-07  -6.3800177e-08
5.7383333e+02   1.1072853e-07  -6.6273453e-08
5.7387500e+02   1.1826760e-07  -6.8746730e-08
5.7391667e+02   1.2580667e-07  -7.1220006e-08
5.7395833e+02   1.3334574e-07  -7.3693282e-08
5.7400000e+02   1.4088482e-07  -7.6166558e-08
5.7404167e+02   1.4842389e-07  -7.8639834e-08
5.7408333e+02   1.5596296e-07  -8.1113110e-08
5.7412500e+02   1.6350203e-07  -8.3586386e-08
5.7416667e+02   1.7104110e-07  -8.6059662e-08
5.7420833e+02   1.7858017e-07  -8.8532939e-08
5.7425000e+02   1.8611924e-07  -9.1006215e-08
5.7429167e+02   1.9365831e-07  -9.3479491e-08
5.7433333e+02   2.0119739e-07  -9.5952767e-08
5.7437500e+02   2.0873646e-07  -9.8426043e-08
5.7441667e+02   2.1627553e-07  -1.0089932e-07
5.7445833e+02   2.2381460e-07  -1.0337260e-07
5.7450000e+02   2.3135367e-07  -1.0584587e-07
5.7454167e+02   2.3889274e-07  -1.0831915e-07
5.7458333e+02   2.4643181e-07  -1.1079242e-07
5.7462500e+02   2.5397088e-07  -1.1326570e-07
5.7466667e+02   2.6150995e-07  -1.1573898e-07
5.7470833e+02   2.6904903e-07  -1.1821225e-07
5.7475000e+02   2.7658810e-07  -1.2068553e-07
5.7479167e+02   2.8412717e-07  -1.2315880e-07
5.7483333e+02   2.9166624e-07  -1.2563208e-07
5.7487500e+02   2.9920531e-07  -1.2810536e-07
5.7491667e+02   3.0674438e-07  -1.3057863e-07
5.7495833e+02   3.1428345e-07  -1.3305191e-07
5.7500000e+02   3.2182252e-07  -1.3552518e-07
5.7504167e+02   3.2904053e-07  -1.3800375e-07
5.7508333e+02   3.3531884e-07  -1.4049779e-07
5.7512500e+02   3.4065746e-07  -1.4300730e-07
5.7516667e+02   3.4505637e-07  -1.4553229e-07
5.7520833e+02   3.4851560e-07  -1.4807276e-07
5.7525000e+02   3.5103512e-07  -1.5062870e-07
5.7529167e+02   3.5261494e-07  -1.5320012e-07
5.7533333e+02   3.5325507e-07  -1.5578701e-07
5.7537500e+02   3.5295551e-07  -1.5838938e-07
5.7541667e+02   3.5171624e-07  -1.6100723e-07
5.7545833e+02   3.4953728e-07  -1.6364055e-07
5.7550000e+02   3.4641862e-07  -1.6628934e-07
5.7554167e+02   3.4268133e-07  -1.6894833e-07
5.7558333e+02   3.3894404e-07  -1.7160731e-07
5.7562500e+02   3.3520675e-07  -1.7426630e-07
5.7566667e+02   3.3146945e-07  -1.7692528e-07
5.7570833e+02   3.2773216e-07  -1.7958427e-07
5.7575000e+02   3.2399487e-07  -1.8224325e-07
5.7579167e+02   3.2025758e-07  -1.8490223e-07
5.7583333e+02   3.1652028e-07  -1.8756122e-07
5.7587500e+02   3.1278299e-07  -1.9022020e-07
5.7591667e+02   3.0904570e-07  -1.9287919e-07
5.7595833e+02   3.0530841e-07  -1.9553817e-07
5.7600000e+02   3.0157111e-07  -1.9819716e-07
5.7604167e+02   2.9817119e-07  -2.0027634e-07
5.7608333e+02   2.9517611e-07  -2.0165978e-07
5.7612500e+02   2.9258587e-07  -2.0234745e-07
5.7616667e+02   2.9040048e-07  -2.0233937e-07
5.7620833e+02   2.8861993e-07  -2.0163554e-07
5.7625000e+02   2.8724422e-07  -2.0023595e-07
5.7629167e+02   2.8627335e-07  -1.9814060e-07
5.7633333e+02   2.8570732e-07  -1.9534950e-07
5.7637500e+02   2.8554614e-07  -1.9186264e-07
5.7641667e+02   2.8578980e-07  -1.8768003e-07
5.7645833e+02   2.8643831e-07  -1.8280166e-07
5.7650000e+02   2.8749165e-07  -1.7722753e-07
5.7654167e+02   2.8861247e-07  -1.7153745e-07
5.7658333e+02   2.8973329e-07  -1.6584736e-07
5.7662500e+02   2.9085411e-07  -1.6015728e-07
5.7666667e+02   2.9197493e-07  -1.5446719e-07
5.7670833e+02   2.9309575e-07  -1.4877711e-07
5.7675000e+02   2.9421657e-07  -1.4308702e-07
5.7679167e+02   2.9533740e-07  -1.3739694e-07
5.7683333e+02   2.9645822e-07  -1.3170685e-07
5.7687500e+02   2.9757904e-07  -1.2601677e-07
5.7691667e+02   2.9869986e-07  -1.2032668e-07
5.7695833e+02   2.9982068e-07  -1.1463660e-07
5.7700000e+02   3.0094150e-07  -1.0894651e-07
5.7704167e+02   3.0206232e-07  -1.0325643e-07
5.7708333e+02   3.0318314e-07  -9.7566343e-08
5.7712500e+02   3.0430396e-07  -9.1876258e-08
5.7716667e+02   3.0542478e-07  -8.6186173e-08
5.7720833e+02   3.0646765e-07  -8.0762193e-08
5.7725000e+02   3.0728240e-07  -7.6117055e-08
5.7729167e+02   3.0786902e-07  -7.2250760e-08
5.7733333e+02   3.0822751e-07  -6.9163307e-08
5.7737500e+02   3.0835788e-07  -6.6854697e-08
5.7741667e+02   3.0826012e-07  -6.5324929e-08
5.7745833e+02   3.0793422e-07  -6.4574004e-08
5.7750000e+02   3.0738020e-07  -6.4601921e-08
5.7754167e+02   3.0659806e-07  -6.5408681e-08
5.7758333e+02   3.0558778e-07  -6.6994283e-08
5.7762500e+02   3.0434938e-07  -6.9358728e-08
5.7766667e+02   3.0288284e-07  -7.2502015e-08
5.7770833e+02   3.0126613e-07  -7.6158041e-08
5.7775000e+02   2.9964941e-07  -7.9814066e-08
5.7779167e+02   2.9803270e-07  -8.3470091e-08
5.7783333e+02   2.9641598e-07  -8.7126117e-08
5.7787500e+02   2.9479926e-07  -9.0782142e-08
5.7791667e+02   2.9318255e-07  -9.4438167e-08
5.7795833e+02   2.9156583e-07  -9.8094193e-08
5.7800000e+02   2.8994911e-07  -1.0175022e-07
5.7804167e+02   2.8833240e-07  -1.0540624e-07
5.7808333e+02   2.8671568e-07  -1.0906227e-07
5.7812500e+02   2.8509897e-07  -1.1271829e-07
5.7816667e+02   2.8348225e-07  -1.1637432e-07
5.7820833e+02   2.8186553e-07  -1.2003034e-07
5.7825000e+02   2.8024882e-07  -1.2368637e-07
5.7829167e+02   2.7863210e-07  -1.2734240e-07
5.7833333e+02   2.7701538e-07  -1.3099842e-07
5.7837500e+02   2.7539867e-07  -1.3465445e-07
5.7841667e+02   2.7378195e-07  -1.3831047e-07
5.7845833e+02   2.7216524e-07  -1.4196650e-07
5.7850000e+02   2.7054852e-07  -1.4562252e-07
5.7854167e+02   2.6893180e-07  -1.4927855e-07
5.7858333e+02   2.6731509e-07  -1.5293457e-07
5.7862500e+02   2.6569837e-07  -1.5659060e-07
5.7866667e+02   2.6408165e-07  -1.6024662e-07
5.7870833e+02   2.6246494e-07  -1.6390265e-07
5.7875000e+02   2.6084822e-07  -1.6755867e-07
5.7879167e+02   2.5923151e-07  -1.7121470e-07
5.7883333e+02   2.5761479e-07  -1.7487072e-07
5.7887500e+02   2.5599807e-07  -1.7852675e-07
5.7891667e+02   2.5438136e-07  -1.8218278e-07
5.7895833e+02   2.5276464e-07  -1.8583880e-07
5.7900000e+02   2.5114792e-07  -1.8949483e-07
5.7904167e+02   2.4987123e-07  -1.9278352e-07
5.7908333e+02   2.4913856e-07  -1.9548448e-07
5.7912500e+02   2.4894991e-07  -1.9759772e-07
5.7916667e+02   2.4930530e-07  -1.9912322e-07
5.7920833e+02   2.5020472e-07  -2.0006099e-07
5.7925000e+02   2.5164816e-07  -2.0041103e-07
5.7929167e+02   2.5363564e-07  -2.0017334e-07
5.7933333e+02   2.5616714e-07  -1.9934792e-07
5.7937500e+02   2.5924267e-07  -1.9793477e-07
5.7941667e+02   2.6286223e-07  -1.9593388e-07
5.7945833e+02   2.6702582e-07  -1.9334527e-07
5.7950000e+02   2.7173343e-07  -1.9016893e-07
5.7954167e+02   2.7664506e-07  -1.8677218e-07
5.7958333e+02   2.8155669e-07  -1.8337544e-07
5.7962500e+02   2.8646832e-07  -1.7997870e-07
5.7966667e+02   2.9137995e-07  -1.7658196e-07
5.7970833e+02   2.9629157e-07  -1.7318521e-07
5.7975000e+02   3.0120320e-07  -1.6978847e-07
5.7979167e+02   3.0611483e-07  -1.6639173e-07
5.7983333e+02   3.1102646e-07  -1.6299499e-07
5.7987500e+02   3.1593808e-07  -1.5959824e-07
5.7991667e+02   3.2084971e-07  -1.5620150e-07
5.7995833e+02   3.2576134e-07  -1.5280476e-07
5.8000000e+02   3.3057729e-07  -1.4946347e-07
5.8004167e+02   3.3457313e-07  -1.4659753e-07
5.8008333e+02   3.3774886e-07  -1.4420694e-07
5.8012500e+02   3.4010449e-07  -1.4229170e-07
5.8016667e+02   3.4164000e-07  -1.4085180e-07
5.8020833e+02   3.4235541e-07  -1.3988725e-07
5.8025000e+02   3.4225071e-07  -1.3939804e-07
5.8029167e+02   3.4132591e-07  -1.3938418e-07
5.8033333e+02   3.3958100e-07  -1.3984567e-07
5.8037500e+02   3.3701598e-07  -1.4078251e-07
5.8041667e+02   3.3363085e-07  -1.4219469e-07
5.8045833e+02   3.2942561e-07  -1.4408222e-07
5.8050000e+02   3.2449595e-07  -1.4638964e-07
5.8054167e+02   3.1956628e-07  -1.4869706e-07
5.8058333e+02   3.1463662e-07  -1.5100448e-07
5.8062500e+02   3.0970695e-07  -1.5331190e-07
5.8066667e+02   3.0477729e-07  -1.5561932e-07
5.8070833e+02   2.9984762e-07  -1.5792674e-07
5.8075000e+02   2.9491796e-07  -1.6023416e-07
5.8079167e+02   2.8998829e-07  -1.6254158e-07
5.8083333e+02   2.8505863e-07  -1.6484900e-07
5.8087500e+02   2.8012896e-07  -1.6715641e-07
5.8091667e+02   2.7519930e-07  -1.6946383e-07
5.8095833e+02   2.7026963e-07  -1.7177125e-07
5.8100000e+02   2.6533997e-07  -1.7407867e-07
5.8104167e+02   2.6041030e-07  -1.7638609e-07
5.8108333e+02   2.5548064e-07  -1.7869351e-07
5.8112500e+02   2.5055097e-07  -1.8100093e-07
5.8116667e+02   2.4562131e-07  -1.8330835e-07
5.8120833e+02   2.4069164e-07  -1.8561577e-07
5.8125000e+02   2.3576198e-07  -1.8792319e-07
5.8129167e+02   2.3083231e-07  -1.9023061e-07
5.8133333e+02   2.2590265e-07  -1.9253803e-07
5.8137500e+02   2.2097299e-07  -1.9484545e-07
5.8141667e+02   2.1604332e-07  -1.9715286e-07
5.8145833e+02   2.1111366e-07  -1.9946028e-07
5.8150000e+02   2.0619200e-07  -2.0176664e-07
5.8154167e+02   2.0175071e-07  -2.0400911e-07
5.8158333e+02   1.9778980e-07  -2.0618771e-07
5.8162500e+02   1.9430926e-07  -2.0830242e-07
5.8166667e+02   1.9130909e-07  -2.1035325e-07
5.8170833e+02   1.8878930e-07  -2.1234020e-07
5.8175000e+02   1.8674988e-07  -2.1426327e-07
5.8179167e+02   1.8519083e-07  -2.1612246e-07
5.8183333e+02   1.8411216e-07  -2.1791777e-07
5.8187500e+02   1.8351386e-07  -2.1964919e-07
5.8191667e+02   1.8339593e-07  -2.2131674e-07
5.8195833e+02   1.8375838e-07  -2.2292040e-07
5.8200000e+02   1.8459319e-07  -2.2446125e-07
5.8204167e+02   1.8542800e-07  -2.2600210e-07
5.8208333e+02   1.8626281e-07  -2.2754295e-07
5.8212500e+02   1.8709762e-07  -2.2908380e-07
5.8216667e+02   1.8793244e-07  -2.3062465e-07
5.8220833e+02   1.8876725e-07  -2.3216550e-07
5.8225000e+02   1.8960206e-07  -2.3370635e-07
5.8229167e+02   1.9043687e-07  -2.3524720e-07
5.8233333e+02   1.9127169e-07  -2.3678805e-07
5.8237500e+02   1.9210650e-07  -2.3832890e-07
5.8241667e+02   1.9294131e-07  -2.3986975e-07
5.8245833e+02   1.9377612e-07  -2.4141060e-07
5.8250000e+02   1.9461093e-07  -2.4295145e-07
5.8254167e+02   1.9544575e-07  -2.4449230e-07
5.8258333e+02   1.9628056e-07  -2.4603314e-07
5.8262500e+02   1.9711537e-07  -2.4757399e-07
5.8266667e+02   1.9795018e-07  -2.4911484e-07
5.8270833e+02   1.9878500e-07  -2.5065569e-07
5.8275000e+02   1.9961981e-07  -2.5219654e-07
5.8279167e+02   2.0045462e-07  -2.5373739e-07
5.8283333e+02   2.0128943e-07  -2.5527824e-07
5.8287500e+02   2.0212424e-07  -2.5681909e-07
5.8291667e+02   2.0295906e-07  -2.5835994e-07
5.8295833e+02   2.0379387e-07  -2.5990079e-07
5.8300000e+02   2.0462868e-07  -2.6144164e-07
5.8304167e+02   2.0547834e-07  -2.6294515e-07
5.8308333e+02   2.0634436e-07  -2.6440755e-07
5.8312500e+02   2.0722673e-07  -2.6582884e-07
5.8316667e+02   2.0812544e-07  -2.6720903e-07
5.8320833e+02   2.0904051e-07  -2.6854811e-07
5.8325000e+02   2.0997193e-07  -2.6984608e-07
5.8329167e+02   2.1091970e-07  -2.7110294e-07
5.8333333e+02   2.1188382e-07  -2.7231870e-07
5.8337500e+02   2.1286429e-07  -2.7349334e-07
5.8341667e+02   2.1386111e-07  -2.7462688e-07
5.8345833e+02   2.1487428e-07  -2.7571931e-07
5.8350000e+02   2.1590381e-07  -2.7677064e-07
5.8354167e+02   2.1693483e-07  -2.7781819e-07
5.8358333e+02   2.1796585e-07  -2.7886575e-07
5.8362500e+02   2.1899687e-07  -2.7991330e-07
5.8366667e+02   2.2002789e-07  -2.8096086e-07
5.8370833e+02   2.2105892e-07  -2.8200841e-07
5.8375000e+02   2.2208994e-07  -2.8305597e-07
5.8379167e+02   2.2312096e-07  -2.8410352e-07
5.8383333e+02   2.2415198e-07  -2.8515108e-07
5.8387500e+02   2.2518301e-07  -2.8619863e-07
5.8391667e+02   2.2621403e-07  -2.8724619e-07
5.8395833e+02   2.2724505e-07  -2.8829374e-07
5.8400000e+02   2.2835844e-07  -2.8925892e-07
5.8404167e+02   2.2968215e-07  -2.9001379e-07
5.8408333e+02   2.3121616e-07  -2.9055834e-07
5.8412500e+02   2.3296048e-07  -2.9089257e-07
5.8416667e+02   2.3491511e-07  -2.9101649e-07
5.8420833e+02   2.3708005e-07  -2.9093009e-07
5.8425000e+02   2.3945531e-07  -2.9063337e-07
5.8429167e+02   2.4204087e-07  -2.9012634e-07
5.8433333e+02   2.4483674e-07  -2.8940899e-07
5.8437500e+02   2.4784292e-07  -2.8848133e-07
5.8441667e+02   2.5105941e-07  -2.8734335e-07
5.8445833e+02   2.5448621e-07  -2.8599505e-07
5.8450000e+02   2.5804095e-07  -2.8451881e-07
5.8454167e+02   2.6159568e-07  -2.8304257e-07
5.8458333e+02   2.6515042e-07  -2.8156633e-07
5.8462500e+02   2.6870516e-07  -2.8009009e-07
5.8466667e+02   2.7225990e-07  -2.7861385e-07
5.8470833e+02   2.7581464e-07  -2.7713762e-07
5.8475000e+02   2.7936937e-07  -2.7566138e-07
5.8479167e+02   2.8292411e-07  -2.7418514e-07
5.8483333e+02   2.8647885e-07  -2.7270890e-07
5.8487500e+02   2.9003359e-07  -2.7123266e-07
5.8491667e+02   2.9358832e-07  -2.6975642e-07
5.8495833e+02   2.9714306e-07  -2.6828018e-07
5.8500000e+02   3.0069780e-07  -2.6680394e-07
5.8504167e+02   3.0425254e-07  -2.6532770e-07
5.8508333e+02   3.0780728e-07  -2.6385147e-07
5.8512500e+02   3.1136201e-07  -2.6237523e-07
5.8516667e+02   3.1491675e-07  -2.6089899e-07
5.8520833e+02   3.1847149e-07  -2.5942275e-07
5.8525000e+02   3.2202623e-07  -2.5794651e-07
5.8529167e+02   3.2558097e-07  -2.5647027e-07
5.8533333e+02   3.2913570e-07  -2.5499403e-07
5.8537500e+02   3.3269044e-07  -2.5351779e-07
5.8541667e+02   3.3624518e-07  -2.5204155e-07
5.8545833e+02   3.3979992e-07  -2.5056532e-07
5.8550000e+02   3.4335466e-07  -2.4908908e-07
5.8554167e+02   3.4690939e-07  -2.4761284e-07
5.8558333e+02   3.5046413e-07  -2.4613660e-07
5.8562500e+02   3.5401887e-07  -2.4466036e-07
5.8566667e+02   3.5757361e-07  -2.4318412e-07
5.8570833e+02   3.6112835e-07  -2.4170788e-07
5.8575000e+02   3.6468308e-07  -2.4023164e-07
5.8579167e+02   3.6823782e-07  -2.3875541e-07
5.8583333e+02   3.7179256e-07  -2.3727917e-07
5.8587500e+02   3.7534730e-07  -2.3580293e-07
5.8591667e+02   3.7890203e-07  -2.3432669e-07
5.8595833e+02   3.8245677e-07  -2.3285045e-07
5.8600000e+02   3.8601151e-07  -2.3137421e-07
5.8604167e+02   3.8910005e-07  -2.3007528e-07
5.8608333e+02   3.9152260e-07  -2.2902964e-07
5.8612500e+02   3.9327916e-07  -2.2823730e-07
5.8616667e+02   3.9436972e-07  -2.2769825e-07
5.8620833e+02   3.9479429e-07  -2.2741249e-07
5.8625000e+02   3.9455287e-07  -2.2738003e-07
5.8629167e+02   3.9364546e-07  -2.2760087e-07
5.8633333e+02   3.9207205e-07  -2.2807499e-07
5.8637500e+02   3.8983265e-07  -2.2880242e-07
5.8641667e+02   3.8692725e-07  -2.2978313e-07
5.8645833e+02   3.8335587e-07  -2.3101715e-07
5.8650000e+02   3.7911849e-07  -2.3250445e-07
5.8654167e+02   3.7468131e-07  -2.3406775e-07
5.8658333e+02   3.7024413e-07  -2.3563104e-07
5.8662500e+02   3.6580695e-07  -2.3719434e-07
5.8666667e+02   3.6136977e-07  -2.3875763e-07
5.8670833e+02   3.5693259e-07  -2.4032093e-07
5.8675000e+02   3.5249541e-07  -2.4188422e-07
5.8679167e+02   3.4805824e-07  -2.4344751e-07
5.8683333e+02   3.4362106e-07  -2.4501081e-07
5.8687500e+02   3.3918388e-07  -2.4657410e-07
5.8691667e+02   3.3474670e-07  -2.4813740e-07
5.8695833e+02   3.3030952e-07  -2.4970069e-07
5.8700000e+02   3.2593222e-07  -2.5125099e-07
5.8704167e+02   3.2188149e-07  -2.5273038e-07
5.8708333e+02   3.1815733e-07  -2.5413888e-07
5.8712500e+02   3.1475975e-07  -2.5547647e-07
5.8716667e+02   3.1168874e-07  -2.5674316e-07
5.8720833e+02   3.0894431e-07  -2.5793894e-07
5.8725000e+02   3.0652645e-07  -2.5906383e-07
5.8729167e+02   3.0443517e-07  -2.6011781e-07
5.8733333e+02   3.0267047e-07  -2.6110089e-07
5.8737500e+02   3.0123233e-07  -2.6201307e-07
5.8741667e+02   3.0012078e-07  -2.6285435e-07
5.8745833e+02   2.9933580e-07  -2.6362473e-07
5.8750000e+02   2.9881752e-07  -2.6433720e-07
5.8754167e+02   2.9829924e-07  -2.6504967e-07
5.8758333e+02   2.9778096e-07  -2.6576215e-07
5.8762500e+02   2.9726268e-07  -2.6647462e-07
5.8766667e+02   2.9674440e-07  -2.6718709e-07
5.8770833e+02   2.9622612e-07  -2.6789957e-07
5.8775000e+02   2.9570784e-07  -2.6861204e-07
5.8779167e+02   2.9518956e-07  -2.6932451e-07
5.8783333e+02   2.9467129e-07  -2.7003699e-07
5.8787500e+02   2.9415301e-07  -2.7074946e-07
5.8791667e+02   2.9363473e-07  -2.7146193e-07
5.8795833e+02   2.9311645e-07  -2.7217441e-07
5.8800000e+02   2.9259817e-07  -2.7288688e-07
5.8804167e+02   2.9207989e-07  -2.7359935e-07
5.8808333e+02   2.9156161e-07  -2.7431183e-07
5.8812500e+02   2.9104333e-07  -2.7502430e-07
5.8816667e+02   2.9052506e-07  -2.7573677e-07
5.8820833e+02   2.9000678e-07  -2.7644925e-07
5.8825000e+02   2.8948850e-07  -2.7716172e-07
5.8829167e+02   2.8897022e-07  -2.7787419e-07
5.8833333e+02   2.8845194e-07  -2.7858667e-07
5.8837500e+02   2.8793366e-07  -2.7929914e-07
5.8841667e+02   2.8741538e-07  -2.8001161e-07
5.8845833e+02   2.8689710e-07  -2.8072409e-07
5.8850000e+02   2.8636529e-07  -2.8142224e-07
5.8854167e+02   2.8565300e-07  -2.8192945e-07
5.8858333e+02   2.8476024e-07  -2.8224571e-07
5.8862500e+02   2.8368701e-07  -2.8237104e-07
5.8866667e+02   2.8243330e-07  -2.8230542e-07
5.8870833e+02   2.8099912e-07  -2.8204885e-07
5.8875000e+02   2.7938447e-07  -2.8160135e-07
5.8879167e+02   2.7758934e-07  -2.8096290e-07
5.8883333e+02   2.7561374e-07  -2.8013350e-07
5.8887500e+02   2.7345767e-07  -2.7911317e-07
5.8891667e+02   2.7112112e-07  -2.7790189e-07
5.8895833e+02   2.6860411e-07  -2.7649967e-07
5.8900000e+02   2.6592015e-07  -2.7492082e-07
5.8904167e+02   2.6323619e-07  -2.7334198e-07
5.8908333e+02   2.6055224e-07  -2.7176313e-07
5.8912500e+02   2.5786828e-07  -2.7018429e-07
5.8916667e+02   2.5518432e-07  -2.6860544e-07
5.8920833e+02   2.5250037e-07  -2.6702659e-07
5.8925000e+02   2.4981641e-07  -2.6544775e-07
5.8929167e+02   2.4713245e-07  -2.6386890e-07
5.8933333e+02   2.4444850e-07  -2.6229006e-07
5.8937500e+02   2.4176454e-07  -2.6071121e-07
5.8941667e+02   2.3908058e-07  -2.5913237e-07
5.8945833e+02   2.3639663e-07  -2.5755352e-07
5.8950000e+02   2.3371267e-07  -2.5597468e-07
5.8954167e+02   2.3102871e-07  -2.5439583e-07
5.8958333e+02   2.2834476e-07  -2.5281699e-07
5.8962500e+02   2.2566080e-07  -2.5123814e-07
5.8966667e+02   2.2297685e-07  -2.4965930e-07
5.8970833e+02   2.2029289e-07  -2.4808045e-07
5.8975000e+02   2.1760893e-07  -2.4650161e-07
5.8979167e+02   2.1492498e-07  -2.4492276e-07
5.8983333e+02   2.1224102e-07  -2.4334392e-07
5.8987500e+02   2.0955706e-07  -2.4176507e-07
5.8991667e+02   2.0687311e-07  -2.4018623e-07
5.8995833e+02   2.0418915e-07  -2.3860738e-07
5.9000000e+02   2.0150519e-07  -2.3702854e-07
5.9004167e+02   1.9882124e-07  -2.3544969e-07
5.9008333e+02   1.9613728e-07  -2.3387085e-07
5.9012500e+02   1.9345332e-07  -2.3229200e-07
5.9016667e+02   1.9076937e-07  -2.3071316e-07
5.9020833e+02   1.8808541e-07  -2.2913431e-07
5.9025000e+02   1.8540145e-07  -2.2755547e-07
5.9029167e+02   1.8271750e-07  -2.2597662e-07
5.9033333e+02   1.8003354e-07  -2.2439778e-07
5.9037500e+02   1.7734959e-07  -2.2281893e-07
5.9041667e+02   1.7466563e-07  -2.2124008e-07
5.9045833e+02   1.7198167e-07  -2.1966124e-07
5.9050000e+02   1.6937593e-07  -2.1818039e-07
5.9054167e+02   1.6711781e-07  -2.1713509e-07
5.9058333e+02   1.6520731e-07  -2.1652534e-07
5.9062500e+02   1.6364443e-07  -2.1635114e-07
5.9066667e+02   1.6242917e-07  -2.1661248e-07
5.9070833e+02   1.6156154e-07  -2.1730937e-07
5.9075000e+02   1.6104152e-07  -2.1844181e-07
5.9079167e+02   1.6086913e-07  -2.2000980e-07
5.9083333e+02   1.6104435e-07  -2.2201333e-07
5.9087500e+02   1.6156720e-07  -2.2445241e-07
5.9091667e+02   1.6243767e-07  -2.2732704e-07
5.9095833e+02   1.6365575e-07  -2.3063722e-07
5.9100000e+02   1.6514325e-07  -2.3428494e-07
5.9104167e+02   1.6663074e-07  -2.3793267e-07
5.9108333e+02   1.6811824e-07  -2.4158039e-07
5.9112500e+02   1.6960574e-07  -2.4522812e-07
5.9116667e+02   1.7109323e-07  -2.4887584e-07
5.9120833e+02   1.7258073e-07  -2.5252357e-07
5.9125000e+02   1.7406822e-07  -2.5617129e-07
5.9129167e+02   1.7555572e-07  -2.5981902e-07
5.9133333e+02   1.7704321e-07  -2.6346675e-07
5.9137500e+02   1.7853071e-07  -2.6711447e-07
5.9141667e+02   1.8001820e-07  -2.7076220e-07
5.9145833e+02   1.8150570e-07  -2.7440992e-07
5.9150000e+02   1.8299319e-07  -2.7805765e-07
5.9154167e+02   1.8448069e-07  -2.8170537e-07
5.9158333e+02   1.8596818e-07  -2.8535310e-07
5.9162500e+02   1.8745568e-07  -2.8900083e-07
5.9166667e+02   1.8894317e-07  -2.9264855e-07
5.9170833e+02   1.9043067e-07  -2.9629628e-07
5.9175000e+02   1.9191816e-07  -2.9994400e-07
5.9179167e+02   1.9340566e-07  -3.0359173e-07
5.9183333e+02   1.9489315e-07  -3.0723945e-07
5.9187500e+02   1.9638065e-07  -3.1088718e-07
5.9191667e+02   1.9786814e-07  -3.1453490e-07
5.9195833e+02   1.9935564e-07  -3.1818263e-07
5.9200000e+02   2.0082470e-07  -3.2180159e-07
5.9204167e+02   2.0213581e-07  -3.2517398e-07
5.9208333e+02   2.0328895e-07  -3.2829981e-07
5.9212500e+02   2.0428413e-07  -3.3117907e-07
5.9216667e+02   2.0512134e-07  -3.3381176e-07
5.9220833e+02   2.0580060e-07  -3.3619789e-07
5.9225000e+02   2.0632189e-07  -3.3833745e-07
5.9229167e+02   2.0668522e-07  -3.4023044e-07
5.9233333e+02   2.0689058e-07  -3.4187687e-07
5.9237500e+02   2.0693799e-07  -3.4327673e-07
5.9241667e+02   2.0682743e-07  -3.4443003e-07
5.9245833e+02   2.0655891e-07  -3.4533676e-07
5.9250000e+02   2.0615086e-07  -3.4602568e-07
5.9254167e+02   2.0574280e-07  -3.4671461e-07
5.9258333e+02   2.0533475e-07  -3.4740354e-07
5.9262500e+02   2.0492669e-07  -3.4809247e-07
5.9266667e+02   2.0451864e-07  -3.4878140e-07
5.9270833e+02   2.0411059e-07  -3.4947032e-07
5.9275000e+02   2.0370253e-07  -3.5015925e-07
5.9279167e+02   2.0329448e-07  -3.5084818e-07
5.9283333e+02   2.0288642e-07  -3.5153711e-07
5.9287500e+02   2.0247837e-07  -3.5222604e-07
5.9291667e+02   2.0207031e-07  -3.5291496e-07
5.9295833e+02   2.0166226e-07  -3.5360389e-07
5.9300000e+02   2.0125421e-07  -3.5429282e-07
5.9304167e+02   2.0086399e-07  -3.5512240e-07
5.9308333e+02   2.0049705e-07  -3.5613545e-07
5.9312500e+02   2.0015338e-07  -3.5733196e-07
5.9316667e+02   1.9983298e-07  -3.5871193e-07
5.9320833e+02   1.9953586e-07  -3.6027537e-07
5.9325000e+02   1.9926200e-07  -3.6202227e-07
5.9329167e+02   1.9901142e-07  -3.6395264e-07
5.9333333e+02   1.9878410e-07  -3.6606647e-07
5.9337500e+02   1.9858006e-07  -3.6836376e-07
5.9341667e+02   1.9839929e-07  -3.7084452e-07
5.9345833e+02   1.9824179e-07  -3.7350874e-07
5.9350000e+02   1.9810756e-07  -3.7635642e-07
5.9354167e+02   1.9797876e-07  -3.7924691e-07
5.9358333e+02   1.9784996e-07  -3.8213740e-07
5.9362500e+02   1.9772117e-07  -3.8502789e-07
5.9366667e+02   1.9759237e-07  -3.8791838e-07
5.9370833e+02   1.9746357e-07  -3.9080888e-07
5.9375000e+02   1.9733477e-07  -3.9369937e-07
5.9379167e+02   1.9720597e-07  -3.9658986e-07
5.9383333e+02   1.9707717e-07  -3.9948035e-07
5.9387500e+02   1.9694838e-07  -4.0237084e-07
5.9391667e+02   1.9681958e-07  -4.0526133e-07
5.9395833e+02   1.9669078e-07  -4.0815182e-07
5.9400000e+02   1.9654397e-07  -4.1094967e-07
5.9404167e+02   1.9632745e-07  -4.1338888e-07
5.9408333e+02   1.9604123e-07  -4.1546946e-07
5.9412500e+02   1.9568529e-07  -4.1719140e-07
5.9416667e+02   1.9525963e-07  -4.1855472e-07
5.9420833e+02   1.9476427e-07  -4.1955939e-07
5.9425000e+02   1.9419920e-07  -4.2020544e-07
5.9429167e+02   1.9356442e-07  -4.2049285e-07
5.9433333e+02   1.9285992e-07  -4.2042163e-07
5.9437500e+02   1.9208571e-07  -4.1999178e-07
5.9441667e+02   1.9124180e-07  -4.1920329e-07
5.9445833e+02   1.9032817e-07  -4.1805617e-07
5.9450000e+02   1.8936284e-07  -4.1664307e-07
5.9454167e+02   1.8839751e-07  -4.1522996e-07
5.9458333e+02   1.8743218e-07  -4.1381686e-07
5.9462500e+02   1.8646685e-07  -4.1240375e-07
5.9466667e+02   1.8550152e-07  -4.1099065e-07
5.9470833e+02   1.8453619e-07  -4.0957754e-07
5.9475000e+02   1.8357086e-07  -4.0816443e-07
5.9479167e+02   1.8260553e-07  -4.0675133e-07
5.9483333e+02   1.8164020e-07  -4.0533822e-07
5.9487500e+02   1.8067487e-07  -4.0392512e-07
5.9491667e+02   1.7970954e-07  -4.0251201e-07
5.9495833e+02   1.7874421e-07  -4.0109891e-07
5.9500000e+02   1.7777888e-07  -3.9968580e-07
5.9504167e+02   1.7779016e-07  -3.9785978e-07
5.9508333e+02   1.7887663e-07  -3.9557918e-07
5.9512500e+02   1.8103827e-07  -3.9284400e-07
5.9516667e+02   1.8427509e-07  -3.8965423e-07
5.9520833e+02   1.8858708e-07  -3.8600988e-07
5.9525000e+02   1.9397425e-07  -3.8191095e-07
5.9529167e+02   2.0043660e-07  -3.7735743e-07
5.9533333e+02   2.0797413e-07  -3.7234933e-07
5.9537500e+02   2.1658683e-07  -3.6688665e-07
5.9541667e+02   2.2627470e-07  -3.6096939e-07
5.9545833e+02   2.3703776e-07  -3.5459754e-07
5.9550000e+02   2.4887599e-07  -3.4777111e-07
5.9554167e+02   2.6081278e-07  -3.4090301e-07
5.9558333e+02   2.7274957e-07  -3.3403491e-07
5.9562500e+02   2.8468635e-07  -3.2716681e-07
5.9566667e+02   2.9662314e-07  -3.2029871e-07
5.9570833e+02   3.0855993e-07  -3.1343061e-07
5.9575000e+02   3.2049672e-07  -3.0656251e-07
5.9579167e+02   3.3243351e-07  -2.9969441e-07
5.9583333e+02   3.4437030e-07  -2.9282631e-07
5.9587500e+02   3.5630708e-07  -2.8595821e-07
5.9591667e+02   3.6824387e-07  -2.7909011e-07
5.9595833e+02   3.8018066e-07  -2.7222201e-07
5.9600000e+02   3.9211745e-07  -2.6535391e-07
5.9604167e+02   4.0332273e-07  -2.5876310e-07
5.9608333e+02   4.1321784e-07  -2.5266891e-07
5.9612500e+02   4.2180278e-07  -2.4707135e-07
5.9616667e+02   4.2907756e-07  -2.4197042e-07
5.9620833e+02   4.3504216e-07  -2.3736611e-07
5.9625000e+02   4.3969660e-07  -2.3325843e-07
5.9629167e+02   4.4304087e-07  -2.2964738e-07
5.9633333e+02   4.4507498e-07  -2.2653296e-07
5.9637500e+02   4.4579891e-07  -2.2391517e-07
5.9641667e+02   4.4521268e-07  -2.2179400e-07
5.9645833e+02   4.4331628e-07  -2.2016947e-07
5.9650000e+02   4.4010972e-07  -2.1904156e-07
5.9654167e+02   4.3632449e-07  -2.1813299e-07
5.9658333e+02   4.3253927e-07  -2.1722442e-07
5.9662500e+02   4.2875405e-07  -2.1631586e-07
5.9666667e+02   4.2496882e-07  -2.1540729e-07
5.9670833e+02   4.2118360e-07  -2.1449873e-07
5.9675000e+02   4.1739837e-07  -2.1359016e-07
5.9679167e+02   4.1361315e-07  -2.1268159e-07
5.9683333e+02   4.0982793e-07  -2.1177303e-07
5.9687500e+02   4.0604270e-07  -2.1086446e-07
5.9691667e+02   4.0225748e-07  -2.0995590e-07
5.9695833e+02   3.9847225e-07  -2.0904733e-07
5.9700000e+02   3.9468703e-07  -2.0813876e-07
5.9704167e+02   3.9090180e-07  -2.0723020e-07
5.9708333e+02   3.8711658e-07  -2.0632163e-07
5.9712500e+02   3.8333136e-07  -2.0541306e-07
5.9716667e+02   3.7954613e-07  -2.0450450e-07
5.9720833e+02   3.7576091e-07  -2.0359593e-07
5.9725000e+02   3.7197568e-07  -2.0268737e-07
5.9729167e+02   3.6819046e-07  -2.0177880e-07
5.9733333e+02   3.6440524e-07  -2.0087023e-07
5.9737500e+02   3.6062001e-07  -1.9996167e-07
5.9741667e+02   3.5683479e-07  -1.9905310e-07
5.9745833e+02   3.5304956e-07  -1.9814454e-07
5.9750000e+02   3.4926434e-07  -1.9723597e-07
5.9754167e+02   3.4547912e-07  -1.9632740e-07
5.9758333e+02   3.4169389e-07  -1.9541884e-07
5.9762500e+02   3.3790867e-07  -1.9451027e-07
5.9766667e+02   3.3412344e-07  -1.9360170e-07
5.9770833e+02   3.3033822e-07  -1.9269314e-07
5.9775000e+02   3.2655300e-07  -1.9178457e-07
5.9779167e+02   3.2276777e-07  -1.9087601e-07
5.9783333e+02   3.1898255e-07  -1.8996744e-07
5.9787500e+02   3.1519732e-07  -1.8905887e-07
5.9791667e+02   3.1141210e-07  -1.8815031e-07
5.9795833e+02   3.0762687e-07  -1.8724174e-07
5.9800000e+02   3.0384165e-07  -1.8633318e-07
5.9804167e+02   3.0032086e-07  -1.8581303e-07
5.9808333e+02   2.9718238e-07  -1.8585447e-07
5.9812500e+02   2.9442622e-07  -1.8645749e-07
5.9816667e+02   2.9205236e-07  -1.8762208e-07
5.9820833e+02   2.9006082e-07  -1.8934825e-07
5.9825000e+02   2.8845160e-07  -1.9163600e-07
5.9829167e+02   2.8722468e-07  -1.9448533e-07
5.9833333e+02   2.8638008e-07  -1.9789623e-07
5.9837500e+02   2.8591779e-07  -2.0186872e-07
5.9841667e+02   2.8583782e-07  -2.0640278e-07
5.9845833e+02   2.8614015e-07  -2.1149842e-07
5.9850000e+02   2.8682480e-07  -2.1715563e-07
5.9854167e+02   2.8762733e-07  -2.2298600e-07
5.9858333e+02   2.8842986e-07  -2.2881638e-07
5.9862500e+02   2.8923239e-07  -2.3464675e-07
5.9866667e+02   2.9003492e-07  -2.4047712e-07
5.9870833e+02   2.9083745e-07  -2.4630749e-07
5.9875000e+02   2.9163998e-07  -2.5213786e-07
5.9879167e+02   2.9244251e-07  -2.5796823e-07
5.9883333e+02   2.9324504e-07  -2.6379860e-07
5.9887500e+02   2.9404757e-07  -2.6962897e-07
5.9891667e+02   2.9485010e-07  -2.7545934e-07
5.9895833e+02   2.9565263e-07  -2.8128971e-07
5.9900000e+02   2.9645516e-07  -2.8712008e-07
5.9904167e+02   2.9725769e-07  -2.9295046e-07
5.9908333e+02   2.9806022e-07  -2.9878083e-07
5.9912500e+02   2.9886275e-07  -3.0461120e-07
5.9916667e+02   2.9966528e-07  -3.1044157e-07
5.9920833e+02   3.0046781e-07  -3.1627194e-07
5.9925000e+02   3.0127034e-07  -3.2210231e-07
5.9929167e+02   3.0207287e-07  -3.2793268e-07
5.9933333e+02   3.0287539e-07  -3.3376305e-07
5.9937500e+02   3.0367792e-07  -3.3959342e-07
5.9941667e+02   3.0448045e-07  -3.4542379e-07
5.9945833e+02   3.0528298e-07  -3.5125416e-07
5.9950000e+02   3.0608551e-07  -3.5708454e-07
5.9954167e+02   3.0688804e-07  -3.6291491e-07
5.9958333e+02   3.0769057e-07  -3.6874528e-07
5.9962500e+02   3.0849310e-07  -3.7457565e-07
5.9966667e+02   3.0929563e-07  -3.8040602e-07
5.9970833e+02   3.1009816e-07  -3.8623639e-07
5.9975000e+02   3.1090069e-07  -3.9206676e-07
5.9979167e+02   3.1170322e-07  -3.9789713e-07
5.9983333e+02   3.1250575e-07  -4.0372750e-07
5.9987500e+02   3.1330828e-07  -4.0955787e-07
5.9991667e+02   3.1411081e-07  -4.1538824e-07
5.9995833e+02   3.1491334e-07  -4.2121862e-07
6.0000000e+02   3.1571587e-07  -4.2704899e-07
6.0004167e+02   3.1657004e-07  -4.3238202e-07
6.0008333e+02   3.1748617e-07  -4.3711825e-07
6.0012500e+02   3.1846426e-07  -4.4125768e-07
6.0016667e+02   3.1950433e-07  -4.4480031e-07
6.0020833e+02   3.2060635e-07  -4.4774613e-07
6.0025000e+02   3.2177035e-07  -4.5009515e-07
6.0029167e+02   3.2299630e-07  -4.5184737e-07
6.0033333e+02   3.2428423e-07  -4.5300278e-07
6.0037500e+02   3.2563411e-07  -4.5356139e-07
6.0041667e+02   3.2704597e-07  -4.5352320e-07
6.0045833e+02   3.2851978e-07  -4.5288820e-07
6.0050000e+02   3.3005557e-07  -4.5165640e-07
6.0054167e+02   3.3160168e-07  -4.5032513e-07
6.0058333e+02   3.3314779e-07  -4.4899387e-07
6.0062500e+02   3.3469390e-07  -4.4766260e-07
6.0066667e+02   3.3624001e-07  -4.4633134e-07
6.0070833e+02   3.3778612e-07  -4.4500007e-07
6.0075000e+02   3.3933223e-07  -4.4366880e-07
6.0079167e+02   3.4087833e-07  -4.4233754e-07
6.0083333e+02   3.4242444e-07  -4.4100627e-07
6.0087500e+02   3.4397055e-07  -4.3967500e-07
6.0091667e+02   3.4551666e-07  -4.3834374e-07
6.0095833e+02   3.4706277e-07  -4.3701247e-07
6.0100000e+02   3.4856173e-07  -4.3565913e-07
6.0104167e+02   3.4991561e-07  -4.3423787e-07
6.0108333e+02   3.5112441e-07  -4.3274869e-07
6.0112500e+02   3.5218814e-07  -4.3119159e-07
6.0116667e+02   3.5310678e-07  -4.2956657e-07
6.0120833e+02   3.5388034e-07  -4.2787363e-07
6.0125000e+02   3.5450883e-07  -4.2611277e-07
6.0129167e+02   3.5499223e-07  -4.2428399e-07
6.0133333e+02   3.5533056e-07  -4.2238729e-07
6.0137500e+02   3.5552380e-07  -4.2042267e-07
6.0141667e+02   3.5557197e-07  -4.1839012e-07
6.0145833e+02   3.5547506e-07  -4.1628966e-07
6.0150000e+02   3.5528022e-07  -4.1414336e-07
6.0154167e+02   3.5508538e-07  -4.1199705e-07
6.0158333e+02   3.5489054e-07  -4.0985074e-07
6.0162500e+02   3.5469569e-07  -4.0770443e-07
6.0166667e+02   3.5450085e-07  -4.0555813e-07
6.0170833e+02   3.5430601e-07  -4.0341182e-07
6.0175000e+02   3.5411117e-07  -4.0126551e-07
6.0179167e+02   3.5391633e-07  -3.9911920e-07
6.0183333e+02   3.5372149e-07  -3.9697290e-07
6.0187500e+02   3.5352665e-07  -3.9482659e-07
6.0191667e+02   3.5333181e-07  -3.9268028e-07
6.0195833e+02   3.5313697e-07  -3.9053398e-07
6.0200000e+02   3.5294213e-07  -3.8838767e-07
6.0204167e+02   3.5307631e-07  -3.8672590e-07
6.0208333e+02   3.5354794e-07  -3.8556110e-07
6.0212500e+02   3.5435703e-07  -3.8489325e-07
6.0216667e+02   3.5550357e-07  -3.8472238e-07
6.0220833e+02   3.5698756e-07  -3.8504846e-07
6.0225000e+02   3.5880901e-07  -3.8587151e-07
6.0229167e+02   3.6096792e-07  -3.8719152e-07
6.0233333e+02   3.6346428e-07  -3.8900849e-07
6.0237500e+02   3.6629809e-07  -3.9132243e-07
6.0241667e+02   3.6946936e-07  -3.9413333e-07
6.0245833e+02   3.7297808e-07  -3.9744120e-07
6.0250000e+02   3.7682426e-07  -4.0124603e-07
6.0254167e+02   3.8067888e-07  -4.0506328e-07
6.0258333e+02   3.8453349e-07  -4.0888053e-07
6.0262500e+02   3.8838810e-07  -4.1269778e-07
6.0266667e+02   3.9224272e-07  -4.1651503e-07
6.0270833e+02   3.9609733e-07  -4.2033229e-07
6.0275000e+02   3.9995195e-07  -4.2414954e-07
6.0279167e+02   4.0380656e-07  -4.2796679e-07
6.0283333e+02   4.0766117e-07  -4.3178404e-07
6.0287500e+02   4.1151579e-07  -4.3560129e-07
6.0291667e+02   4.1537040e-07  -4.3941854e-07
6.0295833e+02   4.1922502e-07  -4.4323580e-07
6.0300000e+02   4.2307963e-07  -4.4705305e-07
6.0304167e+02   4.2646495e-07  -4.5057366e-07
6.0308333e+02   4.2909941e-07  -4.5361966e-07
6.0312500e+02   4.3098301e-07  -4.5619104e-07
6.0316667e+02   4.3211574e-07  -4.5828780e-07
6.0320833e+02   4.3249761e-07  -4.5990994e-07
6.0325000e+02   4.3212861e-07  -4.6105746e-07
6.0329167e+02   4.3100876e-07  -4.6173036e-07
6.0333333e+02   4.2913803e-07  -4.6192864e-07
6.0337500e+02   4.2651644e-07  -4.6165231e-07
6.0341667e+02   4.2314399e-07  -4.6090136e-07
6.0345833e+02   4.1902068e-07  -4.5967578e-07
6.0350000e+02   4.1414650e-07  -4.5797559e-07
6.0354167e+02   4.0899074e-07  -4.5609742e-07
6.0358333e+02   4.0383499e-07  -4.5421925e-07
6.0362500e+02   3.9867923e-07  -4.5234107e-07
6.0366667e+02   3.9352348e-07  -4.5046290e-07
6.0370833e+02   3.8836773e-07  -4.4858473e-07
6.0375000e+02   3.8321197e-07  -4.4670655e-07
6.0379167e+02   3.7805622e-07  -4.4482838e-07
6.0383333e+02   3.7290047e-07  -4.4295021e-07
6.0387500e+02   3.6774471e-07  -4.4107203e-07
6.0391667e+02   3.6258896e-07  -4.3919386e-07
6.0395833e+02   3.5743320e-07  -4.3731569e-07
6.0400000e+02   3.5227745e-07  -4.3543751e-07
6.0404167e+02   3.4712170e-07  -4.3355934e-07
6.0408333e+02   3.4196594e-07  -4.3168117e-07
6.0412500e+02   3.3681019e-07  -4.2980300e-07
6.0416667e+02   3.3165444e-07  -4.2792482e-07
6.0420833e+02   3.2649868e-07  -4.2604665e-07
6.0425000e+02   3.2134293e-07  -4.2416848e-07
6.0429167e+02   3.1618717e-07  -4.2229030e-07
6.0433333e+02   3.1103142e-07  -4.2041213e-07
6.0437500e+02   3.0587567e-07  -4.1853396e-07
6.0441667e+02   3.0071991e-07  -4.1665578e-07
6.0445833e+02   2.9556416e-07  -4.1477761e-07
6.0450000e+02   2.9040841e-07  -4.1289944e-07
6.0454167e+02   2.8567515e-07  -4.1091959e-07
6.0458333e+02   2.8174665e-07  -4.0874607e-07
6.0462500e+02   2.7862291e-07  -4.0637888e-07
6.0466667e+02   2.7630393e-07  -4.0381801e-07
6.0470833e+02   2.7478971e-07  -4.0106348e-07
6.0475000e+02   2.7408025e-07  -3.9811528e-07
6.0479167e+02   2.7417555e-07  -3.9497340e-07
6.0483333e+02   2.7507560e-07  -3.9163786e-07
6.0487500e+02   2.7678042e-07  -3.8810864e-07
6.0491667e+02   2.7928999e-07  -3.8438576e-07
6.0495833e+02   2.8260432e-07  -3.8046920e-07
6.0500000e+02   2.8672341e-07  -3.7635897e-07
6.0504167e+02   2.9122476e-07  -3.7215675e-07
6.0508333e+02   2.9572611e-07  -3.6795453e-07
6.0512500e+02   3.0022746e-07  -3.6375231e-07
6.0516667e+02   3.0472881e-07  -3.5955009e-07
6.0520833e+02   3.0923016e-07  -3.5534787e-07
6.0525000e+02   3.1373151e-07  -3.5114564e-07
6.0529167e+02   3.1823286e-07  -3.4694342e-07
6.0533333e+02   3.2273421e-07  -3.4274120e-07
6.0537500e+02   3.2723556e-07  -3.3853898e-07
6.0541667e+02   3.3173691e-07  -3.3433676e-07
6.0545833e+02   3.3623826e-07  -3.3013454e-07
6.0550000e+02   3.4073961e-07  -3.2593232e-07
6.0554167e+02   3.4524096e-07  -3.2173010e-07
6.0558333e+02   3.4974231e-07  -3.1752787e-07
6.0562500e+02   3.5424366e-07  -3.1332565e-07
6.0566667e+02   3.5874501e-07  -3.0912343e-07
6.0570833e+02   3.6324636e-07  -3.0492121e-07
6.0575000e+02   3.6774771e-07  -3.0071899e-07
6.0579167e+02   3.7224906e-07  -2.9651677e-07
6.0583333e+02   3.7675041e-07  -2.9231455e-07
6.0587500e+02   3.8125176e-07  -2.8811233e-07
6.0591667e+02   3.8575311e-07  -2.8391011e-07
6.0595833e+02   3.9025446e-07  -2.7970788e-07
6.0600000e+02   3.9475581e-07  -2.7550566e-07
6.0604167e+02   3.9906439e-07  -2.7160647e-07
6.0608333e+02   4.0291942e-07  -2.6842027e-07
6.0612500e+02   4.0632090e-07  -2.6594708e-07
6.0616667e+02   4.0926882e-07  -2.6418688e-07
6.0620833e+02   4.1176318e-07  -2.6313969e-07
6.0625000e+02   4.1380398e-07  -2.6280550e-07
6.0629167e+02   4.1539123e-07  -2.6318431e-07
6.0633333e+02   4.1652492e-07  -2.6427612e-07
6.0637500e+02   4.1720505e-07  -2.6608093e-07
6.0641667e+02   4.1743163e-07  -2.6859874e-07
6.0645833e+02   4.1720465e-07  -2.7182955e-07
6.0650000e+02   4.1652411e-07  -2.7577336e-07
6.0654167e+02   4.1558278e-07  -2.8012715e-07
6.0658333e+02   4.1464145e-07  -2.8448094e-07
6.0662500e+02   4.1370012e-07  -2.8883472e-07
6.0666667e+02   4.1275878e-07  -2.9318851e-07
6.0670833e+02   4.1181745e-07  -2.9754230e-07
6.0675000e+02   4.1087612e-07  -3.0189609e-07
6.0679167e+02   4.0993479e-07  -3.0624988e-07
6.0683333e+02   4.0899346e-07  -3.1060366e-07
6.0687500e+02   4.0805212e-07  -3.1495745e-07
6.0691667e+02   4.0711079e-07  -3.1931124e-07
6.0695833e+02   4.0616946e-07  -3.2366503e-07
6.0700000e+02   4.0522813e-07  -3.2801881e-07
6.0704167e+02   4.0428679e-07  -3.3237260e-07
6.0708333e+02   4.0334546e-07  -3.3672639e-07
6.0712500e+02   4.0240413e-07  -3.4108018e-07
6.0716667e+02   4.0146280e-07  -3.4543396e-07
6.0720833e+02   4.0052147e-07  -3.4978775e-07
6.0725000e+02   3.9958013e-07  -3.5414154e-07
6.0729167e+02   3.9863880e-07  -3.5849533e-07
6.0733333e+02   3.9769747e-07  -3.6284912e-07
6.0737500e+02   3.9675614e-07  -3.6720290e-07
6.0741667e+02   3.9581481e-07  -3.7155669e-07
6.0745833e+02   3.9487347e-07  -3.7591048e-07
6.0750000e+02   3.9393214e-07  -3.8026427e-07
6.0754167e+02   3.9296992e-07  -3.8449355e-07
6.0758333e+02   3.9194175e-07  -3.8832964e-07
6.0762500e+02   3.9084762e-07  -3.9177256e-07
6.0766667e+02   3.8968754e-07  -3.9482229e-07
6.0770833e+02   3.8846150e-07  -3.9747884e-07
6.0775000e+02   3.8716951e-07  -3.9974220e-07
6.0779167e+02   3.8581156e-07  -4.0161239e-07
6.0783333e+02   3.8438766e-07  -4.0308939e-07
6.0787500e+02   3.8289780e-07  -4.0417321e-07
6.0791667e+02   3.8134198e-07  -4.0486384e-07
6.0795833e+02   3.7972021e-07  -4.0516130e-07
6.0800000e+02   3.7803249e-07  -4.0506557e-07
6.0804167e+02   3.7629970e-07  -4.0470116e-07
6.0808333e+02   3.7456690e-07  -4.0433676e-07
6.0812500e+02   3.7283411e-07  -4.0397235e-07
6.0816667e+02   3.7110132e-07  -4.0360795e-07
6.0820833e+02   3.6936853e-07  -4.0324354e-07
6.0825000e+02   3.6763573e-07  -4.0287914e-07
6.0829167e+02   3.6590294e-07  -4.0251473e-07
6.0833333e+02   3.6417015e-07  -4.0215033e-07
6.0837500e+02   3.6243735e-07  -4.0178593e-07
6.0841667e+02   3.6070456e-07  -4.0142152e-07
6.0845833e+02   3.5897177e-07  -4.0105712e-07
6.0850000e+02   3.5723897e-07  -4.0069271e-07
6.0854167e+02   3.5550618e-07  -4.0032831e-07
6.0858333e+02   3.5377339e-07  -3.9996390e-07
6.0862500e+02   3.5204060e-07  -3.9959950e-07
6.0866667e+02   3.5030780e-07  -3.9923509e-07
6.0870833e+02   3.4857501e-07  -3.9887069e-07
6.0875000e+02   3.4684222e-07  -3.9850629e-07
6.0879167e+02   3.4510942e-07  -3.9814188e-07
6.0883333e+02   3.4337663e-07  -3.9777748e-07
6.0887500e+02   3.4164384e-07  -3.9741307e-07
6.0891667e+02   3.3991104e-07  -3.9704867e-07
6.0895833e+02   3.3817825e-07  -3.9668426e-07
6.0900000e+02   3.3644546e-07  -3.9631986e-07
6.0904167e+02   3.3471266e-07  -3.9595545e-07
6.0908333e+02   3.3297987e-07  -3.9559105e-07
6.0912500e+02   3.3124708e-07  -3.9522664e-07
6.0916667e+02   3.2951429e-07  -3.9486224e-07
6.0920833e+02   3.2778149e-07  -3.9449784e-07
6.0925000e+02   3.2604870e-07  -3.9413343e-07
6.0929167e+02   3.2431591e-07  -3.9376903e-07
6.0933333e+02   3.2258311e-07  -3.9340462e-07
6.0937500e+02   3.2085032e-07  -3.9304022e-07
6.0941667e+02   3.1911753e-07  -3.9267581e-07
6.0945833e+02   3.1738473e-07  -3.9231141e-07
6.0950000e+02   3.1565194e-07  -3.9194700e-07
6.0954167e+02   3.1388881e-07  -3.9144447e-07
6.0958333e+02   3.1205828e-07  -3.9063500e-07
6.0962500e+02   3.1016033e-07  -3.8951857e-07
6.0966667e+02   3.0819498e-07  -3.8809520e-07
6.0970833e+02   3.0616222e-07  -3.8636488e-07
6.0975000e+02   3.0406205e-07  -3.8432762e-07
6.0979167e+02   3.0189447e-07  -3.8198341e-07
6.0983333e+02   2.9965949e-07  -3.7933225e-07
6.0987500e+02   2.9735709e-07  -3.7637414e-07
6.0991667e+02   2.9498729e-07  -3.7310909e-07
6.0995833e+02   2.9255008e-07  -3.6953709e-07
6.1000000e+02   2.9004546e-07  -3.6565814e-07
6.1004167e+02   2.8750376e-07  -3.6161038e-07
6.1008333e+02   2.8496207e-07  -3.5756261e-07
6.1012500e+02   2.8242037e-07  -3.5351484e-07
6.1016667e+02   2.7987868e-07  -3.4946708e-07
6.1020833e+02   2.7733698e-07  -3.4541931e-07
6.1025000e+02   2.7479529e-07  -3.4137154e-07
6.1029167e+02   2.7225359e-07  -3.3732377e-07
6.1033333e+02   2.6971190e-07  -3.3327601e-07
6.1037500e+02   2.6717020e-07  -3.2922824e-07
6.1041667e+02   2.6462851e-07  -3.2518047e-07
6.1045833e+02   2.6208681e-07  -3.2113271e-07
6.1050000e+02   2.5954512e-07  -3.1708494e-07
6.1054167e+02   2.5700342e-07  -3.1303717e-07
6.1058333e+02   2.5446173e-07  -3.0898941e-07
6.1062500e+02   2.5192003e-07  -3.0494164e-07
6.1066667e+02   2.4937834e-07  -3.0089387e-07
6.1070833e+02   2.4683664e-07  -2.9684611e-07
6.1075000e+02   2.4429495e-07  -2.9279834e-07
6.1079167e+02   2.4175325e-07  -2.8875057e-07
6.1083333e+02   2.3921156e-07  -2.8470280e-07
6.1087500e+02   2.3666986e-07  -2.8065504e-07
6.1091667e+02   2.3412817e-07  -2.7660727e-07
6.1095833e+02   2.3158648e-07  -2.7255950e-07
6.1100000e+02   2.2904478e-07  -2.6851174e-07
6.1104167e+02   2.2650309e-07  -2.6446397e-07
6.1108333e+02   2.2396139e-07  -2.6041620e-07
6.1112500e+02   2.2141970e-07  -2.5636844e-07
6.1116667e+02   2.1887800e-07  -2.5232067e-07
6.1120833e+02   2.1633631e-07  -2.4827290e-07
6.1125000e+02   2.1379461e-07  -2.4422513e-07
6.1129167e+02   2.1125292e-07  -2.4017737e-07
6.1133333e+02   2.0871122e-07  -2.3612960e-07
6.1137500e+02   2.0616953e-07  -2.3208183e-07
6.1141667e+02   2.0362783e-07  -2.2803407e-07
6.1145833e+02   2.0108614e-07  -2.2398630e-07
6.1150000e+02   1.9854444e-07  -2.1993853e-07
6.1154167e+02   1.9661066e-07  -2.1637523e-07
6.1158333e+02   1.9570433e-07  -2.1363074e-07
6.1162500e+02   1.9582547e-07  -2.1170506e-07
6.1166667e+02   1.9697406e-07  -2.1059819e-07
6.1170833e+02   1.9915011e-07  -2.1031014e-07
6.1175000e+02   2.0235361e-07  -2.1084089e-07
6.1179167e+02   2.0658458e-07  -2.1219046e-07
6.1183333e+02   2.1184300e-07  -2.1435884e-07
6.1187500e+02   2.1812888e-07  -2.1734604e-07
6.1191667e+02   2.2544222e-07  -2.2115204e-07
6.1195833e+02   2.3378302e-07  -2.2577686e-07
6.1200000e+02   2.4315127e-07  -2.3122049e-07
6.1204167e+02   2.5293907e-07  -2.3699846e-07
6.1208333e+02   2.6272687e-07  -2.4277644e-07
6.1212500e+02   2.7251467e-07  -2.4855442e-07
6.1216667e+02   2.8230247e-07  -2.5433239e-07
6.1220833e+02   2.9209027e-07  -2.6011037e-07
6.1225000e+02   3.0187807e-07  -2.6588835e-07
6.1229167e+02   3.1166587e-07  -2.7166633e-07
6.1233333e+02   3.2145366e-07  -2.7744430e-07
6.1237500e+02   3.3124146e-07  -2.8322228e-07
6.1241667e+02   3.4102926e-07  -2.8900026e-07
6.1245833e+02   3.5081706e-07  -2.9477823e-07
6.1250000e+02   3.6060486e-07  -3.0055621e-07
6.1254167e+02   3.7039266e-07  -3.0633419e-07
6.1258333e+02   3.8018046e-07  -3.1211216e-07
6.1262500e+02   3.8996826e-07  -3.1789014e-07
6.1266667e+02   3.9975606e-07  -3.2366812e-07
6.1270833e+02   4.0954386e-07  -3.2944610e-07
6.1275000e+02   4.1933166e-07  -3.3522407e-07
6.1279167e+02   4.2911946e-07  -3.4100205e-07
6.1283333e+02   4.3890725e-07  -3.4678003e-07
6.1287500e+02   4.4869505e-07  -3.5255800e-07
6.1291667e+02   4.5848285e-07  -3.5833598e-07
6.1295833e+02   4.6827065e-07  -3.6411396e-07
6.1300000e+02   4.7805845e-07  -3.6989193e-07
6.1304167e+02   4.8734274e-07  -3.7524779e-07
6.1308333e+02   4.9560295e-07  -3.7974510e-07
6.1312500e+02   5.0283908e-07  -3.8338386e-07
6.1316667e+02   5.0905113e-07  -3.8616408e-07
6.1320833e+02   5.1423909e-07  -3.8808574e-07
6.1325000e+02   5.1840297e-07  -3.8914886e-07
6.1329167e+02   5.2154277e-07  -3.8935343e-07
6.1333333e+02   5.2365848e-07  -3.8869945e-07
6.1337500e+02   5.2475011e-07  -3.8718692e-07
6.1341667e+02   5.2481767e-07  -3.8481585e-07
6.1345833e+02   5.2386113e-07  -3.8158622e-07
6.1350000e+02   5.2188052e-07  -3.7749805e-07
6.1354167e+02   5.1937933e-07  -3.7297345e-07
6.1358333e+02   5.1687814e-07  -3.6844885e-07
6.1362500e+02   5.1437695e-07  -3.6392425e-07
6.1366667e+02   5.1187576e-07  -3.5939965e-07
6.1370833e+02   5.0937457e-07  -3.5487505e-07
6.1375000e+02   5.0687338e-07  -3.5035045e-07
6.1379167e+02   5.0437220e-07  -3.4582585e-07
6.1383333e+02   5.0187101e-07  -3.4130125e-07
6.1387500e+02   4.9936982e-07  -3.3677665e-07
6.1391667e+02   4.9686863e-07  -3.3225205e-07
6.1395833e+02   4.9436744e-07  -3.2772745e-07
6.1400000e+02   4.9186625e-07  -3.2320285e-07
6.1404167e+02   4.8936506e-07  -3.1867825e-07
6.1408333e+02   4.8686387e-07  -3.1415365e-07
6.1412500e+02   4.8436268e-07  -3.0962905e-07
6.1416667e+02   4.8186149e-07  -3.0510445e-07
6.1420833e+02   4.7936030e-07  -3.0057985e-07
6.1425000e+02   4.7685911e-07  -2.9605525e-07
6.1429167e+02   4.7435792e-07  -2.9153065e-07
6.1433333e+02   4.7185674e-07  -2.8700605e-07
6.1437500e+02   4.6935555e-07  -2.8248145e-07
6.1441667e+02   4.6685436e-07  -2.7795685e-07
6.1445833e+02   4.6435317e-07  -2.7343225e-07
6.1450000e+02   4.6185198e-07  -2.6890765e-07
6.1454167e+02   4.5956659e-07  -2.6481118e-07
6.1458333e+02   4.5784415e-07  -2.6183157e-07
6.1462500e+02   4.5668467e-07  -2.5996881e-07
6.1466667e+02   4.5608814e-07  -2.5922290e-07
6.1470833e+02   4.5605457e-07  -2.5959385e-07
6.1475000e+02   4.5658395e-07  -2.6108166e-07
6.1479167e+02   4.5767628e-07  -2.6368633e-07
6.1483333e+02   4.5933157e-07  -2.6740785e-07
6.1487500e+02   4.6154981e-07  -2.7224622e-07
6.1491667e+02   4.6433101e-07  -2.7820145e-07
6.1495833e+02   4.6767516e-07  -2.8527354e-07
6.1500000e+02   4.7158227e-07  -2.9346249e-07
6.1504167e+02   4.7583653e-07  -3.0234016e-07
6.1508333e+02   4.8009079e-07  -3.1121783e-07
6.1512500e+02   4.8434505e-07  -3.2009550e-07
6.1516667e+02   4.8859931e-07  -3.2897317e-07
6.1520833e+02   4.9285357e-07  -3.3785084e-07
6.1525000e+02   4.9710783e-07  -3.4672852e-07
6.1529167e+02   5.0136209e-07  -3.5560619e-07
6.1533333e+02   5.0561635e-07  -3.6448386e-07
6.1537500e+02   5.0987061e-07  -3.7336153e-07
6.1541667e+02   5.1412487e-07  -3.8223920e-07
6.1545833e+02   5.1837913e-07  -3.9111687e-07
6.1550000e+02   5.2263339e-07  -3.9999455e-07
6.1554167e+02   5.2688765e-07  -4.0887222e-07
6.1558333e+02   5.3114191e-07  -4.1774989e-07
6.1562500e+02   5.3539617e-07  -4.2662756e-07
6.1566667e+02   5.3965043e-07  -4.3550523e-07
6.1570833e+02   5.4390469e-07  -4.4438290e-07
6.1575000e+02   5.4815895e-07  -4.5326058e-07
6.1579167e+02   5.5241321e-07  -4.6213825e-07
6.1583333e+02   5.5666747e-07  -4.7101592e-07
6.1587500e+02   5.6092173e-07  -4.7989359e-07
6.1591667e+02   5.6517598e-07  -4.8877126e-07
6.1595833e+02   5.6943024e-07  -4.9764894e-07
6.1600000e+02   5.7368450e-07  -5.0652661e-07
6.1604167e+02   5.7763531e-07  -5.1519758e-07
6.1608333e+02   5.8048267e-07  -5.2311694e-07
6.1612500e+02   5.8222657e-07  -5.3028468e-07
6.1616667e+02   5.8286701e-07  -5.3670080e-07
6.1620833e+02   5.8240400e-07  -5.4236530e-07
6.1625000e+02   5.8083754e-07  -5.4727818e-07
6.1629167e+02   5.7816761e-07  -5.5143944e-07
6.1633333e+02   5.7439424e-07  -5.5484908e-07
6.1637500e+02   5.6951741e-07  -5.5750711e-07
6.1641667e+02   5.6353712e-07  -5.5941351e-07
6.1645833e+02   5.5645338e-07  -5.6056830e-07
6.1650000e+02   5.4826618e-07  -5.6097146e-07
6.1654167e+02   5.3927898e-07  -5.6082970e-07
6.1658333e+02   5.3029177e-07  -5.6068795e-07
6.1662500e+02   5.2130457e-07  -5.6054619e-07
6.1666667e+02   5.1231737e-07  -5.6040443e-07
6.1670833e+02   5.0333017e-07  -5.6026267e-07
6.1675000e+02   4.9434297e-07  -5.6012091e-07
6.1679167e+02   4.8535576e-07  -5.5997916e-07
6.1683333e+02   4.7636856e-07  -5.5983740e-07
6.1687500e+02   4.6738136e-07  -5.5969564e-07
6.1691667e+02   4.5839416e-07  -5.5955388e-07
6.1695833e+02   4.4940695e-07  -5.5941212e-07
6.1700000e+02   4.4041975e-07  -5.5927037e-07
6.1704167e+02   4.3168126e-07  -5.5871489e-07
6.1708333e+02   4.2326719e-07  -5.5761980e-07
6.1712500e+02   4.1517752e-07  -5.5598508e-07
6.1716667e+02   4.0741227e-07  -5.5381073e-07
6.1720833e+02   3.9997143e-07  -5.5109675e-07
6.1725000e+02   3.9285500e-07  -5.4784316e-07
6.1729167e+02   3.8606298e-07  -5.4404993e-07
6.1733333e+02   3.7959537e-07  -5.3971708e-07
6.1737500e+02   3.7345217e-07  -5.3484460e-07
6.1741667e+02   3.6763338e-07  -5.2943250e-07
6.1745833e+02   3.6213901e-07  -5.2348077e-07
6.1750000e+02   3.5696904e-07  -5.1698942e-07
6.1754167e+02   3.5187477e-07  -5.1037215e-07
6.1758333e+02   3.4678051e-07  -5.0375489e-07
6.1762500e+02   3.4168624e-07  -4.9713762e-07
6.1766667e+02   3.3659197e-07  -4.9052036e-07
6.1770833e+02   3.3149770e-07  -4.8390309e-07
6.1775000e+02   3.2640343e-07  -4.7728583e-07
6.1779167e+02   3.2130916e-07  -4.7066856e-07
6.1783333e+02   3.1621489e-07  -4.6405129e-07
6.1787500e+02   3.1112063e-07  -4.5743403e-07
6.1791667e+02   3.0602636e-07  -4.5081676e-07
6.1795833e+02   3.0093209e-07  -4.4419950e-07
6.1800000e+02   2.9583782e-07  -4.3758223e-07
6.1804167e+02   2.9074355e-07  -4.3096496e-07
6.1808333e+02   2.8564928e-07  -4.2434770e-07
6.1812500e+02   2.8055501e-07  -4.1773043e-07
6.1816667e+02   2.7546075e-07  -4.1111317e-07
6.1820833e+02   2.7036648e-07  -4.0449590e-07
6.1825000e+02   2.6527221e-07  -3.9787863e-07
6.1829167e+02   2.6017794e-07  -3.9126137e-07
6.1833333e+02   2.5508367e-07  -3.8464410e-07
6.1837500e+02   2.4998940e-07  -3.7802684e-07
6.1841667e+02   2.4489514e-07  -3.7140957e-07
6.1845833e+02   2.3980087e-07  -3.6479230e-07
6.1850000e+02   2.3470660e-07  -3.5817504e-07
6.1854167e+02   2.2971624e-07  -3.5197274e-07
6.1858333e+02   2.2488173e-07  -3.4639289e-07
6.1862500e+02   2.2020309e-07  -3.4143549e-07
6.1866667e+02   2.1568030e-07  -3.3710055e-07
6.1870833e+02   2.1131337e-07  -3.3338805e-07
6.1875000e+02   2.0710231e-07  -3.3029800e-07
6.1879167e+02   2.0304710e-07  -3.2783041e-07
6.1883333e+02   1.9914774e-07  -3.2598526e-07
6.1887500e+02   1.9540425e-07  -3.2476256e-07
6.1891667e+02   1.9181662e-07  -3.2416232e-07
6.1895833e+02   1.8838485e-07  -3.2418453e-07
6.1900000e+02   1.8510893e-07  -3.2482918e-07
6.1904167e+02   1.8188497e-07  -3.2568132e-07
6.1908333e+02   1.7866101e-07  -3.2653346e-07
6.1912500e+02   1.7543704e-07  -3.2738560e-07
6.1916667e+02   1.7221308e-07  -3.2823774e-07
6.1920833e+02   1.6898912e-07  -3.2908988e-07
6.1925000e+02   1.6576516e-07  -3.2994202e-07
6.1929167e+02   1.6254119e-07  -3.3079416e-07
6.1933333e+02   1.5931723e-07  -3.3164630e-07
6.1937500e+02   1.5609327e-07  -3.3249844e-07
6.1941667e+02   1.5286931e-07  -3.3335058e-07
6.1945833e+02   1.4964534e-07  -3.3420272e-07
6.1950000e+02   1.4642138e-07  -3.3505486e-07
6.1954167e+02   1.4319742e-07  -3.3590700e-07
6.1958333e+02   1.3997346e-07  -3.3675913e-07
6.1962500e+02   1.3674949e-07  -3.3761127e-07
6.1966667e+02   1.3352553e-07  -3.3846341e-07
6.1970833e+02   1.3030157e-07  -3.3931555e-07
6.1975000e+02   1.2707761e-07  -3.4016769e-07
6.1979167e+02   1.2385364e-07  -3.4101983e-07
6.1983333e+02   1.2062968e-07  -3.4187197e-07
6.1987500e+02   1.1740572e-07  -3.4272411e-07
6.1991667e+02   1.1418176e-07  -3.4357625e-07
6.1995833e+02   1.1095779e-07  -3.4442839e-07
6.2000000e+02   1.0773383e-07  -3.4528053e-07
6.2004167e+02   1.0477686e-07  -3.4574350e-07
6.2008333e+02   1.0229809e-07  -3.4550945e-07
6.2012500e+02   1.0029752e-07  -3.4457837e-07
6.2016667e+02   9.8775152e-08  -3.4295027e-07
6.2020833e+02   9.7730979e-08  -3.4062515e-07
6.2025000e+02   9.7165004e-08  -3.3760301e-07
6.2029167e+02   9.7077228e-08  -3.3388385e-07
6.2033333e+02   9.7467651e-08  -3.2946766e-07
6.2037500e+02   9.8336273e-08  -3.2435446e-07
6.2041667e+02   9.9683093e-08  -3.1854423e-07
6.2045833e+02   1.0150811e-07  -3.1203698e-07
6.2050000e+02   1.0381133e-07  -3.0483270e-07
6.2054167e+02   1.0632575e-07  -2.9732058e-07
6.2058333e+02   1.0884017e-07  -2.8980845e-07
6.2062500e+02   1.1135460e-07  -2.8229633e-07
6.2066667e+02   1.1386902e-07  -2.7478420e-07
6.2070833e+02   1.1638344e-07  -2.6727208e-07
6.2075000e+02   1.1889786e-07  -2.5975995e-07
6.2079167e+02   1.2141228e-07  -2.5224783e-07
6.2083333e+02   1.2392671e-07  -2.4473570e-07
6.2087500e+02   1.2644113e-07  -2.3722358e-07
6.2091667e+02   1.2895555e-07  -2.2971145e-07
6.2095833e+02   1.3146997e-07  -2.2219933e-07
6.2100000e+02   1.3396731e-07  -2.1471141e-07
6.2104167e+02   1.3605463e-07  -2.0780443e-07
6.2108333e+02   1.3773193e-07  -2.0147841e-07
6.2112500e+02   1.3899922e-07  -1.9573333e-07
6.2116667e+02   1.3985648e-07  -1.9056920e-07
6.2120833e+02   1.4030373e-07  -1.8598601e-07
6.2125000e+02   1.4034096e-07  -1.8198377e-07
6.2129167e+02   1.3996817e-07  -1.7856248e-07
6.2133333e+02   1.3918536e-07  -1.7572213e-07
6.2137500e+02   1.3799254e-07  -1.7346273e-07
6.2141667e+02   1.3638969e-07  -1.7178427e-07
6.2145833e+02   1.3437683e-07  -1.7068677e-07
6.2150000e+02   1.3197104e-07  -1.7014600e-07
6.2154167e+02   1.2956524e-07  -1.6960523e-07
6.2158333e+02   1.2715945e-07  -1.6906446e-07
6.2162500e+02   1.2475365e-07  -1.6852369e-07
6.2166667e+02   1.2234786e-07  -1.6798293e-07
6.2170833e+02   1.1994206e-07  -1.6744216e-07
6.2175000e+02   1.1753626e-07  -1.6690139e-07
6.2179167e+02   1.1513047e-07  -1.6636062e-07
6.2183333e+02   1.1272467e-07  -1.6581986e-07
6.2187500e+02   1.1031888e-07  -1.6527909e-07
6.2191667e+02   1.0791308e-07  -1.6473832e-07
6.2195833e+02   1.0550729e-07  -1.6419755e-07
6.2200000e+02   1.0310149e-07  -1.6365679e-07
6.2204167e+02   1.0069570e-07  -1.6311602e-07
6.2208333e+02   9.8289900e-08  -1.6257525e-07
6.2212500e+02   9.5884105e-08  -1.6203448e-07
6.2216667e+02   9.3478309e-08  -1.6149372e-07
6.2220833e+02   9.1072514e-08  -1.6095295e-07
6.2225000e+02   8.8666718e-08  -1.6041218e-07
6.2229167e+02   8.6260923e-08  -1.5987141e-07
6.2233333e+02   8.3855127e-08  -1.5933065e-07
6.2237500e+02   8.1449332e-08  -1.5878988e-07
6.2241667e+02   7.9043536e-08  -1.5824911e-07
6.2245833e+02   7.6637740e-08  -1.5770834e-07
6.2250000e+02   7.4231945e-08  -1.5716758e-07
6.2254167e+02   7.1826149e-08  -1.5662681e-07
6.2258333e+02   6.9420354e-08  -1.5608604e-07
6.2262500e+02   6.7014558e-08  -1.5554527e-07
6.2266667e+02   6.4608763e-08  -1.5500451e-07
6.2270833e+02   6.2202967e-08  -1.5446374e-07
6.2275000e+02   5.9797172e-08  -1.5392297e-07
6.2279167e+02   5.7391376e-08  -1.5338220e-07
6.2283333e+02   5.4985581e-08  -1.5284144e-07
6.2287500e+02   5.2579785e-08  -1.5230067e-07
6.2291667e+02   5.0173990e-08  -1.5175990e-07
6.2295833e+02   4.7768194e-08  -1.5121913e-07
6.2300000e+02   4.5414321e-08  -1.5067737e-07
6.2304167e+02   4.3343662e-08  -1.5013018e-07
6.2308333e+02   4.1556217e-08  -1.4957757e-07
6.2312500e+02   4.0051986e-08  -1.4901954e-07
6.2316667e+02   3.8830968e-08  -1.4845608e-07
6.2320833e+02   3.7893165e-08  -1.4788720e-07
6.2325000e+02   3.7238575e-08  -1.4731289e-07
6.2329167e+02   3.6867199e-08  -1.4673316e-07
6.2333333e+02   3.6779038e-08  -1.4614800e-07
6.2337500e+02   3.6974090e-08  -1.4555742e-07
6.2341667e+02   3.7452356e-08  -1.4496141e-07
6.2345833e+02   3.8213836e-08  -1.4435999e-07
6.2350000e+02   3.9206607e-08  -1.4375413e-07
6.2354167e+02   4.0199378e-08  -1.4314827e-07
6.2358333e+02   4.1192149e-08  -1.4254241e-07
6.2362500e+02   4.2184921e-08  -1.4193655e-07
6.2366667e+02   4.3177692e-08  -1.4133069e-07
6.2370833e+02   4.4170463e-08  -1.4072483e-07
6.2375000e+02   4.5163234e-08  -1.4011897e-07
6.2379167e+02   4.6156006e-08  -1.3951311e-07
6.2383333e+02   4.7148777e-08  -1.3890725e-07
6.2387500e+02   4.8141548e-08  -1.3830139e-07
6.2391667e+02   4.9134319e-08  -1.3769554e-07
6.2395833e+02   5.0127091e-08  -1.3708968e-07
6.2400000e+02   5.1119862e-08  -1.3648382e-07
6.2404167e+02   5.2112633e-08  -1.3587796e-07
6.2408333e+02   5.3105404e-08  -1.3527210e-07
6.2412500e+02   5.4098175e-08  -1.3466624e-07
6.2416667e+02   5.5090947e-08  -1.3406038e-07
6.2420833e+02   5.6083718e-08  -1.3345452e-07
6.2425000e+02   5.7076489e-08  -1.3284866e-07
6.2429167e+02   5.8069260e-08  -1.3224280e-07
6.2433333e+02   5.9062032e-08  -1.3163694e-07
6.2437500e+02   6.0054803e-08  -1.3103108e-07
6.2441667e+02   6.1047574e-08  -1.3042523e-07
6.2445833e+02   6.2040345e-08  -1.2981937e-07
6.2450000e+02   6.3033117e-08  -1.2921351e-07
6.2454167e+02   6.4025888e-08  -1.2860765e-07
6.2458333e+02   6.5018659e-08  -1.2800179e-07
6.2462500e+02   6.6011430e-08  -1.2739593e-07
6.2466667e+02   6.7004202e-08  -1.2679007e-07
6.2470833e+02   6.7996973e-08  -1.2618421e-07
6.2475000e+02   6.8989744e-08  -1.2557835e-07
6.2479167e+02   6.9982515e-08  -1.2497249e-07
6.2483333e+02   7.0975287e-08  -1.2436663e-07
6.2487500e+02   7.1968058e-08  -1.2376078e-07
6.2491667e+02   7.2960829e-08  -1.2315492e-07
6.2495833e+02   7.3953600e-08  -1.2254906e-07
6.2500000e+02   7.4946372e-08  -1.2194320e-07
6.2504167e+02   7.5939143e-08  -1.2133734e-07
6.2508333e+02   7.6931914e-08  -1.2073148e-07
6.2512500e+02   7.7924685e-08  -1.2012562e-07
6.2516667e+02   7.8917456e-08  -1.1951976e-07
6.2520833e+02   7.9910228e-08  -1.1891390e-07
6.2525000e+02   8.0902999e-08  -1.1830804e-07
6.2529167e+02   8.1895770e-08  -1.1770218e-07
6.2533333e+02   8.2888541e-08  -1.1709632e-07
6.2537500e+02   8.3881313e-08  -1.1649047e-07
6.2541667e+02   8.4874084e-08  -1.1588461e-07
6.2545833e+02   8.5866855e-08  -1.1527875e-07
6.2550000e+02   8.6859626e-08  -1.1467289e-07
6.2554167e+02   8.7699606e-08  -1.1421710e-07
6.2558333e+02   8.8331232e-08  -1.1396594e-07
6.2562500e+02   8.8754507e-08  -1.1391942e-07
6.2566667e+02   8.8969428e-08  -1.1407753e-07
6.2570833e+02   8.8975997e-08  -1.1444028e-07
6.2575000e+02   8.8774213e-08  -1.1500767e-07
6.2579167e+02   8.8364077e-08  -1.1577969e-07
6.2583333e+02   8.7745588e-08  -1.1675635e-07
6.2587500e+02   8.6918746e-08  -1.1793765e-07
6.2591667e+02   8.5883552e-08  -1.1932358e-07
6.2595833e+02   8.4640005e-08  -1.2091414e-07
6.2600000e+02   8.3188105e-08  -1.2270934e-07
6.2604167e+02   8.1680645e-08  -1.2455912e-07
6.2608333e+02   8.0173185e-08  -1.2640889e-07
6.2612500e+02   7.8665725e-08  -1.2825866e-07
6.2616667e+02   7.7158264e-08  -1.3010843e-07
6.2620833e+02   7.5650804e-08  -1.3195820e-07
6.2625000e+02   7.4143344e-08  -1.3380797e-07
6.2629167e+02   7.2635884e-08  -1.3565775e-07
6.2633333e+02   7.1128424e-08  -1.3750752e-07
6.2637500e+02   6.9620963e-08  -1.3935729e-07
6.2641667e+02   6.8113503e-08  -1.4120706e-07
6.2645833e+02   6.6606043e-08  -1.4305683e-07
6.2650000e+02   6.5098583e-08  -1.4490660e-07
6.2654167e+02   6.3591123e-08  -1.4675638e-07
6.2658333e+02   6.2083662e-08  -1.4860615e-07
6.2662500e+02   6.0576202e-08  -1.5045592e-07
6.2666667e+02   5.9068742e-08  -1.5230569e-07
6.2670833e+02   5.7561282e-08  -1.5415546e-07
6.2675000e+02   5.6053822e-08  -1.5600523e-07
6.2679167e+02   5.4546361e-08  -1.5785500e-07
6.2683333e+02   5.3038901e-08  -1.5970478e-07
6.2687500e+02   5.1531441e-08  -1.6155455e-07
6.2691667e+02   5.0023981e-08  -1.6340432e-07
6.2695833e+02   4.8516521e-08  -1.6525409e-07
6.2700000e+02   4.7009060e-08  -1.6710386e-07
6.2704167e+02   4.5666743e-08  -1.6879115e-07
6.2708333e+02   4.4588653e-08  -1.7021848e-07
6.2712500e+02   4.3774790e-08  -1.7138583e-07
6.2716667e+02   4.3225156e-08  -1.7229321e-07
6.2720833e+02   4.2939750e-08  -1.7294063e-07
6.2725000e+02   4.2918571e-08  -1.7332807e-07
6.2729167e+02   4.3161621e-08  -1.7345555e-07
6.2733333e+02   4.3668898e-08  -1.7332305e-07
6.2737500e+02   4.4440403e-08  -1.7293059e-07
6.2741667e+02   4.5476136e-08  -1.7227816e-07
6.2745833e+02   4.6776097e-08  -1.7136575e-07
6.2750000e+02   4.8340285e-08  -1.7019338e-07
6.2754167e+02   5.0003560e-08  -1.6892353e-07
6.2758333e+02   5.1666834e-08  -1.6765367e-07
6.2762500e+02   5.3330108e-08  -1.6638381e-07
6.2766667e+02   5.4993382e-08  -1.6511395e-07
6.2770833e+02   5.6656656e-08  -1.6384409e-07
6.2775000e+02   5.8319930e-08  -1.6257423e-07
6.2779167e+02   5.9983204e-08  -1.6130437e-07
6.2783333e+02   6.1646478e-08  -1.6003451e-07
6.2787500e+02   6.3309752e-08  -1.5876465e-07
6.2791667e+02   6.4973027e-08  -1.5749479e-07
6.2795833e+02   6.6636301e-08  -1.5622493e-07
6.2800000e+02   6.8299575e-08  -1.5495507e-07
6.2804167e+02   6.9962849e-08  -1.5368522e-07
6.2808333e+02   7.1626123e-08  -1.5241536e-07
6.2812500e+02   7.3289397e-08  -1.5114550e-07
6.2816667e+02   7.4952671e-08  -1.4987564e-07
6.2820833e+02   7.6615945e-08  -1.4860578e-07
6.2825000e+02   7.8279219e-08  -1.4733592e-07
6.2829167e+02   7.9942494e-08  -1.4606606e-07
6.2833333e+02   8.1605768e-08  -1.4479620e-07
6.2837500e+02   8.3269042e-08  -1.4352634e-07
6.2841667e+02   8.4932316e-08  -1.4225648e-07
6.2845833e+02   8.6595590e-08  -1.4098662e-07
6.2850000e+02   8.8258864e-08  -1.3971677e-07
6.2854167e+02   8.9764491e-08  -1.3855747e-07
6.2858333e+02   9.0969838e-08  -1.3760879e-07
6.2862500e+02   9.1874905e-08  -1.3687072e-07
6.2866667e+02   9.2479692e-08  -1.3634325e-07
6.2870833e+02   9.2784198e-08  -1.3602638e-07
6.2875000e+02   9.2788425e-08  -1.3592013e-07
6.2879167e+02   9.2492372e-08  -1.3602448e-07
6.2883333e+02   9.1896038e-08  -1.3633944e-07
6.2887500e+02   9.0999424e-08  -1.3686501e-07
6.2891667e+02   8.9802531e-08  -1.3760118e-07
6.2895833e+02   8.8305357e-08  -1.3854796e-07
6.2900000e+02   8.6507903e-08  -1.3970535e-07
6.2904167e+02   8.4567816e-08  -1.4096277e-07
6.2908333e+02   8.2627729e-08  -1.4222020e-07
6.2912500e+02   8.0687642e-08  -1.4347762e-07
6.2916667e+02   7.8747555e-08  -1.4473505e-07
6.2920833e+02   7.6807468e-08  -1.4599247e-07
6.2925000e+02   7.4867381e-08  -1.4724990e-07
6.2929167e+02   7.2927294e-08  -1.4850732e-07
6.2933333e+02   7.0987207e-08  -1.4976475e-07
6.2937500e+02   6.9047120e-08  -1.5102217e-07
6.2941667e+02   6.7107033e-08  -1.5227960e-07
6.2945833e+02   6.5166946e-08  -1.5353703e-07
6.2950000e+02   6.3226859e-08  -1.5479445e-07
6.2954167e+02   6.1286772e-08  -1.5605188e-07
6.2958333e+02   5.9346685e-08  -1.5730930e-07
6.2962500e+02   5.7406598e-08  -1.5856673e-07
6.2966667e+02   5.5466511e-08  -1.5982415e-07
6.2970833e+02   5.3526424e-08  -1.6108158e-07
6.2975000e+02   5.1586337e-08  -1.6233900e-07
6.2979167e+02   4.9646250e-08  -1.6359643e-07
6.2983333e+02   4.7706163e-08  -1.6485385e-07
6.2987500e+02   4.5766076e-08  -1.6611128e-07
6.2991667e+02   4.3825989e-08  -1.6736871e-07
6.2995833e+02   4.1885902e-08  -1.6862613e-07
6.3000000e+02   3.9945815e-08  -1.6988356e-07
6.3004167e+02   3.8210836e-08  -1.7104882e-07
6.3008333e+02   3.6958461e-08  -1.7199725e-07
6.3012500e+02   3.6188691e-08  -1.7272884e-07
6.3016667e+02   3.5901526e-08  -1.7324359e-07
6.3020833e+02   3.6096967e-08  -1.7354150e-07
6.3025000e+02   3.6775012e-08  -1.7362257e-07
6.3029167e+02   3.7935663e-08  -1.7348680e-07
6.3033333e+02   3.9578919e-08  -1.7313420e-07
6.3037500e+02   4.1704779e-08  -1.7256475e-07
6.3041667e+02   4.4313245e-08  -1.7177846e-07
6.3045833e+02   4.7404316e-08  -1.7077533e-07
6.3050000e+02   5.0977992e-08  -1.6955537e-07
6.3054167e+02   5.4829166e-08  -1.6821072e-07
6.3058333e+02   5.8680339e-08  -1.6686607e-07
6.3062500e+02   6.2531513e-08  -1.6552142e-07
6.3066667e+02   6.6382687e-08  -1.6417677e-07
6.3070833e+02   7.0233861e-08  -1.6283212e-07
6.3075000e+02   7.4085034e-08  -1.6148747e-07
6.3079167e+02   7.7936208e-08  -1.6014282e-07
6.3083333e+02   8.1787382e-08  -1.5879817e-07
6.3087500e+02   8.5638556e-08  -1.5745352e-07
6.3091667e+02   8.9489730e-08  -1.5610887e-07
6.3095833e+02   9.3340903e-08  -1.5476422e-07
6.3100000e+02   9.7192077e-08  -1.5341957e-07
6.3104167e+02   1.0104325e-07  -1.5207492e-07
6.3108333e+02   1.0489442e-07  -1.5073027e-07
6.3112500e+02   1.0874560e-07  -1.4938562e-07
6.3116667e+02   1.1259677e-07  -1.4804097e-07
6.3120833e+02   1.1644795e-07  -1.4669632e-07
6.3125000e+02   1.2029912e-07  -1.4535167e-07
6.3129167e+02   1.2415029e-07  -1.4400702e-07
6.3133333e+02   1.2800147e-07  -1.4266237e-07
6.3137500e+02   1.3185264e-07  -1.4131772e-07
6.3141667e+02   1.3570382e-07  -1.3997307e-07
6.3145833e+02   1.3955499e-07  -1.3862842e-07
6.3150000e+02   1.4340616e-07  -1.3728377e-07
6.3154167e+02   1.4712721e-07  -1.3591739e-07
6.3158333e+02   1.5043736e-07  -1.3448238e-07
6.3162500e+02   1.5333659e-07  -1.3297874e-07
6.3166667e+02   1.5582491e-07  -1.3140648e-07
6.3170833e+02   1.5790232e-07  -1.2976558e-07
6.3175000e+02   1.5956882e-07  -1.2805606e-07
6.3179167e+02   1.6082441e-07  -1.2627792e-07
6.3183333e+02   1.6166908e-07  -1.2443114e-07
6.3187500e+02   1.6210285e-07  -1.2251574e-07
6.3191667e+02   1.6212571e-07  -1.2053170e-07
6.3195833e+02   1.6173765e-07  -1.1847904e-07
6.3200000e+02   1.6093869e-07  -1.1635776e-07
6.3204167e+02   1.5985894e-07  -1.1418957e-07
6.3208333e+02   1.5877918e-07  -1.1202139e-07
6.3212500e+02   1.5769943e-07  -1.0985321e-07
6.3216667e+02   1.5661968e-07  -1.0768503e-07
6.3220833e+02   1.5553992e-07  -1.0551684e-07
6.3225000e+02   1.5446017e-07  -1.0334866e-07
6.3229167e+02   1.5338042e-07  -1.0118048e-07
6.3233333e+02   1.5230067e-07  -9.9012294e-08
6.3237500e+02   1.5122091e-07  -9.6844111e-08
6.3241667e+02   1.5014116e-07  -9.4675928e-08
6.3245833e+02   1.4906141e-07  -9.2507745e-08
6.3250000e+02   1.4798165e-07  -9.0339562e-08
6.3254167e+02   1.4690190e-07  -8.8171379e-08
6.3258333e+02   1.4582215e-07  -8.6003196e-08
6.3262500e+02   1.4474239e-07  -8.3835014e-08
6.3266667e+02   1.4366264e-07  -8.1666831e-08
6.3270833e+02   1.4258289e-07  -7.9498648e-08
6.3275000e+02   1.4150313e-07  -7.7330465e-08
6.3279167e+02   1.4042338e-07  -7.5162282e-08
6.3283333e+02   1.3934363e-07  -7.2994099e-08
6.3287500e+02   1.3826388e-07  -7.0825916e-08
6.3291667e+02   1.3718412e-07  -6.8657733e-08
6.3295833e+02   1.3610437e-07  -6.6489550e-08
6.3300000e+02   1.3502462e-07  -6.4321368e-08
6.3304167e+02   1.3403181e-07  -6.2178370e-08
6.3308333e+02   1.3344031e-07  -6.0151610e-08
6.3312500e+02   1.3325012e-07  -5.8241089e-08
6.3316667e+02   1.3346123e-07  -5.6446806e-08
6.3320833e+02   1.3407364e-07  -5.4768761e-08
6.3325000e+02   1.3508736e-07  -5.3206955e-08
6.3329167e+02   1.3650238e-07  -5.1761387e-08
6.3333333e+02   1.3831871e-07  -5.0432057e-08
6.3337500e+02   1.4053634e-07  -4.9218965e-08
6.3341667e+02   1.4315528e-07  -4.8122112e-08
6.3345833e+02   1.4617552e-07  -4.7141497e-08
6.3350000e+02   1.4959706e-07  -4.6277121e-08
6.3354167e+02   1.5333296e-07  -4.5503798e-08
6.3358333e+02   1.5706886e-07  -4.4730474e-08
6.3362500e+02   1.6080476e-07  -4.3957151e-08
6.3366667e+02   1.6454066e-07  -4.3183828e-08
6.3370833e+02   1.6827656e-07  -4.2410505e-08
6.3375000e+02   1.7201246e-07  -4.1637181e-08
6.3379167e+02   1.7574836e-07  -4.0863858e-08
6.3383333e+02   1.7948426e-07  -4.0090535e-08
6.3387500e+02   1.8322016e-07  -3.9317212e-08
6.3391667e+02   1.8695606e-07  -3.8543889e-08
6.3395833e+02   1.9069196e-07  -3.7770565e-08
6.3400000e+02   1.9442786e-07  -3.6997242e-08
6.3404167e+02   1.9783243e-07  -3.6291831e-08
6.3408333e+02   2.0076924e-07  -3.5682297e-08
6.3412500e+02   2.0323830e-07  -3.5168640e-08
6.3416667e+02   2.0523959e-07  -3.4750859e-08
6.3420833e+02   2.0677313e-07  -3.4428954e-08
6.3425000e+02   2.0783891e-07  -3.4202926e-08
6.3429167e+02   2.0843694e-07  -3.4072775e-08
6.3433333e+02   2.0856720e-07  -3.4038500e-08
6.3437500e+02   2.0822971e-07  -3.4100101e-08
6.3441667e+02   2.0742446e-07  -3.4257579e-08
6.3445833e+02   2.0615145e-07  -3.4510934e-08
6.3450000e+02   2.0441069e-07  -3.4860165e-08
6.3454167e+02   2.0253349e-07  -3.5237360e-08
6.3458333e+02   2.0065629e-07  -3.5614555e-08
6.3462500e+02   1.9877910e-07  -3.5991750e-08
6.3466667e+02   1.9690190e-07  -3.6368946e-08
6.3470833e+02   1.9502471e-07  -3.6746141e-08
6.3475000e+02   1.9314751e-07  -3.7123336e-08
6.3479167e+02   1.9127031e-07  -3.7500531e-08
6.3483333e+02   1.8939312e-07  -3.7877726e-08
6.3487500e+02   1.8751592e-07  -3.8254921e-08
6.3491667e+02   1.8563873e-07  -3.8632117e-08
6.3495833e+02   1.8376153e-07  -3.9009312e-08
6.3500000e+02   1.8188434e-07  -3.9386507e-08
6.3504167e+02   1.8000714e-07  -3.9763702e-08
6.3508333e+02   1.7812994e-07  -4.0140897e-08
6.3512500e+02   1.7625275e-07  -4.0518092e-08
6.3516667e+02   1.7437555e-07  -4.0895287e-08
6.3520833e+02   1.7249836e-07  -4.1272483e-08
6.3525000e+02   1.7062116e-07  -4.1649678e-08
6.3529167e+02   1.6874396e-07  -4.2026873e-08
6.3533333e+02   1.6686677e-07  -4.2404068e-08
6.3537500e+02   1.6498957e-07  -4.2781263e-08
6.3541667e+02   1.6311238e-07  -4.3158458e-08
6.3545833e+02   1.6123518e-07  -4.3535654e-08
6.3550000e+02   1.5935799e-07  -4.3912849e-08
6.3554167e+02   1.5743946e-07  -4.4317292e-08
6.3558333e+02   1.5545203e-07  -4.4767148e-08
6.3562500e+02   1.5339572e-07  -4.5262417e-08
6.3566667e+02   1.5127052e-07  -4.5803099e-08
6.3570833e+02   1.4907643e-07  -4.6389193e-08
6.3575000e+02   1.4681345e-07  -4.7020701e-08
6.3579167e+02   1.4448157e-07  -4.7697622e-08
6.3583333e+02   1.4208081e-07  -4.8419956e-08
6.3587500e+02   1.3961115e-07  -4.9187703e-08
6.3591667e+02   1.3707261e-07  -5.0000863e-08
6.3595833e+02   1.3446517e-07  -5.0859436e-08
6.3600000e+02   1.3178884e-07  -5.1763422e-08
6.3604167e+02   1.2908496e-07  -5.2685573e-08
6.3608333e+02   1.2638108e-07  -5.3607724e-08
6.3612500e+02   1.2367719e-07  -5.4529875e-08
6.3616667e+02   1.2097331e-07  -5.5452027e-08
6.3620833e+02   1.1826943e-07  -5.6374178e-08
6.3625000e+02   1.1556554e-07  -5.7296329e-08
6.3629167e+02   1.1286166e-07  -5.8218480e-08
6.3633333e+02   1.1015778e-07  -5.9140631e-08
6.3637500e+02   1.0745390e-07  -6.0062782e-08
6.3641667e+02   1.0475001e-07  -6.0984933e-08
6.3645833e+02   1.0204613e-07  -6.1907085e-08
6.3650000e+02   9.9342246e-08  -6.2829236e-08
6.3654167e+02   9.6638363e-08  -6.3751387e-08
6.3658333e+02   9.3934480e-08  -6.4673538e-08
6.3662500e+02   9.1230597e-08  -6.5595689e-08
6.3666667e+02   8.8526714e-08  -6.6517840e-08
6.3670833e+02   8.5822831e-08  -6.7439991e-08
6.3675000e+02   8.3118948e-08  -6.8362143e-08
6.3679167e+02   8.0415065e-08  -6.9284294e-08
6.3683333e+02   7.7711182e-08  -7.0206445e-08
6.3687500e+02   7.5007299e-08  -7.1128596e-08
6.3691667e+02   7.2303415e-08  -7.2050747e-08
6.3695833e+02   6.9599532e-08  -7.2972898e-08
6.3700000e+02   6.6895649e-08  -7.3895049e-08
6.3704167e+02   6.4339707e-08  -7.4798391e-08
6.3708333e+02   6.2084663e-08  -7.5663477e-08
6.3712500e+02   6.0130517e-08  -7.6490308e-08
6.3716667e+02   5.8477268e-08  -7.7278882e-08
6.3720833e+02   5.7124917e-08  -7.8029200e-08
6.3725000e+02   5.6073464e-08  -7.8741263e-08
6.3729167e+02   5.5322908e-08  -7.9415070e-08
6.3733333e+02   5.4873250e-08  -8.0050620e-08
6.3737500e+02   5.4724490e-08  -8.0647915e-08
6.3741667e+02   5.4876627e-08  -8.1206954e-08
6.3745833e+02   5.5329662e-08  -8.1727737e-08
6.3750000e+02   5.6083595e-08  -8.2210264e-08
6.3754167e+02   5.6990484e-08  -8.2673345e-08
6.3758333e+02   5.7897373e-08  -8.3136425e-08
6.3762500e+02   5.8804262e-08  -8.3599506e-08
6.3766667e+02   5.9711151e-08  -8.4062586e-08
6.3770833e+02   6.0618040e-08  -8.4525667e-08
6.3775000e+02   6.1524929e-08  -8.4988747e-08
6.3779167e+02   6.2431818e-08  -8.5451828e-08
6.3783333e+02   6.3338707e-08  -8.5914908e-08
6.3787500e+02   6.4245596e-08  -8.6377988e-08
6.3791667e+02   6.5152485e-08  -8.6841069e-08
6.3795833e+02   6.6059374e-08  -8.7304149e-08
6.3800000e+02   6.6966263e-08  -8.7767230e-08
6.3804167e+02   6.7913295e-08  -8.8205792e-08
6.3808333e+02   6.9143693e-08  -8.8471287e-08
6.3812500e+02   7.0657456e-08  -8.8563715e-08
6.3816667e+02   7.2454584e-08  -8.8483076e-08
6.3820833e+02   7.4535078e-08  -8.8229369e-08
6.3825000e+02   7.6898937e-08  -8.7802595e-08
6.3829167e+02   7.9546161e-08  -8.7202753e-08
6.3833333e+02   8.2476751e-08  -8.6429844e-08
6.3837500e+02   8.5690706e-08  -8.5483867e-08
6.3841667e+02   8.9188027e-08  -8.4364824e-08
6.3845833e+02   9.2968712e-08  -8.3072713e-08
6.3850000e+02   9.7032763e-08  -8.1607534e-08
6.3854167e+02   1.0134004e-07  -7.9993806e-08
6.3858333e+02   1.0564731e-07  -7.8380078e-08
6.3862500e+02   1.0995458e-07  -7.6766350e-08
6.3866667e+02   1.1426185e-07  -7.5152622e-08
6.3870833e+02   1.1856913e-07  -7.3538894e-08
6.3875000e+02   1.2287640e-07  -7.1925166e-08
6.3879167e+02   1.2718367e-07  -7.0311438e-08
6.3883333e+02   1.3149095e-07  -6.8697710e-08
6.3887500e+02   1.3579822e-07  -6.7083982e-08
6.3891667e+02   1.4010549e-07  -6.5470254e-08
6.3895833e+02   1.4441277e-07  -6.3856526e-08
6.3900000e+02   1.4872004e-07  -6.2242798e-08
6.3904167e+02   1.5302731e-07  -6.0629070e-08
6.3908333e+02   1.5700505e-07  -5.9219653e-08
6.3912500e+02   1.6057088e-07  -5.8065625e-08
6.3916667e+02   1.6372479e-07  -5.7166985e-08
6.3920833e+02   1.6646679e-07  -5.6523734e-08
6.3925000e+02   1.6879687e-07  -5.6135872e-08
6.3929167e+02   1.7071503e-07  -5.6003399e-08
6.3933333e+02   1.7222129e-07  -5.6126314e-08
6.3937500e+02   1.7331562e-07  -5.6504619e-08
6.3941667e+02   1.7399805e-07  -5.7138312e-08
6.3945833e+02   1.7426855e-07  -5.8027393e-08
6.3950000e+02   1.7412715e-07  -5.9171864e-08
6.3954167e+02   1.7357382e-07  -6.0571723e-08
6.3958333e+02   1.7293812e-07  -6.2022660e-08
6.3962500e+02   1.7230241e-07  -6.3473597e-08
6.3966667e+02   1.7166671e-07  -6.4924534e-08
6.3970833e+02   1.7103100e-07  -6.6375471e-08
6.3975000e+02   1.7039530e-07  -6.7826407e-08
6.3979167e+02   1.6975959e-07  -6.9277344e-08
6.3983333e+02   1.6912389e-07  -7.0728281e-08
6.3987500e+02   1.6848818e-07  -7.2179218e-08
6.3991667e+02   1.6785248e-07  -7.3630155e-08
6.3995833e+02   1.6721677e-07  -7.5081092e-08
6.4000000e+02   1.6658107e-07  -7.6532029e-08
6.4004167e+02   1.6608667e-07  -7.8017546e-08
6.4008333e+02   1.6609099e-07  -7.9625111e-08
6.4012500e+02   1.6659404e-07  -8.1354724e-08
6.4016667e+02   1.6759581e-07  -8.3206385e-08
6.4020833e+02   1.6909630e-07  -8.5180094e-08
6.4025000e+02   1.7109552e-07  -8.7275851e-08
6.4029167e+02   1.7359346e-07  -8.9493656e-08
6.4033333e+02   1.7659013e-07  -9.1833509e-08
6.4037500e+02   1.8008552e-07  -9.4295410e-08
6.4041667e+02   1.8407963e-07  -9.6879359e-08
6.4045833e+02   1.8857246e-07  -9.9585356e-08
6.4050000e+02   1.9356402e-07  -1.0241340e-07
6.4054167e+02   1.9891300e-07  -1.0532891e-07
6.4058333e+02   2.0426198e-07  -1.0824443e-07
6.4062500e+02   2.0961095e-07  -1.1115994e-07
6.4066667e+02   2.1495993e-07  -1.1407545e-07
6.4070833e+02   2.2030891e-07  -1.1699096e-07
6.4075000e+02   2.2565788e-07  -1.1990647e-07
6.4079167e+02   2.3100686e-07  -1.2282199e-07
6.4083333e+02   2.3635584e-07  -1.2573750e-07
6.4087500e+02   2.4170482e-07  -1.2865301e-07
6.4091667e+02   2.4705379e-07  -1.3156852e-07
6.4095833e+02   2.5240277e-07  -1.3448404e-07
6.4100000e+02   2.5775175e-07  -1.3739955e-07
6.4104167e+02   2.6228179e-07  -1.4005085e-07
6.4108333e+02   2.6574364e-07  -1.4235753e-07
6.4112500e+02   2.6813731e-07  -1.4431959e-07
6.4116667e+02   2.6946280e-07  -1.4593703e-07
6.4120833e+02   2.6972011e-07  -1.4720985e-07
6.4125000e+02   2.6890923e-07  -1.4813804e-07
6.4129167e+02   2.6703017e-07  -1.4872162e-07
6.4133333e+02   2.6408293e-07  -1.4896057e-07
6.4137500e+02   2.6006750e-07  -1.4885490e-07
6.4141667e+02   2.5498389e-07  -1.4840461e-07
6.4145833e+02   2.4883210e-07  -1.4760970e-07
6.4150000e+02   2.4161213e-07  -1.4647017e-07
6.4154167e+02   2.3414291e-07  -1.4525022e-07
6.4158333e+02   2.2667370e-07  -1.4403028e-07
6.4162500e+02   2.1920448e-07  -1.4281034e-07
6.4166667e+02   2.1173526e-07  -1.4159039e-07
6.4170833e+02   2.0426605e-07  -1.4037045e-07
6.4175000e+02   1.9679683e-07  -1.3915050e-07
6.4179167e+02   1.8932761e-07  -1.3793056e-07
6.4183333e+02   1.8185840e-07  -1.3671061e-07
6.4187500e+02   1.7438918e-07  -1.3549067e-07
6.4191667e+02   1.6691996e-07  -1.3427073e-07
6.4195833e+02   1.5945075e-07  -1.3305078e-07
6.4200000e+02   1.5198153e-07  -1.3183084e-07
6.4204167e+02   1.4482689e-07  -1.3072598e-07
6.4208333e+02   1.3841243e-07  -1.2989190e-07
6.4212500e+02   1.3273816e-07  -1.2932860e-07
6.4216667e+02   1.2780406e-07  -1.2903610e-07
6.4220833e+02   1.2361015e-07  -1.2901437e-07
6.4225000e+02   1.2015641e-07  -1.2926343e-07
6.4229167e+02   1.1744286e-07  -1.2978327e-07
6.4233333e+02   1.1546949e-07  -1.3057390e-07
6.4237500e+02   1.1423630e-07  -1.3163530e-07
6.4241667e+02   1.1374329e-07  -1.3296750e-07
6.4245833e+02   1.1399046e-07  -1.3457048e-07
6.4250000e+02   1.1497781e-07  -1.3644424e-07
6.4254167e+02   1.1639077e-07  -1.3847370e-07
6.4258333e+02   1.1780373e-07  -1.4050316e-07
6.4262500e+02   1.1921669e-07  -1.4253262e-07
6.4266667e+02   1.2062964e-07  -1.4456209e-07
6.4270833e+02   1.2204260e-07  -1.4659155e-07
6.4275000e+02   1.2345556e-07  -1.4862101e-07
6.4279167e+02   1.2486851e-07  -1.5065047e-07
6.4283333e+02   1.2628147e-07  -1.5267993e-07
6.4287500e+02   1.2769443e-07  -1.5470940e-07
6.4291667e+02   1.2910739e-07  -1.5673886e-07
6.4295833e+02   1.3052034e-07  -1.5876832e-07
6.4300000e+02   1.3193330e-07  -1.6079778e-07
6.4304167e+02   1.3333858e-07  -1.6283239e-07
6.4308333e+02   1.3464147e-07  -1.6493562e-07
6.4312500e+02   1.3584198e-07  -1.6710748e-07
6.4316667e+02   1.3694010e-07  -1.6934797e-07
6.4320833e+02   1.3793584e-07  -1.7165707e-07
6.4325000e+02   1.3882920e-07  -1.7403481e-07
6.4329167e+02   1.3962016e-07  -1.7648116e-07
6.4333333e+02   1.4030875e-07  -1.7899615e-07
6.4337500e+02   1.4089495e-07  -1.8157976e-07
6.4341667e+02   1.4137876e-07  -1.8423199e-07
6.4345833e+02   1.4176019e-07  -1.8695284e-07
6.4350000e+02   1.4203923e-07  -1.8974233e-07
6.4354167e+02   1.4222357e-07  -1.9259529e-07
6.4358333e+02   1.4240791e-07  -1.9544825e-07
6.4362500e+02   1.4259224e-07  -1.9830121e-07
6.4366667e+02   1.4277658e-07  -2.0115417e-07
6.4370833e+02   1.4296092e-07  -2.0400713e-07
6.4375000e+02   1.4314526e-07  -2.0686009e-07
6.4379167e+02   1.4332959e-07  -2.0971305e-07
6.4383333e+02   1.4351393e-07  -2.1256601e-07
6.4387500e+02   1.4369827e-07  -2.1541897e-07
6.4391667e+02   1.4388261e-07  -2.1827193e-07
6.4395833e+02   1.4406694e-07  -2.2112489e-07
6.4400000e+02   1.4425128e-07  -2.2397785e-07
6.4404167e+02   1.4427967e-07  -2.2649190e-07
6.4408333e+02   1.4402876e-07  -2.2839896e-07
6.4412500e+02   1.4349853e-07  -2.2969903e-07
6.4416667e+02   1.4268900e-07  -2.3039210e-07
6.4420833e+02   1.4160017e-07  -2.3047818e-07
6.4425000e+02   1.4023202e-07  -2.2995726e-07
6.4429167e+02   1.3858457e-07  -2.2882935e-07
6.4433333e+02   1.3665781e-07  -2.2709444e-07
6.4437500e+02   1.3445175e-07  -2.2475254e-07
6.4441667e+02   1.3196638e-07  -2.2180365e-07
6.4445833e+02   1.2920170e-07  -2.1824776e-07
6.4450000e+02   1.2615771e-07  -2.1408488e-07
6.4454167e+02   1.2299037e-07  -2.0965391e-07
6.4458333e+02   1.1982302e-07  -2.0522294e-07
6.4462500e+02   1.1665567e-07  -2.0079196e-07
6.4466667e+02   1.1348833e-07  -1.9636099e-07
6.4470833e+02   1.1032098e-07  -1.9193002e-07
6.4475000e+02   1.0715363e-07  -1.8749905e-07
6.4479167e+02   1.0425023e-07  -1.8343732e-07
6.4483333e+02   1.0161078e-07  -1.7974485e-07
6.4487500e+02   9.9235269e-08  -1.7642162e-07
6.4491667e+02   9.7123705e-08  -1.7346764e-07
6.4495833e+02   9.5276086e-08  -1.7088290e-07
6.4500000e+02   9.3692413e-08  -1.6866742e-07