       0.00000000   0.00000E-07
       0.04165649   0.00000E-07
       0.08334351   0.00000E-07
       0.12500000   0.00000E-07
       0.16665649   0.00000E-07
       0.20834351   0.00000E-07
       0.25000000   0.00000E-07
       0.29165649   0.00000E-07
       0.33334351   0.00000E-07
       0.37500000   0.00000E-07
       0.41665649   0.00000E-07
       0.45834351   0.00000E-07
       0.50000000   0.00000E-07
       0.54165649   0.00000E-07
       0.58334351   0.00000E-07
       0.62500000   0.00000E-07
       0.66665649   0.00000E-07
       0.70834351   0.00000E-07
       0.75000000   0.00000E-07
       0.79165649   0.00000E-07
       0.83334351   0.00000E-07
       0.87500000   0.00000E-07
       0.91665649   0.00000E-07
       0.95834351   0.00000E-07
       1.00000000   0.00000E-07
       1.04165649   0.00000E-07
       1.08334351   0.00000E-07
       1.12500000   0.00000E-07
       1.16665649   0.00000E-07
       1.20834351   0.00000E-07
       1.25000000   0.00000E-07
       1.29165649   0.00000E-07
       1.33334351   0.00000E-07
       1.37500000   0.00000E-07
       1.41665649   0.00000E-07
       1.45834351   0.00000E-07
       1.50000000   0.00000E-07
       1.54165649   0.00000E-07
       1.58334351   0.00000E-07
       1.62500000   0.00000E-07
       1.66665649   0.00000E-07
       1.70834351   0.00000E-07
       1.75000000   0.00000E-07
       1.79165649   0.00000E-07
       1.83334351   0.00000E-07
       1.87500000   0.00000E-07
       1.91665649   0.00000E-07
       1.95834351   0.00000E-07
       2.00000000   0.00000E-07
       2.04165649   0.00000E-07
       2.08334351   0.00000E-07
       2.12500000   0.00000E-07
       2.16665649   0.00000E-07
       2.20834351   0.00000E-07
       2.25000000   0.00000E-07
       2.29165649   0.00000E-07
       2.33334351   0.00000E-07
       2.37500000   0.00000E-07
       2.41665649   0.00000E-07
       2.45834351   0.00000E-07
       2.50000000   0.00000E-07
       2.54165649   0.00000E-07
       2.58334351   0.00000E-07
       2.62500000   0.00000E-07
       2.66665649   0.00000E-07
       2.70834351   0.00000E-07
       2.75000000   0.00000E-07
       2.79165649   0.00000E-07
       2.83334351   0.00000E-07
       2.87500000   0.00000E-07
       2.91665649   0.00000E-07
       2.95834351   0.00000E-07
       3.00000000   0.00000E-07
       3.04165649   0.00000E-07
       3.08334351   0.00000E-07
       3.12500000   0.00000E-07
       3.16665649   0.00000E-07
       3.20834351   0.00000E-07
       3.25000000   0.00000E-07
       3.29165649   0.00000E-07
       3.33334351   0.00000E-07
       3.37500000   0.00000E-07
       3.41665649   0.00000E-07
       3.45834351   0.00000E-07
       3.50000000   0.00000E-07
       3.54165649   0.00000E-07
       3.58334351   0.00000E-07
       3.62500000   0.00000E-07
       3.66665649   0.00000E-07
       3.70834351   0.00000E-07
       3.75000000   0.00000E-07
       3.79165649   0.00000E-07
       3.83334351   0.00000E-07
       3.87500000   0.00000E-07
       3.91665649   0.00000E-07
       3.95834351   0.00000E-07
       4.00000000   0.00000E-07
       4.04165649   0.00000E-07
       4.08334351   0.00000E-07
       4.12500000   0.00000E-07
       4.16665649   0.00000E-07
       4.20834351   0.00000E-07
       4.25000000   0.00000E-07
       4.29165649   0.00000E-07
       4.33334351   0.00000E-07
       4.37500000   0.00000E-07
       4.41665649   0.00000E-07
       4.45834351   0.00000E-07
       4.50000000   0.00000E-07
       4.54165649   0.00000E-07
       4.58334351   0.00000E-07
       4.62500000   0.00000E-07
       4.66665649   0.00000E-07
       4.70834351   0.00000E-07
       4.75000000   0.00000E-07
       4.79165649   0.00000E-07
       4.83334351   0.00000E-07
       4.87500000   0.00000E-07
       4.91665649   0.00000E-07
       4.95834351   0.00000E-07
       5.00000000   0.00000E-07
       5.04165649   0.00000E-07
       5.08334351   0.00000E-07
       5.12500000   0.00000E-07
       5.16665649   0.00000E-07
       5.20834351   0.00000E-07
       5.25000000   0.00000E-07
       5.29165649   0.00000E-07
       5.33334351   0.00000E-07
       5.37500000   0.00000E-07
       5.41665649   0.00000E-07
       5.45834351   0.00000E-07
       5.50000000   0.00000E-07
       5.54165649   0.00000E-07
       5.58334351   0.00000E-07
       5.62500000   0.00000E-07
       5.66665649   0.00000E-07
       5.70834351   0.00000E-07
       5.75000000   0.00000E-07
       5.79165649   0.00000E-07
       5.83334351   0.00000E-07
       5.87500000   0.00000E-07
       5.91665649   0.00000E-07
       5.95834351   0.00000E-07
       6.00000000   0.00000E-07
       6.04165649   0.00000E-07
       6.08334351   0.00000E-07
       6.12500000   0.00000E-07
       6.16665649   0.00000E-07
       6.20834351   0.00000E-07
       6.25000000   0.00000E-07
       6.29165649   0.00000E-07
       6.33334351   0.00000E-07
       6.37500000   0.00000E-07
       6.41665649   0.00000E-07
       6.45834351   0.00000E-07
       6.50000000   0.00000E-07
       6.54165649   0.00000E-07
       6.58334351   0.00000E-07
       6.62500000   0.00000E-07
       6.66665649   0.00000E-07
       6.70834351   0.00000E-07
       6.75000000   0.00000E-07
       6.79165649   0.00000E-07
       6.83334351   0.00000E-07
       6.87500000   0.00000E-07
       6.91665649   0.00000E-07
       6.95834351   0.00000E-07
       7.00000000   0.00000E-07
       7.04165649   0.00000E-07
       7.08334351   0.00000E-07
       7.12500000   0.00000E-07
       7.16665649   0.00000E-07
       7.20834351   0.00000E-07
       7.25000000   0.00000E-07
       7.29165649   0.00000E-07
       7.33334351   0.00000E-07
       7.37500000   0.00000E-07
       7.41665649   0.00000E-07
       7.45834351   0.00000E-07
       7.50000000   0.00000E-07
       7.54165649   0.00000E-07
       7.58334351   0.00000E-07
       7.62500000   0.00000E-07
       7.66665649   0.00000E-07
       7.70834351   0.00000E-07
       7.75000000   0.00000E-07
       7.79165649   0.00000E-07
       7.83334351   0.00000E-07
       7.87500000   0.00000E-07
       7.91665649   0.00000E-07
       7.95834351   0.00000E-07
       8.00000000   0.00000E-07
       8.04165649   0.00000E-07
       8.08334351   0.00000E-07
       8.12500000   0.00000E-07
       8.16665649   0.00000E-07
       8.20834351   0.00000E-07
       8.25000000   0.00000E-07
       8.29165649   0.00000E-07
       8.33334351   0.00000E-07
       8.37500000   0.00000E-07
       8.41665649   0.00000E-07
       8.45834351   0.00000E-07
       8.50000000   0.00000E-07
       8.54165649   0.00000E-07
       8.58334351   0.00000E-07
       8.62500000   0.00000E-07
       8.66665649   0.00000E-07
       8.70834351   0.00000E-07
       8.75000000   0.00000E-07
       8.79165649   0.00000E-07
       8.83334351   0.00000E-07
       8.87500000   0.00000E-07
       8.91665649   0.00000E-07
       8.95834351   0.00000E-07
       9.00000000   0.00000E-07
       9.04165649   0.00000E-07
       9.08334351   0.00000E-07
       9.12500000   0.00000E-07
       9.16665649   0.00000E-07
       9.20834351   0.00000E-07
       9.25000000   0.00000E-07
       9.29165649   0.00000E-07
       9.33334351   0.00000E-07
       9.37500000   0.00000E-07
       9.41665649   0.00000E-07
       9.45834351   0.00000E-07
       9.50000000   0.00000E-07
       9.54165649   0.00000E-07
       9.58334351   0.00000E-07
       9.62500000   0.00000E-07
       9.66665649   0.00000E-07
       9.70834351   0.00000E-07
       9.75000000   0.00000E-07
       9.79165649   0.00000E-07
       9.83334351   0.00000E-07
       9.87500000   0.00000E-07
       9.91665649   0.00000E-07
       9.95834351   0.00000E-07
      10.00000000   0.00000E-07
      10.04165649   0.00000E-07
      10.08334351   0.00000E-07
      10.12500000   0.00000E-07
      10.16665649   0.00000E-07
      10.20834351   0.00000E-07
      10.25000000   0.00000E-07
      10.29165649   0.00000E-07
      10.33334351   0.00000E-07
      10.37500000   0.00000E-07
      10.41665649   0.00000E-07
      10.45834351   0.00000E-07
      10.50000000   0.00000E-07
      10.54165649   0.00000E-07
      10.58334351   0.00000E-07
      10.62500000   0.00000E-07
      10.66665649   0.00000E-07
      10.70834351   0.00000E-07
      10.75000000   0.00000E-07
      10.79165649   0.00000E-07
      10.83334351   0.00000E-07
      10.87500000   0.00000E-07
      10.91665649   0.00000E-07
      10.95834351   0.00000E-07
      11.00000000   0.00000E-07
      11.04165649   0.00000E-07
      11.08334351   0.00000E-07
      11.12500000   0.00000E-07
      11.16665649   0.00000E-07
      11.20834351   0.00000E-07
      11.25000000   0.00000E-07
      11.29165649   0.00000E-07
      11.33334351   0.00000E-07
      11.37500000   0.00000E-07
      11.41665649   0.00000E-07
      11.45834351   0.00000E-07
      11.50000000   0.00000E-07
      11.54165649   0.00000E-07
      11.58334351   0.00000E-07
      11.62500000   0.00000E-07
      11.66665649   0.00000E-07
      11.70834351   0.00000E-07
      11.75000000   0.00000E-07
      11.79165649   0.00000E-07
      11.83334351   0.00000E-07
      11.87500000   0.00000E-07
      11.91665649   0.00000E-07
      11.95834351   0.00000E-07
      12.00000000   0.00000E-07
      12.04165649   0.00000E-07
      12.08334351   0.00000E-07
      12.12500000   0.00000E-07
      12.16665649   0.00000E-07
      12.20834351   0.00000E-07
      12.25000000   0.00000E-07
      12.29165649   0.00000E-07
      12.33334351   0.00000E-07
      12.37500000   0.00000E-07
      12.41665649   0.00000E-07
      12.45834351   0.00000E-07
      12.50000000   0.00000E-07
      12.54165649   0.00000E-07
      12.58334351   0.00000E-07
      12.62500000   0.00000E-07
      12.66665649   0.00000E-07
      12.70834351   0.00000E-07
      12.75000000   0.00000E-07
      12.79165649   0.00000E-07
      12.83334351   0.00000E-07
      12.87500000   0.00000E-07
      12.91665649   0.00000E-07
      12.95834351   0.00000E-07
      13.00000000   0.00000E-07
      13.04165649   0.00000E-07
      13.08334351   0.00000E-07
      13.12500000   0.00000E-07
      13.16665649   0.00000E-07
      13.20834351   0.00000E-07
      13.25000000   0.00000E-07
      13.29165649   0.00000E-07
      13.33334351   0.00000E-07
      13.37500000   0.00000E-07
      13.41665649   0.00000E-07
      13.45834351   0.00000E-07
      13.50000000   0.00000E-07
      13.54165649   0.00000E-07
      13.58334351   0.00000E-07
      13.62500000   0.00000E-07
      13.66665649   0.00000E-07
      13.70834351   0.00000E-07
      13.75000000   0.00000E-07
      13.79165649   0.00000E-07
      13.83334351   0.00000E-07
      13.87500000   0.00000E-07
      13.91665649   0.00000E-07
      13.95834351   0.00000E-07
      14.00000000   0.00000E-07
      14.04165649   0.00000E-07
      14.08334351   0.00000E-07
      14.12500000   0.00000E-07
      14.16665649   0.00000E-07
      14.20834351   0.00000E-07
      14.25000000   0.00000E-07
      14.29165649   0.00000E-07
      14.33334351   0.00000E-07
      14.37500000   0.00000E-07
      14.41665649   0.00000E-07
      14.45834351   0.00000E-07
      14.50000000   0.00000E-07
      14.54165649   0.00000E-07
      14.58334351   0.00000E-07
      14.62500000   0.00000E-07
      14.66665649   0.00000E-07
      14.70834351   0.00000E-07
      14.75000000   0.00000E-07
      14.79165649   0.00000E-07
      14.83334351   0.00000E-07
      14.87500000   0.00000E-07
      14.91665649   0.00000E-07
      14.95834351   0.00000E-07
      15.00000000   0.00000E-07
      15.04165649   0.00000E-07
      15.08334351   0.00000E-07
      15.12500000   0.00000E-07
      15.16665649   0.00000E-07
      15.20834351   0.00000E-07
      15.25000000   0.00000E-07
      15.29165649   0.00000E-07
      15.33334351   0.00000E-07
      15.37500000   0.00000E-07
      15.41665649   0.00000E-07
      15.45834351   0.00000E-07
      15.50000000   0.00000E-07
      15.54165649   0.00000E-07
      15.58334351   0.00000E-07
      15.62500000   0.00000E-07
      15.66665649   0.00000E-07
      15.70834351   0.00000E-07
      15.75000000   0.00000E-07
      15.79165649   0.00000E-07
      15.83334351   0.00000E-07
      15.87500000   0.00000E-07
      15.91665649   0.00000E-07
      15.95834351   0.00000E-07
      16.00000000   0.00000E-07
      16.04165649   0.00000E-07
      16.08334351   0.00000E-07
      16.12500000   0.00000E-07
      16.16665649   0.00000E-07
      16.20834351   0.00000E-07
      16.25000000   0.00000E-07
      16.29165649   0.00000E-07
      16.33334351   0.00000E-07
      16.37500000   0.00000E-07
      16.41665649   0.00000E-07
      16.45834351   0.00000E-07
      16.50000000   0.00000E-07
      16.54165649   0.00000E-07
      16.58334351   0.00000E-07
      16.62500000   0.00000E-07
      16.66665649   0.00000E-07
      16.70834351   0.00000E-07
      16.75000000   0.00000E-07
      16.79165649   0.00000E-07
      16.83334351   0.00000E-07
      16.87500000   0.00000E-07
      16.91665649   0.00000E-07
      16.95834351   0.00000E-07
      17.00000000   0.00000E-07
      17.04165649   0.00000E-07
      17.08334351   0.00000E-07
      17.12500000   0.00000E-07
      17.16665649   0.00000E-07
      17.20834351   0.00000E-07
      17.25000000   0.00000E-07
      17.29165649   0.00000E-07
      17.33334351   0.00000E-07
      17.37500000   0.00000E-07
      17.41665649   0.00000E-07
      17.45834351   0.00000E-07
      17.50000000   0.00000E-07
      17.54165649   0.00000E-07
      17.58334351   0.00000E-07
      17.62500000   0.00000E-07
      17.66665649   0.00000E-07
      17.70834351   0.00000E-07
      17.75000000   0.00000E-07
      17.79165649   0.00000E-07
      17.83334351   0.00000E-07
      17.87500000   0.00000E-07
      17.91665649   0.00000E-07
      17.95834351   0.00000E-07
      18.00000000   0.00000E-07
      18.04165649   0.00000E-07
      18.08334351   0.00000E-07
      18.12500000   0.00000E-07
      18.16665649   0.00000E-07
      18.20834351   0.00000E-07
      18.25000000   0.00000E-07
      18.29165649   0.00000E-07
      18.33334351   0.00000E-07
      18.37500000   0.00000E-07
      18.41665649   0.00000E-07
      18.45834351   0.00000E-07
      18.50000000   0.00000E-07
      18.54165649   0.00000E-07
      18.58334351   0.00000E-07
      18.62500000   0.00000E-07
      18.66665649   0.00000E-07
      18.70834351   0.00000E-07
      18.75000000   0.00000E-07
      18.79165649   0.00000E-07
      18.83334351   0.00000E-07
      18.87500000   0.00000E-07
      18.91665649   0.00000E-07
      18.95834351   0.00000E-07
      19.00000000   0.00000E-07
      19.04165649   0.00000E-07
      19.08334351   0.00000E-07
      19.12500000   0.00000E-07
      19.16665649   0.00000E-07
      19.20834351   0.00000E-07
      19.25000000   0.00000E-07
      19.29165649   0.00000E-07
      19.33334351   0.00000E-07
      19.37500000   0.00000E-07
      19.41665649   0.00000E-07
      19.45834351   0.00000E-07
      19.50000000   0.00000E-07
      19.54165649   0.00000E-07
      19.58334351   0.00000E-07
      19.62500000   0.00000E-07
      19.66665649   0.00000E-07
      19.70834351   0.00000E-07
      19.75000000   0.00000E-07
      19.79165649   0.00000E-07
      19.83334351   0.00000E-07
      19.87500000   0.00000E-07
      19.91665649   0.00000E-07
      19.95834351   0.00000E-07
      20.00000000   0.00000E-07
      20.04165649   0.00000E-07
      20.08334351   0.00000E-07
      20.12500000   0.00000E-07
      20.16665649   0.00000E-07
      20.20834351   0.00000E-07
      20.25000000   0.00000E-07
      20.29165649   0.00000E-07
      20.33334351   0.00000E-07
      20.37500000   0.00000E-07
      20.41665649   0.00000E-07
      20.45834351   0.00000E-07
      20.50000000   0.00000E-07
      20.54165649   0.00000E-07
      20.58334351   0.00000E-07
      20.62500000   0.00000E-07
      20.66665649   0.00000E-07
      20.70834351   0.00000E-07
      20.75000000   0.00000E-07
      20.79165649   0.00000E-07
      20.83334351   0.00000E-07
      20.87500000   0.00000E-07
      20.91665649   0.00000E-07
      20.95834351   0.00000E-07
      21.00000000   0.00000E-07
      21.04165649   0.00000E-07
      21.08334351   0.00000E-07
      21.12500000   0.00000E-07
      21.16665649   0.00000E-07
      21.20834351   0.00000E-07
      21.25000000   0.00000E-07
      21.29165649   0.00000E-07
      21.33334351   0.00000E-07
      21.37500000   0.00000E-07
      21.41665649   0.00000E-07
      21.45834351   0.00000E-07
      21.50000000   0.00000E-07
      21.54165649   0.00000E-07
      21.58334351   0.00000E-07
      21.62500000   0.00000E-07
      21.66665649   0.00000E-07
      21.70834351   0.00000E-07
      21.75000000   0.00000E-07
      21.79165649   0.00000E-07
      21.83334351   0.00000E-07
      21.87500000   0.00000E-07
      21.91665649   0.00000E-07
      21.95834351   0.00000E-07
      22.00000000   0.00000E-07
      22.04165649   0.00000E-07
      22.08334351   0.00000E-07
      22.12500000   0.00000E-07
      22.16665649   0.00000E-07
      22.20834351   0.00000E-07
      22.25000000   0.00000E-07
      22.29165649   0.00000E-07
      22.33334351   0.00000E-07
      22.37500000   0.00000E-07
      22.41665649   0.00000E-07
      22.45834351   0.00000E-07
      22.50000000   0.00000E-07
      22.54165649   0.00000E-07
      22.58334351   0.00000E-07
      22.62500000   0.00000E-07
      22.66665649   0.00000E-07
      22.70834351   0.00000E-07
      22.75000000   0.00000E-07
      22.79165649   0.00000E-07
      22.83334351   0.00000E-07
      22.87500000   0.00000E-07
      22.91665649   0.00000E-07
      22.95834351   0.00000E-07
      23.00000000   0.00000E-07
      23.04165649   0.00000E-07
      23.08334351   0.00000E-07
      23.12500000   0.00000E-07
      23.16665649   0.00000E-07
      23.20834351   0.00000E-07
      23.25000000   0.00000E-07
      23.29165649   0.00000E-07
      23.33334351   0.00000E-07
      23.37500000   0.00000E-07
      23.41665649   0.00000E-07
      23.45834351   0.00000E-07
      23.50000000   0.00000E-07
      23.54165649   0.00000E-07
      23.58334351   0.00000E-07
      23.62500000   0.00000E-07
      23.66665649   0.00000E-07
      23.70834351   0.00000E-07
      23.75000000   0.00000E-07
      23.79165649   0.00000E-07
      23.83334351   0.00000E-07
      23.87500000   0.00000E-07
      23.91665649   0.00000E-07
      23.95834351   0.00000E-07
      24.00000000   0.00000E-07
      24.04165649   0.00000E-07
      24.08334351   0.00000E-07
      24.12500000   0.00000E-07
      24.16665649   0.00000E-07
      24.20834351   0.00000E-07
      24.25000000   0.00000E-07
      24.29165649   0.00000E-07
      24.33334351   0.00000E-07
      24.37500000   0.00000E-07
      24.41665649   0.00000E-07
      24.45834351   0.00000E-07
      24.50000000   0.00000E-07
      24.54165649   0.00000E-07
      24.58334351   0.00000E-07
      24.62500000   0.00000E-07
      24.66665649   0.00000E-07
      24.70834351   0.00000E-07
      24.75000000   0.00000E-07
      24.79165649   0.00000E-07
      24.83334351   0.00000E-07
      24.87500000   0.00000E-07
      24.91665649   0.00000E-07
      24.95834351   0.00000E-07
      25.00000000   0.00000E-07
      25.04165649   0.00000E-07
      25.08334351   0.00000E-07
      25.12500000   0.00000E-07
      25.16665649   0.00000E-07
      25.20834351   0.00000E-07
      25.25000000   0.00000E-07
      25.29165649   0.00000E-07
      25.33334351   0.00000E-07
      25.37500000   0.00000E-07
      25.41665649   0.00000E-07
      25.45834351   0.00000E-07
      25.50000000   0.00000E-07
      25.54165649   0.00000E-07
      25.58334351   0.00000E-07
      25.62500000   0.00000E-07
      25.66665649   0.00000E-07
      25.70834351   0.00000E-07
      25.75000000   0.00000E-07
      25.79165649   0.00000E-07
      25.83334351   0.00000E-07
      25.87500000   0.00000E-07
      25.91665649   0.00000E-07
      25.95834351   0.00000E-07
      26.00000000   0.00000E-07
      26.04165649   0.00000E-07
      26.08334351   0.00000E-07
      26.12500000   0.00000E-07
      26.16665649   0.00000E-07
      26.20834351   0.00000E-07
      26.25000000   0.00000E-07
      26.29165649   0.00000E-07
      26.33334351   0.00000E-07
      26.37500000   0.00000E-07
      26.41665649   0.00000E-07
      26.45834351   0.00000E-07
      26.50000000   0.00000E-07
      26.54165649   0.00000E-07
      26.58334351   0.00000E-07
      26.62500000   0.00000E-07
      26.66665649   0.00000E-07
      26.70834351   0.00000E-07
      26.75000000   0.00000E-07
      26.79165649   0.00000E-07
      26.83334351   0.00000E-07
      26.87500000   0.00000E-07
      26.91665649   0.00000E-07
      26.95834351   0.00000E-07
      27.00000000   0.00000E-07
      27.04165649   0.00000E-07
      27.08334351   0.00000E-07
      27.12500000   0.00000E-07
      27.16665649   0.00000E-07
      27.20834351   0.00000E-07
      27.25000000   0.00000E-07
      27.29165649   0.00000E-07
      27.33334351   0.00000E-07
      27.37500000   0.00000E-07
      27.41665649   0.00000E-07
      27.45834351   0.00000E-07
      27.50000000   0.00000E-07
      27.54165649   0.00000E-07
      27.58334351   0.00000E-07
      27.62500000   0.00000E-07
      27.66665649   0.00000E-07
      27.70834351   0.00000E-07
      27.75000000   0.00000E-07
      27.79165649   0.00000E-07
      27.83334351   0.00000E-07
      27.87500000   0.00000E-07
      27.91665649   0.00000E-07
      27.95834351   0.00000E-07
      28.00000000   0.00000E-07
      28.04165649   0.00000E-07
      28.08334351   0.00000E-07
      28.12500000   0.00000E-07
      28.16665649   0.00000E-07
      28.20834351   0.00000E-07
      28.25000000   0.00000E-07
      28.29165649   0.00000E-07
      28.33334351   0.00000E-07
      28.37500000   0.00000E-07
      28.41665649   0.00000E-07
      28.45834351   0.00000E-07
      28.50000000   0.00000E-07
      28.54165649   0.00000E-07
      28.58334351   0.00000E-07
      28.62500000   0.00000E-07
      28.66665649   0.00000E-07
      28.70834351   0.00000E-07
      28.75000000   0.00000E-07
      28.79165649   0.00000E-07
      28.83334351   0.00000E-07
      28.87500000   0.00000E-07
      28.91665649   0.00000E-07
      28.95834351   0.00000E-07
      29.00000000   0.00000E-07
      29.04165649   0.00000E-07
      29.08334351   0.00000E-07
      29.12500000   0.00000E-07
      29.16665649   0.00000E-07
      29.20834351   0.00000E-07
      29.25000000   0.00000E-07
      29.29165649   0.00000E-07
      29.33334351   0.00000E-07
      29.37500000   0.00000E-07
      29.41665649   0.00000E-07
      29.45834351   0.00000E-07
      29.50000000   0.00000E-07
      29.54165649   0.00000E-07
      29.58334351   0.00000E-07
      29.62500000   0.00000E-07
      29.66665649   0.00000E-07
      29.70834351   0.00000E-07
      29.75000000   0.00000E-07
      29.79165649   0.00000E-07
      29.83334351   0.00000E-07
      29.87500000   0.00000E-07
      29.91665649   0.00000E-07
      29.95834351   0.00000E-07
      30.00000000   0.00000E-07
      30.04165649   0.00000E-07
      30.08334351   0.00000E-07
      30.12500000   0.00000E-07
      30.16665649   0.00000E-07
      30.20834351   0.00000E-07
      30.25000000   0.00000E-07
      30.29165649   0.00000E-07
      30.33334351   0.00000E-07
      30.37500000   0.00000E-07
      30.41665649   0.00000E-07
      30.45834351   0.00000E-07
      30.50000000   0.00000E-07
      30.54165649   0.00000E-07
      30.58334351   0.00000E-07
      30.62500000   0.00000E-07
      30.66665649   0.00000E-07
      30.70834351   0.00000E-07
      30.75000000   0.00000E-07
      30.79165649   0.00000E-07
      30.83334351   0.00000E-07
      30.87500000   0.00000E-07
      30.91665649   0.00000E-07
      30.95834351   0.00000E-07
      31.00000000   0.00000E-07
      31.04165649   0.00000E-07
      31.08334351   0.00000E-07
      31.12500000   0.00000E-07
      31.16665649   0.00000E-07
      31.20834351   0.00000E-07
      31.25000000   0.00000E-07
      31.29165649   0.00000E-07
      31.33334351   0.00000E-07
      31.37500000   0.00000E-07
      31.41665649   0.00000E-07
      31.45834351   0.00000E-07
      31.50000000   0.00000E-07
      31.54165649   0.00000E-07
      31.58334351   0.00000E-07
      31.62500000   0.00000E-07
      31.66665649   0.00000E-07
      31.70834351   0.00000E-07
      31.75000000   0.00000E-07
      31.79165649   0.00000E-07
      31.83334351   0.00000E-07
      31.87500000   0.00000E-07
      31.91665649   0.00000E-07
      31.95834351   0.00000E-07
      32.00000000   0.00000E-07
      32.04165649   0.00000E-07
      32.08334351   0.00000E-07
      32.12500000   0.00000E-07
      32.16665649   0.00000E-07
      32.20834351   0.00000E-07
      32.25000000   0.00000E-07
      32.29165649   0.00000E-07
      32.33334351   0.00000E-07
      32.37500000   0.00000E-07
      32.41665649   0.00000E-07
      32.45834351   0.00000E-07
      32.50000000   0.00000E-07
      32.54165649   0.00000E-07
      32.58334351   0.00000E-07
      32.62500000   0.00000E-07
      32.66665649   0.00000E-07
      32.70834351   0.00000E-07
      32.75000000   0.00000E-07
      32.79165649   0.00000E-07
      32.83334351   0.00000E-07
      32.87500000   0.00000E-07
      32.91665649   0.00000E-07
      32.95834351   0.00000E-07
      33.00000000   0.00000E-07
      33.04165649   0.00000E-07
      33.08334351   0.00000E-07
      33.12500000   0.00000E-07
      33.16665649   0.00000E-07
      33.20834351   0.00000E-07
      33.25000000   0.00000E-07
      33.29165649   0.00000E-07
      33.33334351   0.00000E-07
      33.37500000   0.00000E-07
      33.41665649   0.00000E-07
      33.45834351   0.00000E-07
      33.50000000   0.00000E-07
      33.54165649   0.00000E-07
      33.58334351   0.00000E-07
      33.62500000   0.00000E-07
      33.66665649   0.00000E-07
      33.70834351   0.00000E-07
      33.75000000   0.00000E-07
      33.79165649   0.00000E-07
      33.83334351   0.00000E-07
      33.87500000   0.00000E-07
      33.91665649   0.00000E-07
      33.95834351   0.00000E-07
      34.00000000   0.00000E-07
      34.04165649   0.00000E-07
      34.08334351   0.00000E-07
      34.12500000   0.00000E-07
      34.16665649   0.00000E-07
      34.20834351   0.00000E-07
      34.25000000   0.00000E-07
      34.29165649   0.00000E-07
      34.33334351   0.00000E-07
      34.37500000   0.00000E-07
      34.41665649   0.00000E-07
      34.45834351   0.00000E-07
      34.50000000   0.00000E-07
      34.54165649   0.00000E-07
      34.58334351   0.00000E-07
      34.62500000   0.00000E-07
      34.66665649   0.00000E-07
      34.70834351   0.00000E-07
      34.75000000   0.00000E-07
      34.79165649   0.00000E-07
      34.83334351   0.00000E-07
      34.87500000   0.00000E-07
      34.91665649   0.00000E-07
      34.95834351   0.00000E-07
      35.00000000   0.00000E-07
      35.04165649   0.00000E-07
      35.08334351   0.00000E-07
      35.12500000   0.00000E-07
      35.16665649   0.00000E-07
      35.20834351   0.00000E-07
      35.25000000   0.00000E-07
      35.29165649   0.00000E-07
      35.33334351   0.00000E-07
      35.37500000   0.00000E-07
      35.41665649   0.00000E-07
      35.45834351   0.00000E-07
      35.50000000   0.00000E-07
      35.54165649   0.00000E-07
      35.58334351   0.00000E-07
      35.62500000   0.00000E-07
      35.66665649   0.00000E-07
      35.70834351   0.00000E-07
      35.75000000   0.00000E-07
      35.79165649   0.00000E-07
      35.83334351   0.00000E-07
      35.87500000   0.00000E-07
      35.91665649   0.00000E-07
      35.95834351   0.00000E-07
      36.00000000   0.00000E-07
      36.04165649   0.00000E-07
      36.08334351   0.00000E-07
      36.12500000   0.00000E-07
      36.16665649   0.00000E-07
      36.20834351   0.00000E-07
      36.25000000   0.00000E-07
      36.29165649   0.00000E-07
      36.33334351   0.00000E-07
      36.37500000   0.00000E-07
      36.41665649   0.00000E-07
      36.45834351   0.00000E-07
      36.50000000   0.00000E-07
      36.54165649   0.00000E-07
      36.58334351   0.00000E-07
      36.62500000   0.00000E-07
      36.66665649   0.00000E-07
      36.70834351   0.00000E-07
      36.75000000   0.00000E-07
      36.79165649   0.00000E-07
      36.83334351   0.00000E-07
      36.87500000   0.00000E-07
      36.91665649   0.00000E-07
      36.95834351   0.00000E-07
      37.00000000   0.00000E-07
      37.04165649   0.00000E-07
      37.08334351   0.00000E-07
      37.12500000   0.00000E-07
      37.16665649   0.00000E-07
      37.20834351   0.00000E-07
      37.25000000   0.00000E-07
      37.29165649   0.00000E-07
      37.33334351   0.00000E-07
      37.37500000   0.00000E-07
      37.41665649   0.00000E-07
      37.45834351   0.00000E-07
      37.50000000   0.00000E-07
      37.54165649   0.00000E-07
      37.58334351   0.00000E-07
      37.62500000   0.00000E-07
      37.66665649   0.00000E-07
      37.70834351   0.00000E-07
      37.75000000   0.00000E-07
      37.79165649   0.00000E-07
      37.83334351   0.00000E-07
      37.87500000   0.00000E-07
      37.91665649   0.00000E-07
      37.95834351   0.00000E-07
      38.00000000   0.00000E-07
      38.04165649   0.00000E-07
      38.08334351   0.00000E-07
      38.12500000   0.00000E-07
      38.16665649   0.00000E-07
      38.20834351   0.00000E-07
      38.25000000   0.00000E-07
      38.29165649   0.00000E-07
      38.33334351   0.00000E-07
      38.37500000   0.00000E-07
      38.41665649   0.00000E-07
      38.45834351   0.00000E-07
      38.50000000   0.00000E-07
      38.54165649   0.00000E-07
      38.58334351   0.00000E-07
      38.62500000   0.00000E-07
      38.66665649   0.00000E-07
      38.70834351   0.00000E-07
      38.75000000   0.00000E-07
      38.79165649   0.00000E-07
      38.83334351   0.00000E-07
      38.87500000   0.00000E-07
      38.91665649   0.00000E-07
      38.95834351   0.00000E-07
      39.00000000   0.00000E-07
      39.04165649   0.00000E-07
      39.08334351   0.00000E-07
      39.12500000   0.00000E-07
      39.16665649   0.00000E-07
      39.20834351   0.00000E-07
      39.25000000   0.00000E-07
      39.29165649   0.00000E-07
      39.33334351   0.00000E-07
      39.37500000   0.00000E-07
      39.41665649   0.00000E-07
      39.45834351   0.00000E-07
      39.50000000   0.00000E-07
      39.54165649   0.00000E-07
      39.58334351   0.00000E-07
      39.62500000   0.00000E-07
      39.66665649   0.00000E-07
      39.70834351   0.00000E-07
      39.75000000   0.00000E-07
      39.79165649   0.00000E-07
      39.83334351   0.00000E-07
      39.87500000   0.00000E-07
      39.91665649   0.00000E-07
      39.95834351   0.00000E-07
      40.00000000   0.00000E-07
      40.04165649   0.00000E-07
      40.08334351   0.00000E-07
      40.12500000   0.00000E-07
      40.16665649   0.00000E-07
      40.20834351   0.00000E-07
      40.25000000   0.00000E-07
      40.29165649   0.00000E-07
      40.33334351   0.00000E-07
      40.37500000   0.00000E-07
      40.41665649   0.00000E-07
      40.45834351   0.00000E-07
      40.50000000   0.00000E-07
      40.54165649   0.00000E-07
      40.58334351   0.00000E-07
      40.62500000   0.00000E-07
      40.66665649   0.00000E-07
      40.70834351   0.00000E-07
      40.75000000   0.00000E-07
      40.79165649   0.00000E-07
      40.83334351   0.00000E-07
      40.87500000   0.00000E-07
      40.91665649   0.00000E-07
      40.95834351   0.00000E-07
      41.00000000   0.00000E-07
      41.04165649   0.00000E-07
      41.08334351   0.00000E-07
      41.12500000   0.00000E-07
      41.16665649   0.00000E-07
      41.20834351   0.00000E-07
      41.25000000   0.00000E-07
      41.29165649   0.00000E-07
      41.33334351   0.00000E-07
      41.37500000   0.00000E-07
      41.41665649   0.00000E-07
      41.45834351   0.00000E-07
      41.50000000   0.00000E-07
      41.54165649   0.00000E-07
      41.58334351   0.00000E-07
      41.62500000   0.00000E-07
      41.66665649   0.00000E-07
      41.70834351   0.00000E-07
      41.75000000   0.00000E-07
      41.79165649   0.00000E-07
      41.83334351   0.00000E-07
      41.87500000   0.00000E-07
      41.91665649   0.00000E-07
      41.95834351   0.00000E-07
      42.00000000   0.00000E-07
      42.04165649   0.00000E-07
      42.08334351   0.00000E-07
      42.12500000   0.00000E-07
      42.16665649   0.00000E-07
      42.20834351   0.00000E-07
      42.25000000   0.00000E-07
      42.29165649   0.00000E-07
      42.33334351   0.00000E-07
      42.37500000   0.00000E-07
      42.41665649   0.00000E-07
      42.45834351   0.00000E-07
      42.50000000   0.00000E-07
      42.54165649   0.00000E-07
      42.58334351   0.00000E-07
      42.62500000   0.00000E-07
      42.66665649   0.00000E-07
      42.70834351   0.00000E-07
      42.75000000   0.00000E-07
      42.79165649   0.00000E-07
      42.83334351   0.00000E-07
      42.87500000   0.00000E-07
      42.91665649   0.00000E-07
      42.95834351   0.00000E-07
      43.00000000   0.00000E-07
      43.04165649   0.00000E-07
      43.08334351   0.00000E-07
      43.12500000   0.00000E-07
      43.16665649   0.00000E-07
      43.20834351   0.00000E-07
      43.25000000   0.00000E-07
      43.29165649   0.00000E-07
      43.33334351   0.00000E-07
      43.37500000   0.00000E-07
      43.41665649   0.00000E-07
      43.45834351   0.00000E-07
      43.50000000   0.00000E-07
      43.54165649   0.00000E-07
      43.58334351   0.00000E-07
      43.62500000   0.00000E-07
      43.66665649   0.00000E-07
      43.70834351   0.00000E-07
      43.75000000   0.00000E-07
      43.79165649   0.00000E-07
      43.83334351   0.00000E-07
      43.87500000   0.00000E-07
      43.91665649   0.00000E-07
      43.95834351   0.00000E-07
      44.00000000   0.00000E-07
      44.04165649   0.00000E-07
      44.08334351   0.00000E-07
      44.12500000   0.00000E-07
      44.16665649   0.00000E-07
      44.20834351   0.00000E-07
      44.25000000   0.00000E-07
      44.29165649   0.00000E-07
      44.33334351   0.00000E-07
      44.37500000   0.00000E-07
      44.41665649   0.00000E-07
      44.45834351   0.00000E-07
      44.50000000   0.00000E-07
      44.54165649   0.00000E-07
      44.58334351   0.00000E-07
      44.62500000   0.00000E-07
      44.66665649   0.00000E-07
      44.70834351   0.00000E-07
      44.75000000   0.00000E-07
      44.79165649   0.00000E-07
      44.83334351   0.00000E-07
      44.87500000   0.00000E-07
      44.91665649   0.00000E-07
      44.95834351   0.00000E-07
      45.00000000   0.00000E-07
      45.04165649   0.00000E-07
      45.08334351   0.00000E-07
      45.12500000   0.00000E-07
      45.16665649   0.00000E-07
      45.20834351   0.00000E-07
      45.25000000   0.00000E-07
      45.29165649   0.00000E-07
      45.33334351   0.00000E-07
      45.37500000   0.00000E-07
      45.41665649   0.00000E-07
      45.45834351   0.00000E-07
      45.50000000   0.00000E-07
      45.54165649   0.00000E-07
      45.58334351   0.00000E-07
      45.62500000   0.00000E-07
      45.66665649   0.00000E-07
      45.70834351   0.00000E-07
      45.75000000   0.00000E-07
      45.79165649   0.00000E-07
      45.83334351   0.00000E-07
      45.87500000   0.00000E-07
      45.91665649   0.00000E-07
      45.95834351   0.00000E-07
      46.00000000   0.00000E-07
      46.04165649   0.00000E-07
      46.08334351   0.00000E-07
      46.12500000   0.00000E-07
      46.16665649   0.00000E-07
      46.20834351   0.00000E-07
      46.25000000   0.00000E-07
      46.29165649   0.00000E-07
      46.33334351   0.00000E-07
      46.37500000   0.00000E-07
      46.41665649   0.00000E-07
      46.45834351   0.00000E-07
      46.50000000   0.00000E-07
      46.54165649   0.00000E-07
      46.58334351   0.00000E-07
      46.62500000   0.00000E-07
      46.66665649   0.00000E-07
      46.70834351   0.00000E-07
      46.75000000   0.00000E-07
      46.79165649   0.00000E-07
      46.83334351   0.00000E-07
      46.87500000   0.00000E-07
      46.91665649   0.00000E-07
      46.95834351   0.00000E-07
      47.00000000   0.00000E-07
      47.04165649   0.00000E-07
      47.08334351   0.00000E-07
      47.12500000   0.00000E-07
      47.16665649   0.00000E-07
      47.20834351   0.00000E-07
      47.25000000   0.00000E-07
      47.29165649   0.00000E-07
      47.33334351   0.00000E-07
      47.37500000   0.00000E-07
      47.41665649   0.00000E-07
      47.45834351   0.00000E-07
      47.50000000   0.00000E-07
      47.54165649   0.00000E-07
      47.58334351   0.00000E-07
      47.62500000   0.00000E-07
      47.66665649   0.00000E-07
      47.70834351   0.00000E-07
      47.75000000   0.00000E-07
      47.79165649   0.00000E-07
      47.83334351   0.00000E-07
      47.87500000   0.00000E-07
      47.91665649   0.00000E-07
      47.95834351   0.00000E-07
      48.00000000   0.00000E-07
      48.04165649   0.00000E-07
      48.08334351   0.00000E-07
      48.12500000   0.00000E-07
      48.16665649   0.00000E-07
      48.20834351   0.00000E-07
      48.25000000   0.00000E-07
      48.29165649   0.00000E-07
      48.33334351   0.00000E-07
      48.37500000   0.00000E-07
      48.41665649   0.00000E-07
      48.45834351   0.00000E-07
      48.50000000   0.00000E-07
      48.54165649   0.00000E-07
      48.58334351   0.00000E-07
      48.62500000   0.00000E-07
      48.66665649   0.00000E-07
      48.70834351   0.00000E-07
      48.75000000   0.00000E-07
      48.79165649   0.00000E-07
      48.83334351   0.00000E-07
      48.87500000   0.00000E-07
      48.91665649   0.00000E-07
      48.95834351   0.00000E-07
      49.00000000   0.00000E-07
      49.04165649   0.00000E-07
      49.08334351   0.00000E-07
      49.12500000   0.00000E-07
      49.16665649   0.00000E-07
      49.20834351   0.00000E-07
      49.25000000   0.00000E-07
      49.29165649   0.00000E-07
      49.33334351   0.00000E-07
      49.37500000   0.00000E-07
      49.41665649   0.00000E-07
      49.45834351   0.00000E-07
      49.50000000   0.00000E-07
      49.54165649   0.00000E-07
      49.58334351   0.00000E-07
      49.62500000   0.00000E-07
      49.66665649   0.00000E-07
      49.70834351   0.00000E-07
      49.75000000   0.00000E-07
      49.79165649   0.00000E-07
      49.83334351   0.00000E-07
      49.87500000   0.00000E-07
      49.91665649   0.00000E-07
      49.95834351   0.00000E-07
      50.00000000   0.00000E-07
      50.04165649   0.00000E-07
      50.08334351   0.00000E-07
      50.12500000   0.00000E-07
      50.16665649   0.00000E-07
      50.20834351   0.00000E-07
      50.25000000   0.00000E-07
      50.29165649   0.00000E-07
      50.33334351   0.00000E-07
      50.37500000   0.00000E-07
      50.41665649   0.00000E-07
      50.45834351   0.00000E-07
      50.50000000   0.00000E-07
      50.54165649   0.00000E-07
      50.58334351   0.00000E-07
      50.62500000   0.00000E-07
      50.66665649   0.00000E-07
      50.70834351   0.00000E-07
      50.75000000   0.00000E-07
      50.79165649   0.00000E-07
      50.83334351   0.00000E-07
      50.87500000   0.00000E-07
      50.91665649   0.00000E-07
      50.95834351   0.00000E-07
      51.00000000   0.00000E-07
      51.04165649   0.00000E-07
      51.08334351   0.00000E-07
      51.12500000   0.00000E-07
      51.16665649   0.00000E-07
      51.20834351   0.00000E-07
      51.25000000   0.00000E-07
      51.29165649   0.00000E-07
      51.33334351   0.00000E-07
      51.37500000   0.00000E-07
      51.41665649   0.00000E-07
      51.45834351   0.00000E-07
      51.50000000   0.00000E-07
      51.54165649   0.00000E-07
      51.58334351   0.00000E-07
      51.62500000   0.00000E-07
      51.66665649   0.00000E-07
      51.70834351   0.00000E-07
      51.75000000   0.00000E-07
      51.79165649   0.00000E-07
      51.83334351   0.00000E-07
      51.87500000   0.00000E-07
      51.91665649   0.00000E-07
      51.95834351   0.00000E-07
      52.00000000   0.00000E-07
      52.04165649   0.00000E-07
      52.08334351   0.00000E-07
      52.12500000   0.00000E-07
      52.16665649   0.00000E-07
      52.20834351   0.00000E-07
      52.25000000   0.00000E-07
      52.29165649   0.00000E-07
      52.33334351   0.00000E-07
      52.37500000   0.00000E-07
      52.41665649   0.00000E-07
      52.45834351   0.00000E-07
      52.50000000   0.00000E-07
      52.54165649   0.00000E-07
      52.58334351   0.00000E-07
      52.62500000   0.00000E-07
      52.66665649   0.00000E-07
      52.70834351   0.00000E-07
      52.75000000   0.00000E-07
      52.79165649   0.00000E-07
      52.83334351   0.00000E-07
      52.87500000   0.00000E-07
      52.91665649   0.00000E-07
      52.95834351   0.00000E-07
      53.00000000   0.00000E-07
      53.04165649   0.00000E-07
      53.08334351   0.00000E-07
      53.12500000   0.00000E-07
      53.16665649   0.00000E-07
      53.20834351   0.00000E-07
      53.25000000   0.00000E-07
      53.29165649   0.00000E-07
      53.33334351   0.00000E-07
      53.37500000   0.00000E-07
      53.41665649   0.00000E-07
      53.45834351   0.00000E-07
      53.50000000   0.00000E-07
      53.54165649   0.00000E-07
      53.58334351   0.00000E-07
      53.62500000   0.00000E-07
      53.66665649   0.00000E-07
      53.70834351   0.00000E-07
      53.75000000   0.00000E-07
      53.79165649   0.00000E-07
      53.83334351   0.00000E-07
      53.87500000   0.00000E-07
      53.91665649   0.00000E-07
      53.95834351   0.00000E-07
      54.00000000   0.00000E-07
      54.04165649   0.00000E-07
      54.08334351   0.00000E-07
      54.12500000   0.00000E-07
      54.16665649   0.00000E-07
      54.20834351   0.00000E-07
      54.25000000   0.00000E-07
      54.29165649   0.00000E-07
      54.33334351   0.00000E-07
      54.37500000   0.00000E-07
      54.41665649   0.00000E-07
      54.45834351   0.00000E-07
      54.50000000   0.00000E-07
      54.54165649   0.00000E-07
      54.58334351   0.00000E-07
      54.62500000   0.00000E-07
      54.66665649   0.00000E-07
      54.70834351   0.00000E-07
      54.75000000   0.00000E-07
      54.79165649   0.00000E-07
      54.83334351   0.00000E-07
      54.87500000   0.00000E-07
      54.91665649   0.00000E-07
      54.95834351   0.00000E-07
      55.00000000   0.00000E-07
      55.04165649   0.00000E-07
      55.08334351   0.00000E-07
      55.12500000   0.00000E-07
      55.16665649   0.00000E-07
      55.20834351   0.00000E-07
      55.25000000   0.00000E-07
      55.29165649   0.00000E-07
      55.33334351   0.00000E-07
      55.37500000   0.00000E-07
      55.41665649   0.00000E-07
      55.45834351   0.00000E-07
      55.50000000   0.00000E-07
      55.54165649   0.00000E-07
      55.58334351   0.00000E-07
      55.62500000   0.00000E-07
      55.66665649   0.00000E-07
      55.70834351   0.00000E-07
      55.75000000   0.00000E-07
      55.79165649   0.00000E-07
      55.83334351   0.00000E-07
      55.87500000   0.00000E-07
      55.91665649   0.00000E-07
      55.95834351   0.00000E-07
      56.00000000   0.00000E-07
      56.04165649   0.00000E-07
      56.08334351   0.00000E-07
      56.12500000   0.00000E-07
      56.16665649   0.00000E-07
      56.20834351   0.00000E-07
      56.25000000   0.00000E-07
      56.29165649   0.00000E-07
      56.33334351   0.00000E-07
      56.37500000   0.00000E-07
      56.41665649   0.00000E-07
      56.45834351   0.00000E-07
      56.50000000   0.00000E-07
      56.54165649   0.00000E-07
      56.58334351   0.00000E-07
      56.62500000   0.00000E-07
      56.66665649   0.00000E-07
      56.70834351   0.00000E-07
      56.75000000   0.00000E-07
      56.79165649   0.00000E-07
      56.83334351   0.00000E-07
      56.87500000   0.00000E-07
      56.91665649   0.00000E-07
      56.95834351   0.00000E-07
      57.00000000   0.00000E-07
      57.04165649   0.00000E-07
      57.08334351   0.00000E-07
      57.12500000   0.00000E-07
      57.16665649   0.00000E-07
      57.20834351   0.00000E-07
      57.25000000   0.00000E-07
      57.29165649   0.00000E-07
      57.33334351   0.00000E-07
      57.37500000   0.00000E-07
      57.41665649   0.00000E-07
      57.45834351   0.00000E-07
      57.50000000   0.00000E-07
      57.54165649   0.00000E-07
      57.58334351   0.00000E-07
      57.62500000   0.00000E-07
      57.66665649   0.00000E-07
      57.70834351   0.00000E-07
      57.75000000   0.00000E-07
      57.79165649   0.00000E-07
      57.83334351   0.00000E-07
      57.87500000   0.00000E-07
      57.91665649   0.00000E-07
      57.95834351   0.00000E-07
      58.00000000   0.00000E-07
      58.04165649   0.00000E-07
      58.08334351   0.00000E-07
      58.12500000   0.00000E-07
      58.16665649   0.00000E-07
      58.20834351   0.00000E-07
      58.25000000   0.00000E-07
      58.29165649   0.00000E-07
      58.33334351   0.00000E-07
      58.37500000   0.00000E-07
      58.41665649   0.00000E-07
      58.45834351   0.00000E-07
      58.50000000   0.00000E-07
      58.54165649   0.00000E-07
      58.58334351   0.00000E-07
      58.62500000   0.00000E-07
      58.66665649   0.00000E-07
      58.70834351   0.00000E-07
      58.75000000   0.00000E-07
      58.79165649   0.00000E-07
      58.83334351   0.00000E-07
      58.87500000   0.00000E-07
      58.91665649   0.00000E-07
      58.95834351   0.00000E-07
      59.00000000   0.00000E-07
      59.04165649   0.00000E-07
      59.08334351   0.00000E-07
      59.12500000   0.00000E-07
      59.16665649   0.00000E-07
      59.20834351   0.00000E-07
      59.25000000   0.00000E-07
      59.29165649   0.00000E-07
      59.33334351   0.00000E-07
      59.37500000   0.00000E-07
      59.41665649   0.00000E-07
      59.45834351   0.00000E-07
      59.50000000   0.00000E-07
      59.54165649   0.00000E-07
      59.58334351   0.00000E-07
      59.62500000   0.00000E-07
      59.66665649   0.00000E-07
      59.70834351   0.00000E-07
      59.75000000   0.00000E-07
      59.79165649   0.00000E-07
      59.83334351   0.00000E-07
      59.87500000   0.00000E-07
      59.91665649   0.00000E-07
      59.95834351   0.00000E-07
      60.00000000   0.00000E-07
      60.04165649   0.00000E-07
      60.08334351   0.00000E-07
      60.12500000   0.00000E-07
      60.16665649   0.00000E-07
      60.20834351   0.00000E-07
      60.25000000   0.00000E-07
      60.29165649   0.00000E-07
      60.33334351   0.00000E-07
      60.37500000   0.00000E-07
      60.41665649   0.00000E-07
      60.45834351   0.00000E-07
      60.50000000   0.00000E-07
      60.54165649   0.00000E-07
      60.58334351   0.00000E-07
      60.62500000   0.00000E-07
      60.66665649   0.00000E-07
      60.70834351   0.00000E-07
      60.75000000   0.00000E-07
      60.79165649   0.00000E-07
      60.83334351   0.00000E-07
      60.87500000   0.00000E-07
      60.91665649   0.00000E-07
      60.95834351   0.00000E-07
      61.00000000   0.00000E-07
      61.04165649   0.00000E-07
      61.08334351   0.00000E-07
      61.12500000   0.00000E-07
      61.16665649   0.00000E-07
      61.20834351   0.00000E-07
      61.25000000   0.00000E-07
      61.29165649   0.00000E-07
      61.33334351   0.00000E-07
      61.37500000   0.00000E-07
      61.41665649   0.00000E-07
      61.45834351   0.00000E-07
      61.50000000   0.00000E-07
      61.54165649   0.00000E-07
      61.58334351   0.00000E-07
      61.62500000   0.00000E-07
      61.66665649   0.00000E-07
      61.70834351   0.00000E-07
      61.75000000   0.00000E-07
      61.79165649   0.00000E-07
      61.83334351   0.00000E-07
      61.87500000   0.00000E-07
      61.91665649   0.00000E-07
      61.95834351   0.00000E-07
      62.00000000   0.00000E-07
      62.04165649   0.00000E-07
      62.08334351   0.00000E-07
      62.12500000   0.00000E-07
      62.16665649   0.00000E-07
      62.20834351   0.00000E-07
      62.25000000   0.00000E-07
      62.29165649   0.00000E-07
      62.33334351   0.00000E-07
      62.37500000   0.00000E-07
      62.41665649   0.00000E-07
      62.45834351   0.00000E-07
      62.50000000   0.00000E-07
      62.54165649   0.00000E-07
      62.58334351   0.00000E-07
      62.62500000   0.00000E-07
      62.66665649   0.00000E-07
      62.70834351   0.00000E-07
      62.75000000   0.00000E-07
      62.79165649   0.00000E-07
      62.83334351   0.00000E-07
      62.87500000   0.00000E-07
      62.91665649   0.00000E-07
      62.95834351   0.00000E-07
      63.00000000   0.00000E-07
      63.04165649   0.00000E-07
      63.08334351   0.00000E-07
      63.12500000   0.00000E-07
      63.16665649   0.00000E-07
      63.20834351   0.00000E-07
      63.25000000   0.00000E-07
      63.29165649   0.00000E-07
      63.33334351   0.00000E-07
      63.37500000   0.00000E-07
      63.41665649   0.00000E-07
      63.45834351   0.00000E-07
      63.50000000   0.00000E-07
      63.54165649   0.00000E-07
      63.58334351   0.00000E-07
      63.62500000   0.00000E-07
      63.66665649   0.00000E-07
      63.70834351   0.00000E-07
      63.75000000   0.00000E-07
      63.79165649   0.00000E-07
      63.83334351   0.00000E-07
      63.87500000   0.00000E-07
      63.91665649   0.00000E-07
      63.95834351   0.00000E-07
      64.00000000   0.00000E-07
      64.04165649   0.00000E-07
      64.08334351   0.00000E-07
      64.12500000   0.00000E-07
      64.16665649   0.00000E-07
      64.20834351   0.00000E-07
      64.25000000   0.00000E-07
      64.29165649   0.00000E-07
      64.33334351   0.00000E-07
      64.37500000   0.00000E-07
      64.41665649   0.00000E-07
      64.45834351   0.00000E-07
      64.50000000   0.00000E-07
      64.54165649   0.00000E-07
      64.58334351   0.00000E-07
      64.62500000   0.00000E-07
      64.66665649   0.00000E-07
      64.70834351   0.00000E-07
      64.75000000   0.00000E-07
      64.79165649   0.00000E-07
      64.83334351   0.00000E-07
      64.87500000   0.00000E-07
      64.91665649   0.00000E-07
      64.95834351   0.00000E-07
      65.00000000   0.00000E-07
      65.04165649   0.00000E-07
      65.08334351   0.00000E-07
      65.12500000   0.00000E-07
      65.16665649   0.00000E-07
      65.20834351   0.00000E-07
      65.25000000   0.00000E-07
      65.29165649   0.00000E-07
      65.33334351   0.00000E-07
      65.37500000   0.00000E-07
      65.41665649   0.00000E-07
      65.45834351   0.00000E-07
      65.50000000   0.00000E-07
      65.54165649   0.00000E-07
      65.58334351   0.00000E-07
      65.62500000   0.00000E-07
      65.66665649   0.00000E-07
      65.70834351   0.00000E-07
      65.75000000   0.00000E-07
      65.79165649   0.00000E-07
      65.83334351   0.00000E-07
      65.87500000   0.00000E-07
      65.91665649   0.00000E-07
      65.95834351   0.00000E-07
      66.00000000   0.00000E-07
      66.04165649   0.00000E-07
      66.08334351   0.00000E-07
      66.12500000   0.00000E-07
      66.16665649   0.00000E-07
      66.20834351   0.00000E-07
      66.25000000   0.00000E-07
      66.29165649   0.00000E-07
      66.33334351   0.00000E-07
      66.37500000   0.00000E-07
      66.41665649   0.00000E-07
      66.45834351   0.00000E-07
      66.50000000   0.00000E-07
      66.54165649   0.00000E-07
      66.58334351   0.00000E-07
      66.62500000   0.00000E-07
      66.66665649   0.00000E-07
      66.70834351   0.00000E-07
      66.75000000   0.00000E-07
      66.79165649   0.00000E-07
      66.83334351   0.00000E-07
      66.87500000   0.00000E-07
      66.91665649   0.00000E-07
      66.95834351   0.00000E-07
      67.00000000   0.00000E-07
      67.04165649   0.00000E-07
      67.08334351   0.00000E-07
      67.12500000   0.00000E-07
      67.16665649   0.00000E-07
      67.20834351   0.00000E-07
      67.25000000   0.00000E-07
      67.29165649   0.00000E-07
      67.33334351   0.00000E-07
      67.37500000   0.00000E-07
      67.41665649   0.00000E-07
      67.45834351   0.00000E-07
      67.50000000   0.00000E-07
      67.54165649   0.00000E-07
      67.58334351   0.00000E-07
      67.62500000   0.00000E-07
      67.66665649   0.00000E-07
      67.70834351   0.00000E-07
      67.75000000   0.00000E-07
      67.79165649   0.00000E-07
      67.83334351   0.00000E-07
      67.87500000   0.00000E-07
      67.91665649   0.00000E-07
      67.95834351   0.00000E-07
      68.00000000   0.00000E-07
      68.04165649   0.00000E-07
      68.08334351   0.00000E-07
      68.12500000   0.00000E-07
      68.16665649   0.00000E-07
      68.20834351   0.00000E-07
      68.25000000   0.00000E-07
      68.29165649   0.00000E-07
      68.33334351   0.00000E-07
      68.37500000   0.00000E-07
      68.41665649   0.00000E-07
      68.45834351   0.00000E-07
      68.50000000   0.00000E-07
      68.54165649   0.00000E-07
      68.58334351   0.00000E-07
      68.62500000   0.00000E-07
      68.66665649   0.00000E-07
      68.70834351   0.00000E-07
      68.75000000   0.00000E-07
      68.79165649   0.00000E-07
      68.83334351   0.00000E-07
      68.87500000   0.00000E-07
      68.91665649   0.00000E-07
      68.95834351   0.00000E-07
      69.00000000   0.00000E-07
      69.04165649   0.00000E-07
      69.08334351   0.00000E-07
      69.12500000   0.00000E-07
      69.16665649   0.00000E-07
      69.20834351   0.00000E-07
      69.25000000   0.00000E-07
      69.29165649   0.00000E-07
      69.33334351   0.00000E-07
      69.37500000   0.00000E-07
      69.41665649   0.00000E-07
      69.45834351   0.00000E-07
      69.50000000   0.00000E-07
      69.54165649   0.00000E-07
      69.58334351   0.00000E-07
      69.62500000   0.00000E-07
      69.66665649   0.00000E-07
      69.70834351   0.00000E-07
      69.75000000   0.00000E-07
      69.79165649   0.00000E-07
      69.83334351   0.00000E-07
      69.87500000   0.00000E-07
      69.91665649   0.00000E-07
      69.95834351   0.00000E-07
      70.00000000   0.00000E-07
      70.04165649   0.00000E-07
      70.08334351   0.00000E-07
      70.12500000   0.00000E-07
      70.16665649   0.00000E-07
      70.20834351   0.00000E-07
      70.25000000   0.00000E-07
      70.29165649   0.00000E-07
      70.33334351   0.00000E-07
      70.37500000   0.00000E-07
      70.41665649   0.00000E-07
      70.45834351   0.00000E-07
      70.50000000   0.00000E-07
      70.54165649   0.00000E-07
      70.58334351   0.00000E-07
      70.62500000   0.00000E-07
      70.66665649   0.00000E-07
      70.70834351   0.00000E-07
      70.75000000   0.00000E-07
      70.79165649   0.00000E-07
      70.83334351   0.00000E-07
      70.87500000   0.00000E-07
      70.91665649   0.00000E-07
      70.95834351   0.00000E-07
      71.00000000   0.00000E-07
      71.04165649   0.00000E-07
      71.08334351   0.00000E-07
      71.12500000   0.00000E-07
      71.16665649   0.00000E-07
      71.20834351   0.00000E-07
      71.25000000   0.00000E-07
      71.29165649   0.00000E-07
      71.33334351   0.00000E-07
      71.37500000   0.00000E-07
      71.41665649   0.00000E-07
      71.45834351   0.00000E-07
      71.50000000   0.00000E-07
      71.54165649   0.00000E-07
      71.58334351   0.00000E-07
      71.62500000   0.00000E-07
      71.66665649   0.00000E-07
      71.70834351   0.00000E-07
      71.75000000   0.00000E-07
      71.79165649   0.00000E-07
      71.83334351   0.00000E-07
      71.87500000   0.00000E-07
      71.91665649   0.00000E-07
      71.95834351   0.00000E-07
      72.00000000   0.00000E-07
      72.04165649   0.00000E-07
      72.08334351   0.00000E-07
      72.12500000   0.00000E-07
      72.16665649   0.00000E-07
      72.20834351   0.00000E-07
      72.25000000   0.00000E-07
      72.29165649   0.00000E-07
      72.33334351   0.00000E-07
      72.37500000   0.00000E-07
      72.41665649   0.00000E-07
      72.45834351   0.00000E-07
      72.50000000   0.00000E-07
      72.54165649   0.00000E-07
      72.58334351   0.00000E-07
      72.62500000   0.00000E-07
      72.66665649   0.00000E-07
      72.70834351   0.00000E-07
      72.75000000   0.00000E-07
      72.79165649   0.00000E-07
      72.83334351   0.00000E-07
      72.87500000   0.00000E-07
      72.91665649   0.00000E-07
      72.95834351   0.00000E-07
      73.00000000   0.00000E-07
      73.04165649   0.00000E-07
      73.08334351   0.00000E-07
      73.12500000   0.00000E-07
      73.16665649   0.00000E-07
      73.20834351   0.00000E-07
      73.25000000   0.00000E-07
      73.29165649   0.00000E-07
      73.33334351   0.00000E-07
      73.37500000   0.00000E-07
      73.41665649   0.00000E-07
      73.45834351   0.00000E-07
      73.50000000   0.00000E-07
      73.54165649   0.00000E-07
      73.58334351   0.00000E-07
      73.62500000   0.00000E-07
      73.66665649   0.00000E-07
      73.70834351   0.00000E-07
      73.75000000   0.00000E-07
      73.79165649   0.00000E-07
      73.83334351   0.00000E-07
      73.87500000   0.00000E-07
      73.91665649   0.00000E-07
      73.95834351   0.00000E-07
      74.00000000   0.00000E-07
      74.04165649   0.00000E-07
      74.08334351   0.00000E-07
      74.12500000   0.00000E-07
      74.16665649   0.00000E-07
      74.20834351   0.00000E-07
      74.25000000   0.00000E-07
      74.29165649   0.00000E-07
      74.33334351   0.00000E-07
      74.37500000   0.00000E-07
      74.41665649   0.00000E-07
      74.45834351   0.00000E-07
      74.50000000   0.00000E-07
      74.54165649   0.00000E-07
      74.58334351   0.00000E-07
      74.62500000   0.00000E-07
      74.66665649   0.00000E-07
      74.70834351   0.00000E-07
      74.75000000   0.00000E-07
      74.79165649   0.00000E-07
      74.83334351   0.00000E-07
      74.87500000   0.00000E-07
      74.91665649   0.00000E-07
      74.95834351   0.00000E-07
      75.00000000   0.00000E-07
      75.04165649   0.00000E-07
      75.08334351   0.00000E-07
      75.12500000   0.00000E-07
      75.16665649   0.00000E-07
      75.20834351   0.00000E-07
      75.25000000   0.00000E-07
      75.29165649   0.00000E-07
      75.33334351   0.00000E-07
      75.37500000   0.00000E-07
      75.41665649   0.00000E-07
      75.45834351   0.00000E-07
      75.50000000   0.00000E-07
      75.54165649   0.00000E-07
      75.58334351   0.00000E-07
      75.62500000   0.00000E-07
      75.66665649   0.00000E-07
      75.70834351   0.00000E-07
      75.75000000   0.00000E-07
      75.79165649   0.00000E-07
      75.83334351   0.00000E-07
      75.87500000   0.00000E-07
      75.91665649   0.00000E-07
      75.95834351   0.00000E-07
      76.00000000   0.00000E-07
      76.04165649   0.00000E-07
      76.08334351   0.00000E-07
      76.12500000   0.00000E-07
      76.16665649   0.00000E-07
      76.20834351   0.00000E-07
      76.25000000   0.00000E-07
      76.29165649   0.00000E-07
      76.33334351   0.00000E-07
      76.37500000   0.00000E-07
      76.41665649   0.00000E-07
      76.45834351   0.00000E-07
      76.50000000   0.00000E-07
      76.54165649   0.00000E-07
      76.58334351   0.00000E-07
      76.62500000   0.00000E-07
      76.66665649   0.00000E-07
      76.70834351   0.00000E-07
      76.75000000   0.00000E-07
      76.79165649   0.00000E-07
      76.83334351   0.00000E-07
      76.87500000   0.00000E-07
      76.91665649   0.00000E-07
      76.95834351   0.00000E-07
      77.00000000   0.00000E-07
      77.04165649   0.00000E-07
      77.08334351   0.00000E-07
      77.12500000   0.00000E-07
      77.16665649   0.00000E-07
      77.20834351   0.00000E-07
      77.25000000   0.00000E-07
      77.29165649   0.00000E-07
      77.33334351   0.00000E-07
      77.37500000   0.00000E-07
      77.41665649   0.00000E-07
      77.45834351   0.00000E-07
      77.50000000   0.00000E-07
      77.54165649   0.00000E-07
      77.58334351   0.00000E-07
      77.62500000   0.00000E-07
      77.66665649   0.00000E-07
      77.70834351   0.00000E-07
      77.75000000   0.00000E-07
      77.79165649   0.00000E-07
      77.83334351   0.00000E-07
      77.87500000   0.00000E-07
      77.91665649   0.00000E-07
      77.95834351   0.00000E-07
      78.00000000   0.00000E-07
      78.04165649   0.00000E-07
      78.08334351   0.00000E-07
      78.12500000   0.00000E-07
      78.16665649   0.00000E-07
      78.20834351   0.00000E-07
      78.25000000   0.00000E-07
      78.29165649   0.00000E-07
      78.33334351   0.00000E-07
      78.37500000   0.00000E-07
      78.41665649   0.00000E-07
      78.45834351   0.00000E-07
      78.50000000   0.00000E-07
      78.54165649   0.00000E-07
      78.58334351   0.00000E-07
      78.62500000   0.00000E-07
      78.66665649   0.00000E-07
      78.70834351   0.00000E-07
      78.75000000   0.00000E-07
      78.79165649   0.00000E-07
      78.83334351   0.00000E-07
      78.87500000   0.00000E-07
      78.91665649   0.00000E-07
      78.95834351   0.00000E-07
      79.00000000   0.00000E-07
      79.04165649   0.00000E-07
      79.08334351   0.00000E-07
      79.12500000   0.00000E-07
      79.16665649   0.00000E-07
      79.20834351   0.00000E-07
      79.25000000   0.00000E-07
      79.29165649   0.00000E-07
      79.33334351   0.00000E-07
      79.37500000   0.00000E-07
      79.41665649   0.00000E-07
      79.45834351   0.00000E-07
      79.50000000   0.00000E-07
      79.54165649   0.00000E-07
      79.58334351   0.00000E-07
      79.62500000   0.00000E-07
      79.66665649   0.00000E-07
      79.70834351   0.00000E-07
      79.75000000   0.00000E-07
      79.79165649   0.00000E-07
      79.83334351   0.00000E-07
      79.87500000   0.00000E-07
      79.91665649   0.00000E-07
      79.95834351   0.00000E-07
      80.00000000   0.0000E-07
      80.04165649   0.0000E-07
      80.08334351   0.0000E-07
      80.12500000   0.0000E-07
      80.16665649   0.0000E-07
      80.20834351   0.0000E-07
      80.25000000   0.0000E-07
      80.29165649   0.0000E-07
      80.33334351   0.0000E-07
      80.37500000   0.0000E-07
      80.41665649   0.0000E-07
      80.45834351   0.0000E-07
      80.50000000   0.0000E-07
      80.54165649   0.0000E-07
      80.58334351   0.0000E-07
      80.62500000   0.0000E-07
      80.66665649   0.0000E-07
      80.70834351   0.0000E-07
      80.75000000   0.0000E-07
      80.79165649   0.0000E-07
      80.83334351   0.0000E-07
      80.87500000   0.0000E-07
      80.91665649   0.0000E-07
      80.95834351   0.0000E-07
      81.00000000   0.0000E-07
      81.04165649   0.0000E-07
      81.08334351   0.0000E-07
      81.12500000   0.0000E-07
      81.16665649   0.0000E-07
      81.20834351   0.0000E-07
      81.25000000   0.0000E-07
      81.29165649   0.0000E-07
      81.33334351   0.0000E-07
      81.37500000   0.0000E-07
      81.41665649   0.0000E-07
      81.45834351   0.0000E-07
      81.50000000   0.0000E-07
      81.54165649   0.0000E-07
      81.58334351   0.0000E-07
      81.62500000   0.0000E-07
      81.66665649   0.0000E-07
      81.70834351   0.0000E-07
      81.75000000   0.0000E-07
      81.79165649   0.0000E-07
      81.83334351   0.0000E-07
      81.87500000   0.0000E-07
      81.91665649   0.0000E-07
      81.95834351   0.0000E-07
      82.00000000   0.0000E-07
      82.04165649   0.0000E-07
      82.08334351   0.0000E-07
      82.12500000   0.0000E-07
      82.16665649   0.0000E-07
      82.20834351   0.0000E-07
      82.25000000   0.0000E-07
      82.29165649   0.0000E-07
      82.33334351   0.0000E-07
      82.37500000   0.0000E-07
      82.41665649   0.0000E-07
      82.45834351   0.0000E-07
      82.50000000   0.0000E-07
      82.54165649   0.0000E-07
      82.58334351   0.0000E-07
      82.62500000   0.0000E-07
      82.66665649   0.0000E-07
      82.70834351   0.0000E-07
      82.75000000   0.0000E-07
      82.79165649   0.0000E-07
      82.83334351   0.0000E-07
      82.87500000   0.0000E-07
      82.91665649   0.0000E-07
      82.95834351   0.0000E-07
      83.00000000   0.0000E-07
      83.04165649   0.0000E-07
      83.08334351   0.0000E-07
      83.12500000   0.0000E-07
      83.16665649   0.0000E-07
      83.20834351   0.0000E-07
      83.25000000   0.0000E-07
      83.29165649   0.0000E-07
      83.33334351   0.0000E-07
      83.37500000   0.0000E-07
      83.41665649   0.0000E-07
      83.45834351   0.0000E-07
      83.50000000   0.0000E-07
      83.54165649   0.0000E-07
      83.58334351   0.0000E-07
      83.62500000   0.0000E-07
      83.66665649   0.0000E-07
      83.70834351   0.0000E-07
      83.75000000   0.0000E-07
      83.79165649   0.0000E-07
      83.83334351   0.0000E-07
      83.87500000   0.0000E-07
      83.91665649   0.0000E-07
      83.95834351   0.0000E-07
      84.00000000   0.0000E-07
      84.04165649   0.0000E-07
      84.08334351   0.0000E-07
      84.12500000   0.0000E-07
      84.16665649   0.0000E-07
      84.20834351   0.0000E-07
      84.25000000   0.0000E-07
      84.29165649   0.0000E-07
      84.33334351   0.0000E-07
      84.37500000   0.0000E-07
      84.41665649   0.0000E-07
      84.45834351   0.0000E-07
      84.50000000   0.0000E-07
      84.54165649   0.0000E-07
      84.58334351   0.0000E-07
      84.62500000   0.0000E-07
      84.66665649   0.0000E-07
      84.70834351   0.0000E-07
      84.75000000   0.0000E-07
      84.79165649   0.0000E-07
      84.83334351   0.0000E-07
      84.87500000   0.0000E-07
      84.91665649   0.0000E-07
      84.95834351   0.0000E-07
      85.00000000   0.0000E-07
      85.04165649   0.0000E-07
      85.08334351   0.0000E-07
      85.12500000   0.0000E-07
      85.16665649   0.0000E-07
      85.20834351   0.0000E-07
      85.25000000   0.0000E-07
      85.29165649   0.0000E-07
      85.33334351   0.0000E-07
      85.37500000   0.0000E-07
      85.41665649   0.0000E-07
      85.45834351   0.0000E-07
      85.50000000   0.0000E-07
      85.54165649   0.0000E-07
      85.58334351   0.0000E-07
      85.62500000   0.0000E-07
      85.66665649   0.0000E-07
      85.70834351   0.0000E-07
      85.75000000   0.0000E-07
      85.79165649   0.0000E-07
      85.83334351   0.0000E-07
      85.87500000   0.0000E-07
      85.91665649   0.0000E-07
      85.95834351   0.0000E-07
      86.00000000   0.0000E-07
      86.04165649   0.0000E-07
      86.08334351   0.0000E-07
      86.12500000   0.0000E-07
      86.16665649   0.0000E-07
      86.20834351   0.0000E-07
      86.25000000   0.0000E-07
      86.29165649   0.0000E-07
      86.33334351   0.0000E-07
      86.37500000   0.0000E-07
      86.41665649   0.0000E-07
      86.45834351   0.0000E-07
      86.50000000   0.0000E-07
      86.54165649   0.0000E-07
      86.58334351   0.0000E-07
      86.62500000   0.0000E-07
      86.66665649   0.0000E-07
      86.70834351   0.0000E-07
      86.75000000   0.0000E-07
      86.79165649   0.0000E-07
      86.83334351   0.0000E-07
      86.87500000   0.0000E-07
      86.91665649   0.0000E-07
      86.95834351   0.0000E-07
      87.00000000   0.0000E-07
      87.04165649   0.0000E-07
      87.08334351   0.0000E-07
      87.12500000   0.0000E-07
      87.16665649   0.0000E-07
      87.20834351   0.0000E-07
      87.25000000   0.0000E-07
      87.29165649   0.0000E-07
      87.33334351   0.0000E-07
      87.37500000   0.0000E-07
      87.41665649   0.0000E-07
      87.45834351   0.0000E-07
      87.50000000   0.0000E-07
      87.54165649   0.0000E-07
      87.58334351   0.0000E-07
      87.62500000   0.0000E-07
      87.66665649   0.0000E-07
      87.70834351   0.0000E-07
      87.75000000   0.0000E-07
      87.79165649   0.0000E-07
      87.83334351   0.0000E-07
      87.87500000   0.0000E-07
      87.91665649   0.0000E-07
      87.95834351   0.0000E-07
      88.00000000   0.0000E-07
      88.04165649   0.0000E-07
      88.08334351   0.0000E-07
      88.12500000   0.0000E-07
      88.16665649   0.0000E-07
      88.20834351   0.0000E-07
      88.25000000   0.0000E-07
      88.29165649   0.0000E-07
      88.33334351   0.0000E-07
      88.37500000   0.0000E-07
      88.41665649   0.0000E-07
      88.45834351   0.0000E-07
      88.50000000   0.0000E-07
      88.54165649   0.0000E-07
      88.58334351   0.0000E-07
      88.62500000   0.0000E-07
      88.66665649   0.0000E-07
      88.70834351   0.0000E-07
      88.75000000   0.0000E-07
      88.79165649   0.0000E-07
      88.83334351   0.0000E-07
      88.87500000   0.0000E-07
      88.91665649   0.0000E-07
      88.95834351   0.0000E-07
      89.00000000   0.0000E-07
      89.04165649   0.0000E-07
      89.08334351   0.0000E-07
      89.12500000   0.0000E-07
      89.16665649   0.0000E-07
      89.20834351   0.0000E-07
      89.25000000   0.0000E-07
      89.29165649   0.0000E-07
      89.33334351   0.0000E-07
      89.37500000   0.0000E-07
      89.41665649   0.0000E-07
      89.45834351   0.0000E-07
      89.50000000   0.0000E-07
      89.54165649   0.0000E-07
      89.58334351   0.0000E-07
      89.62500000   0.0000E-07
      89.66665649   0.0000E-07
      89.70834351   0.0000E-07
      89.75000000   0.0000E-07
      89.79165649   0.0000E-07
      89.83334351   0.0000E-07
      89.87500000   0.0000E-07
      89.91665649   0.0000E-07
      89.95834351   0.0000E-07
      90.00000000   0.0000E-07
      90.04165649   0.0000E-07
      90.08334351   0.0000E-07
      90.12500000   0.0000E-07
      90.16665649   0.0000E-07
      90.20834351   0.0000E-07
      90.25000000   0.0000E-07
      90.29165649   0.0000E-07
      90.33334351   0.0000E-07
      90.37500000   0.0000E-07
      90.41665649   0.0000E-07
      90.45834351   0.0000E-07
      90.50000000   0.0000E-07
      90.54165649   0.0000E-07
      90.58334351   0.0000E-07
      90.62500000   0.0000E-07
      90.66665649   0.0000E-07
      90.70834351   0.0000E-07
      90.75000000   0.0000E-07
      90.79165649   0.0000E-07
      90.83334351   0.0000E-07
      90.87500000   0.0000E-07
      90.91665649   0.0000E-07
      90.95834351   0.0000E-07
      91.00000000   0.0000E-07
      91.04165649   0.0000E-07
      91.08334351   0.0000E-07
      91.12500000   0.0000E-07
      91.16665649   0.0000E-07
      91.20834351   0.0000E-07
      91.25000000   0.0000E-07
      91.29165649   0.0000E-07
      91.33334351   0.0000E-07
      91.37500000   0.0000E-07
      91.41665649   0.0000E-07
      91.45834351   0.0000E-07
      91.50000000   0.0000E-07
      91.54165649   0.0000E-07
      91.58334351   0.0000E-07
      91.62500000   0.0000E-07
      91.66665649   0.0000E-07
      91.70834351   0.0000E-07
      91.75000000   0.0000E-07
      91.79165649   0.0000E-07
      91.83334351   0.0000E-07
      91.87500000   0.0000E-07
      91.91665649   0.0000E-07
      91.95834351   0.0000E-07
      92.00000000   0.0000E-07
      92.04165649   0.0000E-07
      92.08334351   0.0000E-07
      92.12500000   0.0000E-07
      92.16665649   0.0000E-07
      92.20834351   0.0000E-07
      92.25000000   0.0000E-07
      92.29165649   0.0000E-07
      92.33334351   0.0000E-07
      92.37500000   0.0000E-07
      92.41665649   0.0000E-07
      92.45834351   0.0000E-07
      92.50000000   0.0000E-07
      92.54165649   0.0000E-07
      92.58334351   0.0000E-07
      92.62500000   0.0000E-07
      92.66665649   0.0000E-07
      92.70834351   0.0000E-07
      92.75000000   0.0000E-07
      92.79165649   0.0000E-07
      92.83334351   0.0000E-07
      92.87500000   0.0000E-07
      92.91665649   0.0000E-07
      92.95834351   0.0000E-07
      93.00000000   0.0000E-07
      93.04165649   0.0000E-07
      93.08334351   0.0000E-07
      93.12500000   0.0000E-07
      93.16665649   0.0000E-07
      93.20834351   0.0000E-07
      93.25000000   0.0000E-07
      93.29165649   0.0000E-07
      93.33334351   0.0000E-07
      93.37500000   0.0000E-07
      93.41665649   0.0000E-07
      93.45834351   0.0000E-07
      93.50000000   0.0000E-07
      93.54165649   0.0000E-07
      93.58334351   0.0000E-07
      93.62500000   0.0000E-07
      93.66665649   0.0000E-07
      93.70834351   0.0000E-07
      93.75000000   0.0000E-07
      93.79165649   0.0000E-07
      93.83334351   0.0000E-07
      93.87500000   0.0000E-07
      93.91665649   0.0000E-07
      93.95834351   0.0000E-07
      94.00000000   0.0000E-07
      94.04165649   0.0000E-07
      94.08334351   0.0000E-07
      94.12500000   0.0000E-07
      94.16665649   0.0000E-07
      94.20834351   0.0000E-07
      94.25000000   0.0000E-07
      94.29165649   0.0000E-07
      94.33334351   0.0000E-07
      94.37500000   0.0000E-07
      94.41665649   0.0000E-07
      94.45834351   0.0000E-07
      94.50000000   0.0000E-07
      94.54165649   0.0000E-07
      94.58334351   0.0000E-07
      94.62500000   0.0000E-07
      94.66665649   0.0000E-07
      94.70834351   0.0000E-07
      94.75000000   0.0000E-07
      94.79165649   0.0000E-07
      94.83334351   0.0000E-07
      94.87500000   0.0000E-07
      94.91665649   0.0000E-07
      94.95834351   0.0000E-07
      95.00000000   0.0000E-07
      95.04165649   0.0000E-07
      95.08334351   0.0000E-07
      95.12500000   0.0000E-07
      95.16665649   0.0000E-07
      95.20834351   0.0000E-07
      95.25000000   0.0000E-07
      95.29165649   0.0000E-07
      95.33334351   0.0000E-07
      95.37500000   0.0000E-07
      95.41665649   0.0000E-07
      95.45834351   0.0000E-07
      95.50000000   0.0000E-07
      95.54165649   0.0000E-07
      95.58334351   0.0000E-07
      95.62500000   0.0000E-07
      95.66665649   0.0000E-07
      95.70834351   0.0000E-07
      95.75000000   0.0000E-07
      95.79165649   0.0000E-07
      95.83334351   0.0000E-07
      95.87500000   0.0000E-07
      95.91665649   0.0000E-07
      95.95834351   0.0000E-07
      96.00000000   0.0000E-07
      96.04165649   0.0000E-07
      96.08334351   0.0000E-07
      96.12500000   0.0000E-07
      96.16665649   0.0000E-07
      96.20834351   0.0000E-07
      96.25000000   0.0000E-07
      96.29165649   0.0000E-07
      96.33334351   0.0000E-07
      96.37500000   0.0000E-07
      96.41665649   0.0000E-07
      96.45834351   0.0000E-07
      96.50000000   0.0000E-07
      96.54165649   0.0000E-07
      96.58334351   0.0000E-07
      96.62500000   0.0000E-07
      96.66665649   0.0000E-07
      96.70834351   0.0000E-07
      96.75000000   0.0000E-07
      96.79165649   0.0000E-07
      96.83334351   0.0000E-07
      96.87500000   0.0000E-07
      96.91665649   0.0000E-07
      96.95834351   0.0000E-07
      97.00000000   0.0000E-07
      97.04165649   0.0000E-07
      97.08334351   0.0000E-07
      97.12500000   0.0000E-07
      97.16665649   0.0000E-07
      97.20834351   0.0000E-07
      97.25000000   0.0000E-07
      97.29165649   0.0000E-07
      97.33334351   0.0000E-07
      97.37500000   0.0000E-07
      97.41665649   0.0000E-07
      97.45834351   0.0000E-07
      97.50000000   0.0000E-07
      97.54165649   0.0000E-07
      97.58334351   0.0000E-07
      97.62500000   0.0000E-07
      97.66665649   0.0000E-07
      97.70834351   0.0000E-07
      97.75000000   0.0000E-07
      97.79165649   0.0000E-07
      97.83334351   0.0000E-07
      97.87500000   0.0000E-07
      97.91665649   0.0000E-07
      97.95834351   0.0000E-07
      98.00000000   0.0000E-07
      98.04165649   0.0000E-07
      98.08334351   0.0000E-07
      98.12500000   0.0000E-07
      98.16665649   0.0000E-07
      98.20834351   0.0000E-07
      98.25000000   0.0000E-07
      98.29165649   0.0000E-07
      98.33334351   0.0000E-07
      98.37500000   0.0000E-07
      98.41665649   0.0000E-07
      98.45834351   0.0000E-07
      98.50000000   0.0000E-07
      98.54165649   0.0000E-07
      98.58334351   0.0000E-07
      98.62500000   0.0000E-07
      98.66665649   0.0000E-07
      98.70834351   0.0000E-07
      98.75000000   0.0000E-07
      98.79165649   0.0000E-07
      98.83334351   0.0000E-07
      98.87500000   0.0000E-07
      98.91665649   0.0000E-07
      98.95834351   0.0000E-07
      99.00000000   0.0000E-07
      99.04165649   0.0000E-07
      99.08334351   0.0000E-07
      99.12500000   0.0000E-07
      99.16665649   0.0000E-07
      99.20834351   0.0000E-07
      99.25000000   0.0000E-07
      99.29165649   0.0000E-07
      99.33334351   0.0000E-07
      99.37500000   0.0000E-07
      99.41665649   0.0000E-07
      99.45834351   0.0000E-07
      99.50000000   0.0000E-07
      99.54165649   0.0000E-07
      99.58334351   0.0000E-07
      99.62500000   0.0000E-07
      99.66665649   0.0000E-07
      99.70834351   0.0000E-07
      99.75000000   0.0000E-07
      99.79165649   0.0000E-07
      99.83334351   0.0000E-07
      99.87500000   0.0000E-07
      99.91665649   0.0000E-07
      99.95834351   0.0000E-07
     100.00000000   0.0000E-07
     100.04165649   0.0000E-07
     100.08334351   0.0000E-07
     100.12500000   0.0000E-07
     100.16665649   0.0000E-07
     100.20834351   0.0000E-07
     100.25000000   0.0000E-07
     100.29165649   0.0000E-07
     100.33334351   0.0000E-07
     100.37500000   0.0000E-07
     100.41665649   0.0000E-07
     100.45834351   0.0000E-07
     100.50000000   0.0000E-07
     100.54165649   0.0000E-07
     100.58334351   0.0000E-07
     100.62500000   0.0000E-07
     100.66665649   0.0000E-07
     100.70834351   0.0000E-07
     100.75000000   0.0000E-07
     100.79165649   0.0000E-07
     100.83334351   0.0000E-07
     100.87500000   0.0000E-07
     100.91665649   0.0000E-07
     100.95834351   0.0000E-07
     101.00000000   0.0000E-07
     101.04165649   0.0000E-07
     101.08334351   0.0000E-07
     101.12500000   0.0000E-07
     101.16665649   0.0000E-07
     101.20834351   0.0000E-07
     101.25000000   0.0000E-07
     101.29165649   0.0000E-07
     101.33334351   0.0000E-07
     101.37500000   0.0000E-07
     101.41665649   0.0000E-07
     101.45834351   0.0000E-07
     101.50000000   0.0000E-07
     101.54165649   0.0000E-07
     101.58334351   0.0000E-07
     101.62500000   0.0000E-07
     101.66665649   0.0000E-07
     101.70834351   3.6460E-05
     101.75000000   0.0000E-07
     101.79165649   0.0000E-07
     101.83334351   0.0000E-07
     101.87500000   0.0000E-07
     101.91665649   0.0000E-07
     101.95834351   0.0000E-07
     102.00000000   0.0000E-07
     102.04165649   0.0000E-07
     102.08334351   0.0000E-07
     102.12500000   0.0000E-07
     102.16665649   0.0000E-07
     102.20834351   0.0000E-07
     102.25000000   0.0000E-07
     102.29165649   0.0000E-07
     102.33334351   0.0000E-07
     102.37500000   0.0000E-07
     102.41665649   0.0000E-07
     102.45834351   0.0000E-07
     102.50000000   0.0000E-07
     102.54165649   0.0000E-07
     102.58334351   0.0000E-07
     102.62500000   0.0000E-07
     102.66665649   0.0000E-07
     102.70834351   2.4310E-05
     102.75000000   2.4310E-05
     102.79165649   0.0000E-07
     102.83334351   0.0000E-07
     102.87500000   0.0000E-07
     102.91665649   0.0000E-07
     102.95834351   0.0000E-07
     103.00000000   0.0000E-07
     103.04165649   0.0000E-07
     103.08334351   0.0000E-07
     103.12500000   0.0000E-07
     103.16665649   0.0000E-07
     103.20834351   0.0000E-07
     103.25000000   0.0000E-07
     103.29165649   0.0000E-07
     103.33334351   0.0000E-07
     103.37500000   0.0000E-07
     103.41665649   0.0000E-07
     103.45834351   0.0000E-07
     103.50000000   0.0000E-07
     103.54165649   0.0000E-07
     103.58334351   0.0000E-07
     103.62500000   0.0000E-07
     103.66665649   0.0000E-07
     103.70834351   0.0000E-07
     103.75000000   0.0000E-07
     103.79165649   0.0000E-07
     103.83334351   0.0000E-07
     103.87500000   0.0000E-07
     103.91665649   0.0000E-07
     103.95834351   0.0000E-07
     104.00000000   0.0000E-07
     104.04165649   0.0000E-07
     104.08334351   0.0000E-07
     104.12500000   0.0000E-07
     104.16665649   0.0000E-07
     104.20834351   0.0000E-07
     104.25000000   0.0000E-07
     104.29165649   0.0000E-07
     104.33334351   0.0000E-07
     104.37500000   0.0000E-07
     104.41665649   0.0000E-07
     104.45834351   0.0000E-07
     104.50000000   0.0000E-07
     104.54165649   0.0000E-07
     104.58334351   0.0000E-07
     104.62500000   0.0000E-07
     104.66665649   0.0000E-07
     104.70834351   0.0000E-07
     104.75000000   0.0000E-07
     104.79165649   0.0000E-07
     104.83334351   0.0000E-07
     104.87500000   0.0000E-07
     104.91665649   0.0000E-07
     104.95834351   0.0000E-07
     105.00000000   0.0000E-07
     105.04165649   0.0000E-07
     105.08334351   0.0000E-07
     105.12500000   0.0000E-07
     105.16665649   0.0000E-07
     105.20834351   0.0000E-07
     105.25000000   0.0000E-07
     105.29165649   0.0000E-07
     105.33334351   0.0000E-07
     105.37500000   0.0000E-07
     105.41665649   0.0000E-07
     105.45834351   0.0000E-07
     105.50000000   0.0000E-07
     105.54165649   0.0000E-07
     105.58334351   0.0000E-07
     105.62500000   0.0000E-07
     105.66665649   0.0000E-07
     105.70834351   0.0000E-07
     105.75000000   0.0000E-07
     105.79165649   0.0000E-07
     105.83334351   0.0000E-07
     105.87500000   0.0000E-07
     105.91665649   0.0000E-07
     105.95834351   0.0000E-07
     106.00000000   0.0000E-07
     106.04165649   0.0000E-07
     106.08334351   0.0000E-07
     106.12500000   0.0000E-07
     106.16665649   0.0000E-07
     106.20834351   0.0000E-07
     106.25000000   0.0000E-07
     106.29165649   0.0000E-07
     106.33334351   0.0000E-07
     106.37500000   0.0000E-07
     106.41665649   0.0000E-07
     106.45834351   0.0000E-07
     106.50000000   0.0000E-07
     106.54165649   0.0000E-07
     106.58334351   0.0000E-07
     106.62500000   0.0000E-07
     106.66665649   0.0000E-07
     106.70834351   0.0000E-07
     106.75000000   0.0000E-07
     106.79165649   0.0000E-07
     106.83334351   0.0000E-07
     106.87500000   0.0000E-07
     106.91665649   0.0000E-07
     106.95834351   0.0000E-07
     107.00000000   0.0000E-07
     107.04165649   0.0000E-07
     107.08334351   0.0000E-07
     107.12500000   0.0000E-07
     107.16665649   0.0000E-07
     107.20834351   0.0000E-07
     107.25000000   0.0000E-07
     107.29165649   0.0000E-07
     107.33334351   0.0000E-07
     107.37500000   0.0000E-07
     107.41665649   0.0000E-07
     107.45834351   0.0000E-07
     107.50000000   0.0000E-07
     107.54165649   0.0000E-07
     107.58334351   0.0000E-07
     107.62500000   0.0000E-07
     107.66665649   0.0000E-07
     107.70834351   0.0000E-07
     107.75000000   0.0000E-07
     107.79165649   0.0000E-07
     107.83334351   0.0000E-07
     107.87500000   0.0000E-07
     107.91665649   0.0000E-07
     107.95834351   0.0000E-07
     108.00000000   0.0000E-07
     108.04165649   0.0000E-07
     108.08334351   0.0000E-07
     108.12500000   0.0000E-07
     108.16665649   0.0000E-07
     108.20834351   0.0000E-07
     108.25000000   0.0000E-07
     108.29165649   0.0000E-07
     108.33334351   0.0000E-07
     108.37500000   0.0000E-07
     108.41665649   0.0000E-07
     108.45834351   0.0000E-07
     108.50000000   0.0000E-07
     108.54165649   0.0000E-07
     108.58334351   0.0000E-07
     108.62500000   0.0000E-07
     108.66665649   0.0000E-07
     108.70834351   0.0000E-07
     108.75000000   0.0000E-07
     108.79165649   0.0000E-07
     108.83334351   0.0000E-07
     108.87500000   0.0000E-07
     108.91665649   0.0000E-07
     108.95834351   0.0000E-07
     109.00000000   0.0000E-07
     109.04165649   0.0000E-07
     109.08334351   0.0000E-07
     109.12500000   0.0000E-07
     109.16665649   0.0000E-07
     109.20834351   0.0000E-07
     109.25000000   0.0000E-07
     109.29165649   0.0000E-07
     109.33334351   0.0000E-07
     109.37500000   0.0000E-07
     109.41665649   0.0000E-07
     109.45834351   0.0000E-07
     109.50000000   0.0000E-07
     109.54165649   0.0000E-07
     109.58334351   0.0000E-07
     109.62500000   0.0000E-07
     109.66665649   0.0000E-07
     109.70834351   0.0000E-07
     109.75000000   0.0000E-07
     109.79165649   0.0000E-07
     109.83334351   0.0000E-07
     109.87500000   0.0000E-07
     109.91665649   0.0000E-07
     109.95834351   0.0000E-07
     110.00000000   0.0000E-07
     110.04165649   0.0000E-07
     110.08334351   0.0000E-07
     110.12500000   0.0000E-07
     110.16665649   0.0000E-07
     110.20834351   0.0000E-07
     110.25000000   0.0000E-07
     110.29165649   0.0000E-07
     110.33334351   0.0000E-07
     110.37500000   0.0000E-07
     110.41665649   0.0000E-07
     110.45834351   0.0000E-07
     110.50000000   0.0000E-07
     110.54165649   0.0000E-07
     110.58334351   0.0000E-07
     110.62500000   0.0000E-07
     110.66665649   0.0000E-07
     110.70834351   0.0000E-07
     110.75000000   0.0000E-07
     110.79165649   0.0000E-07
     110.83334351   0.0000E-07
     110.87500000   0.0000E-07
     110.91665649   0.0000E-07
     110.95834351   0.0000E-07
     111.00000000   0.0000E-07
     111.04165649   0.0000E-07
     111.08334351   0.0000E-07
     111.12500000   0.0000E-07
     111.16665649   0.0000E-07
     111.20834351   0.0000E-07
     111.25000000   0.0000E-07
     111.29165649   0.0000E-07
     111.33334351   0.0000E-07
     111.37500000   0.0000E-07
     111.41665649   0.0000E-07
     111.45834351   0.0000E-07
     111.50000000   0.0000E-07
     111.54165649   0.0000E-07
     111.58334351   0.0000E-07
     111.62500000   0.0000E-07
     111.66665649   0.0000E-07
     111.70834351   0.0000E-07
     111.75000000   0.0000E-07
     111.79165649   0.0000E-07
     111.83334351   0.0000E-07
     111.87500000   0.0000E-07
     111.91665649   0.0000E-07
     111.95834351   0.0000E-07
     112.00000000   0.0000E-07
     112.04165649   0.0000E-07
     112.08334351   0.0000E-07
     112.12500000   0.0000E-07
     112.16665649   0.0000E-07
     112.20834351   0.0000E-07
     112.25000000   0.0000E-07
     112.29165649   0.0000E-07
     112.33334351   0.0000E-07
     112.37500000   0.0000E-07
     112.41665649   0.0000E-07
     112.45834351   0.0000E-07
     112.50000000   0.0000E-07
     112.54165649   0.0000E-07
     112.58334351   0.0000E-07
     112.62500000   0.0000E-07
     112.66665649   0.0000E-07
     112.70834351   0.0000E-07
     112.75000000   0.0000E-07
     112.79165649   0.0000E-07
     112.83334351   0.0000E-07
     112.87500000   0.0000E-07
     112.91665649   0.0000E-07
     112.95834351   0.0000E-07
     113.00000000   0.0000E-07
     113.04165649   0.0000E-07
     113.08334351   0.0000E-07
     113.12500000   0.0000E-07
     113.16665649   0.0000E-07
     113.20834351   0.0000E-07
     113.25000000   0.0000E-07
     113.29165649   0.0000E-07
     113.33334351   0.0000E-07
     113.37500000   0.0000E-07
     113.41665649   0.0000E-07
     113.45834351   0.0000E-07
     113.50000000   0.0000E-07
     113.54165649   0.0000E-07
     113.58334351   0.0000E-07
     113.62500000   0.0000E-07
     113.66665649   0.0000E-07
     113.70834351   0.0000E-07
     113.75000000   0.0000E-07
     113.79165649   0.0000E-07
     113.83334351   0.0000E-07
     113.87500000   0.0000E-07
     113.91665649   0.0000E-07
     113.95834351   0.0000E-07
     114.00000000   0.0000E-07
     114.04165649   0.0000E-07
     114.08334351   0.0000E-07
     114.12500000   0.0000E-07
     114.16665649   0.0000E-07
     114.20834351   0.0000E-07
     114.25000000   0.0000E-07
     114.29165649   0.0000E-07
     114.33334351   0.0000E-07
     114.37500000   0.0000E-07
     114.41665649   0.0000E-07
     114.45834351   0.0000E-07
     114.50000000   0.0000E-07
     114.54165649   0.0000E-07
     114.58334351   0.0000E-07
     114.62500000   0.0000E-07
     114.66665649   0.0000E-07
     114.70834351   0.0000E-07
     114.75000000   0.0000E-07
     114.79165649   0.0000E-07
     114.83334351   0.0000E-07
     114.87500000   0.0000E-07
     114.91665649   0.0000E-07
     114.95834351   0.0000E-07
     115.00000000   0.0000E-07
     115.04165649   0.0000E-07
     115.08334351   0.0000E-07
     115.12500000   0.0000E-07
     115.16665649   0.0000E-07
     115.20834351   0.0000E-07
     115.25000000   0.0000E-07
     115.29165649   0.0000E-07
     115.33334351   0.0000E-07
     115.37500000   0.0000E-07
     115.41665649   0.0000E-07
     115.45834351   0.0000E-07
     115.50000000   0.0000E-07
     115.54165649   0.0000E-07
     115.58334351   0.0000E-07
     115.62500000   0.0000E-07
     115.66665649   0.0000E-07
     115.70834351   0.0000E-07
     115.75000000   0.0000E-07
     115.79165649   0.0000E-07
     115.83334351   0.0000E-07
     115.87500000   0.0000E-07
     115.91665649   0.0000E-07
     115.95834351   0.0000E-07
     116.00000000   0.0000E-07
     116.04165649   0.0000E-07
     116.08334351   0.0000E-07
     116.12500000   0.0000E-07
     116.16665649   0.0000E-07
     116.20834351   0.0000E-07
     116.25000000   0.0000E-07
     116.29165649   0.0000E-07
     116.33334351   0.0000E-07
     116.37500000   0.0000E-07
     116.41665649   0.0000E-07
     116.45834351   0.0000E-07
     116.50000000   0.0000E-07
     116.54165649   0.0000E-07
     116.58334351   0.0000E-07
     116.62500000   0.0000E-07
     116.66665649   0.0000E-07
     116.70834351   0.0000E-07
     116.75000000   0.0000E-07
     116.79165649   0.0000E-07
     116.83334351   0.0000E-07
     116.87500000   0.0000E-07
     116.91665649   0.0000E-07
     116.95834351   0.0000E-07
     117.00000000   0.0000E-07
     117.04165649   0.0000E-07
     117.08334351   0.0000E-07
     117.12500000   0.0000E-07
     117.16665649   0.0000E-07
     117.20834351   0.0000E-07
     117.25000000   0.0000E-07
     117.29165649   0.0000E-07
     117.33334351   0.0000E-07
     117.37500000   0.0000E-07
     117.41665649   0.0000E-07
     117.45834351   0.0000E-07
     117.50000000   0.0000E-07
     117.54165649   0.0000E-07
     117.58334351   0.0000E-07
     117.62500000   0.0000E-07
     117.66665649   0.0000E-07
     117.70834351   0.0000E-07
     117.75000000   0.0000E-07
     117.79165649   0.0000E-07
     117.83334351   0.0000E-07
     117.87500000   0.0000E-07
     117.91665649   0.0000E-07
     117.95834351   0.0000E-07
     118.00000000   0.0000E-07
     118.04165649   0.0000E-07
     118.08334351   0.0000E-07
     118.12500000   0.0000E-07
     118.16665649   0.0000E-07
     118.20834351   0.0000E-07
     118.25000000   0.0000E-07
     118.29165649   0.0000E-07
     118.33334351   0.0000E-07
     118.37500000   0.0000E-07
     118.41665649   0.0000E-07
     118.45834351   0.0000E-07
     118.50000000   0.0000E-07
     118.54165649   0.0000E-07
     118.58334351   0.0000E-07
     118.62500000   0.0000E-07
     118.66665649   0.0000E-07
     118.70834351   0.0000E-07
     118.75000000   0.0000E-07
     118.79165649   0.0000E-07
     118.83334351   0.0000E-07
     118.87500000   0.0000E-07
     118.91665649   0.0000E-07
     118.95834351   0.0000E-07
     119.00000000   0.0000E-07
     119.04165649   0.0000E-07
     119.08334351   0.0000E-07
     119.12500000   0.0000E-07
     119.16665649   0.0000E-07
     119.20834351   0.0000E-07
     119.25000000   0.0000E-07
     119.29165649   0.0000E-07
     119.33334351   0.0000E-07
     119.37500000   0.0000E-07
     119.41665649   0.0000E-07
     119.45834351   0.0000E-07
     119.50000000   0.0000E-07
     119.54165649   0.0000E-07
     119.58334351   0.0000E-07
     119.62500000   0.0000E-07
     119.66665649   0.0000E-07
     119.70834351   0.0000E-07
     119.75000000   0.0000E-07
     119.79165649   0.0000E-07
     119.83334351   0.0000E-07
     119.87500000   0.0000E-07
     119.91665649   0.0000E-07
     119.95834351   0.0000E-07
     120.00000000   0.0000E-07
     120.04165649   0.0000E-07
     120.08334351   0.0000E-07
     120.12500000   0.0000E-07
     120.16665649   0.0000E-07
     120.20834351   0.0000E-07
     120.25000000   0.0000E-07
     120.29165649   0.0000E-07
     120.33334351   0.0000E-07
     120.37500000   0.0000E-07
     120.41665649   0.0000E-07
     120.45834351   0.0000E-07
     120.50000000   0.0000E-07
     120.54165649   0.0000E-07
     120.58334351   0.0000E-07
     120.62500000   0.0000E-07
     120.66665649   0.0000E-07
     120.70834351   0.0000E-07
     120.75000000   0.0000E-07
     120.79165649   0.0000E-07
     120.83334351   0.0000E-07
     120.87500000   0.0000E-07
     120.91665649   0.0000E-07
     120.95834351   0.0000E-07
     121.00000000   0.0000E-07
     121.04165649   0.0000E-07
     121.08334351   0.0000E-07
     121.12500000   0.0000E-07
     121.16665649   0.0000E-07
     121.20834351   0.0000E-07
     121.25000000   0.0000E-07
     121.29165649   0.0000E-07
     121.33334351   0.0000E-07
     121.37500000   0.0000E-07
     121.41665649   0.0000E-07
     121.45834351   0.0000E-07
     121.50000000   0.0000E-07
     121.54165649   0.0000E-07
     121.58334351   0.0000E-07
     121.62500000   0.0000E-07
     121.66665649   0.0000E-07
     121.70834351   0.0000E-07
     121.75000000   0.0000E-07
     121.79165649   0.0000E-07
     121.83334351   0.0000E-07
     121.87500000   0.0000E-07
     121.91665649   0.0000E-07
     121.95834351   0.0000E-07
     122.00000000   0.0000E-07
     122.04165649   0.0000E-07
     122.08334351   0.0000E-07
     122.12500000   0.0000E-07
     122.16665649   0.0000E-07
     122.20834351   0.0000E-07
     122.25000000   0.0000E-07
     122.29165649   0.0000E-07
     122.33334351   0.0000E-07
     122.37500000   0.0000E-07
     122.41665649   0.0000E-07
     122.45834351   0.0000E-07
     122.50000000   0.0000E-07
     122.54165649   0.0000E-07
     122.58334351   0.0000E-07
     122.62500000   0.0000E-07
     122.66665649   0.0000E-07
     122.70834351   0.0000E-07
     122.75000000   0.0000E-07
     122.79165649   0.0000E-07
     122.83334351   0.0000E-07
     122.87500000   0.0000E-07
     122.91665649   0.0000E-07
     122.95834351   0.0000E-07
     123.00000000   0.0000E-07
     123.04165649   0.0000E-07
     123.08334351   0.0000E-07
     123.12500000   0.0000E-07
     123.16665649   0.0000E-07
     123.20834351   0.0000E-07
     123.25000000   0.0000E-07
     123.29165649   0.0000E-07
     123.33334351   0.0000E-07
     123.37500000   0.0000E-07
     123.41665649   0.0000E-07
     123.45834351   0.0000E-07
     123.50000000   0.0000E-07
     123.54165649   0.0000E-07
     123.58334351   0.0000E-07
     123.62500000   0.0000E-07
     123.66665649   0.0000E-07
     123.70834351   0.0000E-07
     123.75000000   0.0000E-07
     123.79165649   0.0000E-07
     123.83334351   0.0000E-07
     123.87500000   0.0000E-07
     123.91665649   0.0000E-07
     123.95834351   0.0000E-07
     124.00000000   0.0000E-07
     124.04165649   0.0000E-07
     124.08334351   0.0000E-07
     124.12500000   0.0000E-07
     124.16665649   0.0000E-07
     124.20834351   0.0000E-07
     124.25000000   0.0000E-07
     124.29165649   0.0000E-07
     124.33334351   0.0000E-07
     124.37500000   0.0000E-07
     124.41665649   0.0000E-07
     124.45834351   0.0000E-07
     124.50000000   0.0000E-07
     124.54165649   0.0000E-07
     124.58334351   0.0000E-07
     124.62500000   0.0000E-07
     124.66665649   0.0000E-07
     124.70834351   0.0000E-07
     124.75000000   0.0000E-07
     124.79165649   0.0000E-07
     124.83334351   0.0000E-07
     124.87500000   0.0000E-07
     124.91665649   0.0000E-07
     124.95834351   0.0000E-07
     125.00000000   0.0000E-07
     125.04165649   0.0000E-07
     125.08334351   0.0000E-07
     125.12500000   0.0000E-07
     125.16665649   0.0000E-07
     125.20834351   0.0000E-07
     125.25000000   0.0000E-07
     125.29165649   0.0000E-07
     125.33334351   0.0000E-07
     125.37500000   0.0000E-07
     125.41665649   0.0000E-07
     125.45834351   0.0000E-07
     125.50000000   0.0000E-07
     125.54165649   0.0000E-07
     125.58334351   0.0000E-07
     125.62500000   0.0000E-07
     125.66665649   0.0000E-07
     125.70834351   0.0000E-07
     125.75000000   0.0000E-07
     125.79165649   0.0000E-07
     125.83334351   0.0000E-07
     125.87500000   0.0000E-07
     125.91665649   0.0000E-07
     125.95834351   0.0000E-07
     126.00000000   0.0000E-07
     126.04165649   0.0000E-07
     126.08334351   0.0000E-07
     126.12500000   0.0000E-07
     126.16665649   0.0000E-07
     126.20834351   0.0000E-07
     126.25000000   0.0000E-07
     126.29165649   0.0000E-07
     126.33334351   0.0000E-07
     126.37500000   0.0000E-07
     126.41665649   0.0000E-07
     126.45834351   0.0000E-07
     126.50000000   0.0000E-07
     126.54165649   0.0000E-07
     126.58334351   0.0000E-07
     126.62500000   0.0000E-07
     126.66665649   0.0000E-07
     126.70834351   0.0000E-07
     126.75000000   0.0000E-07
     126.79165649   0.0000E-07
     126.83334351   0.0000E-07
     126.87500000   0.0000E-07
     126.91665649   0.0000E-07
     126.95834351   0.0000E-07
     127.00000000   0.0000E-07
     127.04165649   0.0000E-07
     127.08334351   0.0000E-07
     127.12500000   0.0000E-07
     127.16665649   0.0000E-07
     127.20834351   0.0000E-07
     127.25000000   0.0000E-07
     127.29165649   0.0000E-07
     127.33334351   0.0000E-07
     127.37500000   0.0000E-07
     127.41665649   0.0000E-07
     127.45834351   0.0000E-07
     127.50000000   0.0000E-07
     127.54165649   0.0000E-07
     127.58334351   0.0000E-07
     127.62500000   0.0000E-07
     127.66665649   0.0000E-07
     127.70834351   0.0000E-07
     127.75000000   0.0000E-07
     127.79165649   0.0000E-07
     127.83334351   0.0000E-07
     127.87500000   0.0000E-07
     127.91665649   0.0000E-07
     127.95834351   0.0000E-07
     128.00000000   0.0000E-07
     128.04165649   0.0000E-07
     128.08334351   0.0000E-07
     128.12500000   0.0000E-07
     128.16665649   0.0000E-07
     128.20834351   0.0000E-07
     128.25000000   0.0000E-07
     128.29165649   0.0000E-07
     128.33334351   0.0000E-07
     128.37500000   0.0000E-07
     128.41665649   0.0000E-07
     128.45834351   0.0000E-07
     128.50000000   0.0000E-07
     128.54165649   0.0000E-07
     128.58334351   0.0000E-07
     128.62500000   0.0000E-07
     128.66665649   0.0000E-07
     128.70834351   0.0000E-07
     128.75000000   0.0000E-07
     128.79165649   0.0000E-07
     128.83334351   0.0000E-07
     128.87500000   0.0000E-07
     128.91665649   0.0000E-07
     128.95834351   0.0000E-07
     129.00000000   0.0000E-07
     129.04165649   0.0000E-07
     129.08334351   0.0000E-07
     129.12500000   0.0000E-07
     129.16665649   0.0000E-07
     129.20834351   0.0000E-07
     129.25000000   0.0000E-07
     129.29165649   0.0000E-07
     129.33334351   0.0000E-07
     129.37500000   0.0000E-07
     129.41665649   0.0000E-07
     129.45834351   0.0000E-07
     129.50000000   0.0000E-07
     129.54165649   0.0000E-07
     129.58334351   0.0000E-07
     129.62500000   0.0000E-07
     129.66665649   0.0000E-07
     129.70834351   0.0000E-07
     129.75000000   0.0000E-07
     129.79165649   0.0000E-07
     129.83334351   0.0000E-07
     129.87500000   0.0000E-07
     129.91665649   0.0000E-07
     129.95834351   0.0000E-07
     130.00000000   0.0000E-07
     130.04165649   0.0000E-07
     130.08334351   0.0000E-07
     130.12500000   0.0000E-07
     130.16665649   0.0000E-07
     130.20834351   0.0000E-07
     130.25000000   0.0000E-07
     130.29165649   0.0000E-07
     130.33334351   0.0000E-07
     130.37500000   0.0000E-07
     130.41665649   0.0000E-07
     130.45834351   0.0000E-07
     130.50000000   0.0000E-07
     130.54165649   0.0000E-07
     130.58334351   0.0000E-07
     130.62500000   0.0000E-07
     130.66665649   0.0000E-07
     130.70834351   0.0000E-07
     130.75000000   0.0000E-07
     130.79165649   0.0000E-07
     130.83334351   0.0000E-07
     130.87500000   0.0000E-07
     130.91665649   0.0000E-07
     130.95834351   0.0000E-07
     131.00000000   0.0000E-07
     131.04165649   0.0000E-07
     131.08334351   0.0000E-07
     131.12500000   0.0000E-07
     131.16665649   0.0000E-07
     131.20834351   0.0000E-07
     131.25000000   0.0000E-07
     131.29165649   0.0000E-07
     131.33334351   0.0000E-07
     131.37500000   0.0000E-07
     131.41665649   0.0000E-07
     131.45834351   0.0000E-07
     131.50000000   0.0000E-07
     131.54165649   0.0000E-07
     131.58334351   0.0000E-07
     131.62500000   0.0000E-07
     131.66665649   0.0000E-07
     131.70834351   0.0000E-07
     131.75000000   0.0000E-07
     131.79165649   0.0000E-07
     131.83334351   0.0000E-07
     131.87500000   0.0000E-07
     131.91665649   0.0000E-07
     131.95834351   0.0000E-07
     132.00000000   0.0000E-07
     132.04165649   0.0000E-07
     132.08334351   0.0000E-07
     132.12500000   0.0000E-07
     132.16665649   0.0000E-07
     132.20834351   0.0000E-07
     132.25000000   0.0000E-07
     132.29165649   0.0000E-07
     132.33334351   0.0000E-07
     132.37500000   0.0000E-07
     132.41665649   0.0000E-07
     132.45834351   0.0000E-07
     132.50000000   0.0000E-07
     132.54165649   0.0000E-07
     132.58334351   0.0000E-07
     132.62500000   0.0000E-07
     132.66665649   0.0000E-07
     132.70834351   0.0000E-07
     132.75000000   0.0000E-07
     132.79165649   0.0000E-07
     132.83334351   0.0000E-07
     132.87500000   0.0000E-07
     132.91665649   0.0000E-07
     132.95834351   0.0000E-07
     133.00000000   0.0000E-07
     133.04165649   0.0000E-07
     133.08334351   0.0000E-07
     133.12500000   0.0000E-07
     133.16665649   0.0000E-07
     133.20834351   0.0000E-07
     133.25000000   0.0000E-07
     133.29165649   0.0000E-07
     133.33334351   0.0000E-07
     133.37500000   0.0000E-07
     133.41665649   0.0000E-07
     133.45834351   0.0000E-07
     133.50000000   0.0000E-07
     133.54165649   0.0000E-07
     133.58334351   0.0000E-07
     133.62500000   0.0000E-07
     133.66665649   0.0000E-07
     133.70834351   0.0000E-07
     133.75000000   0.0000E-07
     133.79165649   0.0000E-07
     133.83334351   0.0000E-07
     133.87500000   0.0000E-07
     133.91665649   0.0000E-07
     133.95834351   0.0000E-07
     134.00000000   0.0000E-07
     134.04165649   0.0000E-07
     134.08334351   0.0000E-07
     134.12500000   0.0000E-07
     134.16665649   0.0000E-07
     134.20834351   0.0000E-07
     134.25000000   0.0000E-07
     134.29165649   0.0000E-07
     134.33334351   0.0000E-07
     134.37500000   0.0000E-07
     134.41665649   0.0000E-07
     134.45834351   0.0000E-07
     134.50000000   0.0000E-07
     134.54165649   0.0000E-07
     134.58334351   0.0000E-07
     134.62500000   0.0000E-07
     134.66665649   0.0000E-07
     134.70834351   0.0000E-07
     134.75000000   0.0000E-07
     134.79165649   0.0000E-07
     134.83334351   0.0000E-07
     134.87500000   0.0000E-07
     134.91665649   0.0000E-07
     134.95834351   0.0000E-07
     135.00000000   0.0000E-07
     135.04165649   0.0000E-07
     135.08334351   0.0000E-07
     135.12500000   0.0000E-07
     135.16665649   0.0000E-07
     135.20834351   0.0000E-07
     135.25000000   0.0000E-07
     135.29165649   0.0000E-07
     135.33334351   0.0000E-07
     135.37500000   0.0000E-07
     135.41665649   0.0000E-07
     135.45834351   0.0000E-07
     135.50000000   0.0000E-07
     135.54165649   0.0000E-07
     135.58334351   0.0000E-07
     135.62500000   0.0000E-07
     135.66665649   0.0000E-07
     135.70834351   0.0000E-07
     135.75000000   0.0000E-07
     135.79165649   0.0000E-07
     135.83334351   0.0000E-07
     135.87500000   0.0000E-07
     135.91665649   0.0000E-07
     135.95834351   0.0000E-07
     136.00000000   0.0000E-07
     136.04165649   0.0000E-07
     136.08334351   0.0000E-07
     136.12500000   0.0000E-07
     136.16665649   0.0000E-07
     136.20834351   0.0000E-07
     136.25000000   0.0000E-07
     136.29165649   0.0000E-07
     136.33334351   0.0000E-07
     136.37500000   0.0000E-07
     136.41665649   0.0000E-07
     136.45834351   0.0000E-07
     136.50000000   0.0000E-07
     136.54165649   0.0000E-07
     136.58334351   0.0000E-07
     136.62500000   0.0000E-07
     136.66665649   0.0000E-07
     136.70834351   0.0000E-07
     136.75000000   0.0000E-07
     136.79165649   0.0000E-07
     136.83334351   0.0000E-07
     136.87500000   0.0000E-07
     136.91665649   0.0000E-07
     136.95834351   0.0000E-07
     137.00000000   0.0000E-07
     137.04165649   0.0000E-07
     137.08334351   0.0000E-07
     137.12500000   0.0000E-07
     137.16665649   0.0000E-07
     137.20834351   0.0000E-07
     137.25000000   0.0000E-07
     137.29165649   0.0000E-07
     137.33334351   0.0000E-07
     137.37500000   0.0000E-07
     137.41665649   0.0000E-07
     137.45834351   0.0000E-07
     137.50000000   0.0000E-07
     137.54165649   0.0000E-07
     137.58334351   0.0000E-07
     137.62500000   0.0000E-07
     137.66665649   0.0000E-07
     137.70834351   0.0000E-07
     137.75000000   0.0000E-07
     137.79165649   0.0000E-07
     137.83334351   0.0000E-07
     137.87500000   0.0000E-07
     137.91665649   0.0000E-07
     137.95834351   0.0000E-07
     138.00000000   0.0000E-07
     138.04165649   0.0000E-07
     138.08334351   0.0000E-07
     138.12500000   0.0000E-07
     138.16665649   0.0000E-07
     138.20834351   0.0000E-07
     138.25000000   0.0000E-07
     138.29165649   0.0000E-07
     138.33334351   0.0000E-07
     138.37500000   0.0000E-07
     138.41665649   0.0000E-07
     138.45834351   0.0000E-07
     138.50000000   0.0000E-07
     138.54165649   0.0000E-07
     138.58334351   0.0000E-07
     138.62500000   0.0000E-07
     138.66665649   0.0000E-07
     138.70834351   0.0000E-07
     138.75000000   0.0000E-07
     138.79165649   0.0000E-07
     138.83334351   0.0000E-07
     138.87500000   0.0000E-07
     138.91665649   0.0000E-07
     138.95834351   0.0000E-07
     139.00000000   0.0000E-07
     139.04165649   0.0000E-07
     139.08334351   0.0000E-07
     139.12500000   0.0000E-07
     139.16665649   0.0000E-07
     139.20834351   0.0000E-07
     139.25000000   0.0000E-07
     139.29165649   0.0000E-07
     139.33334351   0.0000E-07
     139.37500000   0.0000E-07
     139.41665649   0.0000E-07
     139.45834351   0.0000E-07
     139.50000000   0.0000E-07
     139.54165649   0.0000E-07
     139.58334351   0.0000E-07
     139.62500000   0.0000E-07
     139.66665649   0.0000E-07
     139.70834351   0.0000E-07
     139.75000000   0.0000E-07
     139.79165649   0.0000E-07
     139.83334351   0.0000E-07
     139.87500000   0.0000E-07
     139.91665649   0.0000E-07
     139.95834351   0.0000E-07
     140.00000000   0.0000E-07
     140.04165649   0.0000E-07
     140.08334351   0.0000E-07
     140.12500000   0.0000E-07
     140.16665649   0.0000E-07
     140.20834351   0.0000E-07
     140.25000000   0.0000E-07
     140.29165649   0.0000E-07
     140.33334351   0.0000E-07
     140.37500000   0.0000E-07
     140.41665649   0.0000E-07
     140.45834351   0.0000E-07
     140.50000000   0.0000E-07
     140.54165649   0.0000E-07
     140.58334351   0.0000E-07
     140.62500000   0.0000E-07
     140.66665649   0.0000E-07
     140.70834351   0.0000E-07
     140.75000000   0.0000E-07
     140.79165649   0.0000E-07
     140.83334351   0.0000E-07
     140.87500000   0.0000E-07
     140.91665649   0.0000E-07
     140.95834351   0.0000E-07
     141.00000000   0.0000E-07
     141.04165649   0.0000E-07
     141.08334351   0.0000E-07
     141.12500000   0.0000E-07
     141.16665649   0.0000E-07
     141.20834351   0.0000E-07
     141.25000000   0.0000E-07
     141.29165649   0.0000E-07
     141.33334351   0.0000E-07
     141.37500000   0.0000E-07
     141.41665649   0.0000E-07
     141.45834351   0.0000E-07
     141.50000000   0.0000E-07
     141.54165649   0.0000E-07
     141.58334351   0.0000E-07
     141.62500000   0.0000E-07
     141.66665649   0.0000E-07
     141.70834351   0.0000E-07
     141.75000000   0.0000E-07
     141.79165649   0.0000E-07
     141.83334351   0.0000E-07
     141.87500000   0.0000E-07
     141.91665649   0.0000E-07
     141.95834351   0.0000E-07
     142.00000000   0.0000E-07
     142.04165649   0.0000E-07
     142.08334351   0.0000E-07
     142.12500000   0.0000E-07
     142.16665649   0.0000E-07
     142.20834351   0.0000E-07
     142.25000000   0.0000E-07
     142.29165649   0.0000E-07
     142.33334351   0.0000E-07
     142.37500000   0.0000E-07
     142.41665649   0.0000E-07
     142.45834351   0.0000E-07
     142.50000000   0.0000E-07
     142.54165649   0.0000E-07
     142.58334351   0.0000E-07
     142.62500000   0.0000E-07
     142.66665649   0.0000E-07
     142.70834351   0.0000E-07
     142.75000000   0.0000E-07
     142.79165649   0.0000E-07
     142.83334351   0.0000E-07
     142.87500000   0.0000E-07
     142.91665649   0.0000E-07
     142.95834351   0.0000E-07
     143.00000000   0.0000E-07
     143.04165649   0.0000E-07
     143.08334351   0.0000E-07
     143.12500000   0.0000E-07
     143.16665649   0.0000E-07
     143.20834351   0.0000E-07
     143.25000000   0.0000E-07
     143.29165649   0.0000E-07
     143.33334351   0.0000E-07
     143.37500000   0.0000E-07
     143.41665649   0.0000E-07
     143.45834351   0.0000E-07
     143.50000000   0.0000E-07
     143.54165649   0.0000E-07
     143.58334351   0.0000E-07
     143.62500000   0.0000E-07
     143.66665649   0.0000E-07
     143.70834351   0.0000E-07
     143.75000000   0.0000E-07
     143.79165649   0.0000E-07
     143.83334351   0.0000E-07
     143.87500000   0.0000E-07
     143.91665649   0.0000E-07
     143.95834351   0.0000E-07
     144.00000000   0.0000E-07
     144.04165649   0.0000E-07
     144.08334351   0.0000E-07
     144.12500000   0.0000E-07
     144.16665649   0.0000E-07
     144.20834351   0.0000E-07
     144.25000000   0.0000E-07
     144.29165649   0.0000E-07
     144.33334351   0.0000E-07
     144.37500000   0.0000E-07
     144.41665649   0.0000E-07
     144.45834351   0.0000E-07
     144.50000000   0.0000E-07
     144.54165649   0.0000E-07
     144.58334351   0.0000E-07
     144.62500000   0.0000E-07
     144.66665649   0.0000E-07
     144.70834351   0.0000E-07
     144.75000000   0.0000E-07
     144.79165649   0.0000E-07
     144.83334351   0.0000E-07
     144.87500000   0.0000E-07
     144.91665649   0.0000E-07
     144.95834351   0.0000E-07
     145.00000000   0.0000E-07
     145.04165649   0.0000E-07
     145.08334351   0.0000E-07
     145.12500000   0.0000E-07
     145.16665649   0.0000E-07
     145.20834351   0.0000E-07
     145.25000000   0.0000E-07
     145.29165649   0.0000E-07
     145.33334351   0.0000E-07
     145.37500000   0.0000E-07
     145.41665649   0.0000E-07
     145.45834351   0.0000E-07
     145.50000000   0.0000E-07
     145.54165649   0.0000E-07
     145.58334351   0.0000E-07
     145.62500000   0.0000E-07
     145.66665649   0.0000E-07
     145.70834351   0.0000E-07
     145.75000000   0.0000E-07
     145.79165649   0.0000E-07
     145.83334351   0.0000E-07
     145.87500000   0.0000E-07
     145.91665649   0.0000E-07
     145.95834351   0.0000E-07
     146.00000000   0.0000E-07
     146.04165649   0.0000E-07
     146.08334351   0.0000E-07
     146.12500000   0.0000E-07
     146.16665649   0.0000E-07
     146.20834351   0.0000E-07
     146.25000000   0.0000E-07
     146.29165649   0.0000E-07
     146.33334351   0.0000E-07
     146.37500000   0.0000E-07
     146.41665649   0.0000E-07
     146.45834351   0.0000E-07
     146.50000000   0.0000E-07
     146.54165649   0.0000E-07
     146.58334351   0.0000E-07
     146.62500000   0.0000E-07
     146.66665649   0.0000E-07
     146.70834351   0.0000E-07
     146.75000000   0.0000E-07
     146.79165649   0.0000E-07
     146.83334351   0.0000E-07
     146.87500000   0.0000E-07
     146.91665649   0.0000E-07
     146.95834351   0.0000E-07
     147.00000000   0.0000E-07
     147.04168701   0.0000E-07
     147.08331299   0.0000E-07
     147.12500000   0.0000E-07
     147.16668701   0.0000E-07
     147.20831299   0.0000E-07
     147.25000000   0.0000E-07
     147.29168701   0.0000E-07
     147.33331299   0.0000E-07
     147.37500000   0.0000E-07
     147.41668701   0.0000E-07
     147.45831299   0.0000E-07
     147.50000000   0.0000E-07
     147.54168701   0.0000E-07
     147.58331299   0.0000E-07
     147.62500000   0.0000E-07
     147.66668701   0.0000E-07
     147.70831299   0.0000E-07
     147.75000000   0.0000E-07
     147.79168701   0.0000E-07
     147.83331299   0.0000E-07
     147.87500000   0.0000E-07
     147.91668701   0.0000E-07
     147.95831299   0.0000E-07
     148.00000000   0.0000E-07
     148.04168701   0.0000E-07
     148.08331299   0.0000E-07
     148.12500000   0.0000E-07
     148.16668701   0.0000E-07
     148.20831299   0.0000E-07
     148.25000000   0.0000E-07
     148.29168701   0.0000E-07
     148.33331299   0.0000E-07
     148.37500000   0.0000E-07
     148.41668701   0.0000E-07
     148.45831299   0.0000E-07
     148.50000000   0.0000E-07
     148.54168701   0.0000E-07
     148.58331299   0.0000E-07
     148.62500000   0.0000E-07
     148.66668701   0.0000E-07
     148.70831299   0.0000E-07
     148.75000000   0.0000E-07
     148.79168701   0.0000E-07
     148.83331299   0.0000E-07
     148.87500000   0.0000E-07
     148.91668701   0.0000E-07
     148.95831299   0.0000E-07
     149.00000000   0.0000E-07
     149.04168701   0.0000E-07
     149.08331299   0.0000E-07
     149.12500000   0.0000E-07
     149.16668701   0.0000E-07
     149.20831299   0.0000E-07
     149.25000000   0.0000E-07
     149.29168701   0.0000E-07
     149.33331299   0.0000E-07
     149.37500000   0.0000E-07
     149.41668701   0.0000E-07
     149.45831299   0.0000E-07
     149.50000000   0.0000E-07
     149.54168701   0.0000E-07
     149.58331299   0.0000E-07
     149.62500000   0.0000E-07
     149.66668701   0.0000E-07
     149.70831299   0.0000E-07
     149.75000000   0.0000E-07
     149.79168701   0.0000E-07
     149.83331299   0.0000E-07
     149.87500000   0.0000E-07
     149.91668701   0.0000E-07
     149.95831299   0.0000E-07
     150.00000000   0.0000E-07
     150.04168701   0.0000E-07
     150.08331299   0.0000E-07
     150.12500000   0.0000E-07
     150.16668701   0.0000E-07
     150.20831299   0.0000E-07
     150.25000000   0.0000E-07
     150.29168701   0.0000E-07
     150.33331299   0.0000E-07
     150.37500000   0.0000E-07
     150.41668701   0.0000E-07
     150.45831299   0.0000E-07
     150.50000000   0.0000E-07
     150.54168701   0.0000E-07
     150.58331299   0.0000E-07
     150.62500000   0.0000E-07
     150.66668701   0.0000E-07
     150.70831299   0.0000E-07
     150.75000000   0.0000E-07
     150.79168701   0.0000E-07
     150.83331299   0.0000E-07
     150.87500000   0.0000E-07
     150.91668701   0.0000E-07
     150.95831299   0.0000E-07
     151.00000000   0.0000E-07
     151.04168701   0.0000E-07
     151.08331299   0.0000E-07
     151.12500000   0.0000E-07
     151.16668701   0.0000E-07
     151.20831299   0.0000E-07
     151.25000000   0.0000E-07
     151.29168701   0.0000E-07
     151.33331299   0.0000E-07
     151.37500000   0.0000E-07
     151.41668701   0.0000E-07
     151.45831299   0.0000E-07
     151.50000000   0.0000E-07
     151.54168701   0.0000E-07
     151.58331299   0.0000E-07
     151.62500000   0.0000E-07
     151.66668701   0.0000E-07
     151.70831299   0.0000E-07
     151.75000000   0.0000E-07
     151.79168701   0.0000E-07
     151.83331299   0.0000E-07
     151.87500000   0.0000E-07
     151.91668701   0.0000E-07
     151.95831299   0.0000E-07
     152.00000000   0.0000E-07
     152.04168701   0.0000E-07
     152.08331299   0.0000E-07
     152.12500000   0.0000E-07
     152.16668701   0.0000E-07
     152.20831299   0.0000E-07
     152.25000000   0.0000E-07
     152.29168701   0.0000E-07
     152.33331299   0.0000E-07
     152.37500000   0.0000E-07
     152.41668701   0.0000E-07
     152.45831299   0.0000E-07
     152.50000000   0.0000E-07
     152.54168701   0.0000E-07
     152.58331299   0.0000E-07
     152.62500000   0.0000E-07
     152.66668701   0.0000E-07
     152.70831299   0.0000E-07
     152.75000000   0.0000E-07
     152.79168701   0.0000E-07
     152.83331299   0.0000E-07
     152.87500000   0.0000E-07
     152.91668701   0.0000E-07
     152.95831299   0.0000E-07
     153.00000000   0.0000E-07
     153.04168701   0.0000E-07
     153.08331299   0.0000E-07
     153.12500000   0.0000E-07
     153.16668701   0.0000E-07
     153.20831299   0.0000E-07
     153.25000000   0.0000E-07
     153.29168701   0.0000E-07
     153.33331299   0.0000E-07
     153.37500000   0.0000E-07
     153.41668701   0.0000E-07
     153.45831299   0.0000E-07
     153.50000000   0.0000E-07
     153.54168701   0.0000E-07
     153.58331299   0.0000E-07
     153.62500000   0.0000E-07
     153.66668701   0.0000E-07
     153.70831299   0.0000E-07
     153.75000000   0.0000E-07
     153.79168701   0.0000E-07
     153.83331299   0.0000E-07
     153.87500000   0.0000E-07
     153.91668701   0.0000E-07
     153.95831299   0.0000E-07
     154.00000000   0.0000E-07
     154.04168701   0.0000E-07
     154.08331299   0.0000E-07
     154.12500000   0.0000E-07
     154.16668701   0.0000E-07
     154.20831299   0.0000E-07
     154.25000000   0.0000E-07
     154.29168701   0.0000E-07
     154.33331299   0.0000E-07
     154.37500000   0.0000E-07
     154.41668701   0.0000E-07
     154.45831299   0.0000E-07
     154.50000000   0.0000E-07
     154.54168701   0.0000E-07
     154.58331299   0.0000E-07
     154.62500000   0.0000E-07
     154.66668701   0.0000E-07
     154.70831299   0.0000E-07
     154.75000000   0.0000E-07
     154.79168701   0.0000E-07
     154.83331299   0.0000E-07
     154.87500000   0.0000E-07
     154.91668701   0.0000E-07
     154.95831299   0.0000E-07
     155.00000000   0.0000E-07
     155.04168701   0.0000E-07
     155.08331299   0.0000E-07
     155.12500000   0.0000E-07
     155.16668701   0.0000E-07
     155.20831299   0.0000E-07
     155.25000000   0.0000E-07
     155.29168701   0.0000E-07
     155.33331299   0.0000E-07
     155.37500000   0.0000E-07
     155.41668701   0.0000E-07
     155.45831299   0.0000E-07
     155.50000000   0.0000E-07
     155.54168701   0.0000E-07
     155.58331299   0.0000E-07
     155.62500000   0.0000E-07
     155.66668701   0.0000E-07
     155.70831299   0.0000E-07
     155.75000000   0.0000E-07
     155.79168701   0.0000E-07
     155.83331299   0.0000E-07
     155.87500000   0.0000E-07
     155.91668701   0.0000E-07
     155.95831299   0.0000E-07
     156.00000000   0.0000E-07
     156.04168701   0.0000E-07
     156.08331299   0.0000E-07
     156.12500000   0.0000E-07
     156.16668701   0.0000E-07
     156.20831299   0.0000E-07
     156.25000000   0.0000E-07
     156.29168701   0.0000E-07
     156.33331299   0.0000E-07
     156.37500000   0.0000E-07
     156.41668701   0.0000E-07
     156.45831299   0.0000E-07
     156.50000000   0.0000E-07
     156.54168701   0.0000E-07
     156.58331299   0.0000E-07
     156.62500000   0.0000E-07
     156.66668701   0.0000E-07
     156.70831299   0.0000E-07
     156.75000000   0.0000E-07
     156.79168701   0.0000E-07
     156.83331299   0.0000E-07
     156.87500000   0.0000E-07
     156.91668701   0.0000E-07
     156.95831299   0.0000E-07
     157.00000000   0.0000E-07
     157.04168701   0.0000E-07
     157.08331299   0.0000E-07
     157.12500000   0.0000E-07
     157.16668701   0.0000E-07
     157.20831299   0.0000E-07
     157.25000000   0.0000E-07
     157.29168701   0.0000E-07
     157.33331299   0.0000E-07
     157.37500000   0.0000E-07
     157.41668701   0.0000E-07
     157.45831299   0.0000E-07
     157.50000000   0.0000E-07
     157.54168701   0.0000E-07
     157.58331299   0.0000E-07
     157.62500000   0.0000E-07
     157.66668701   0.0000E-07
     157.70831299   0.0000E-07
     157.75000000   0.0000E-07
     157.79168701   0.0000E-07
     157.83331299   0.0000E-07
     157.87500000   0.0000E-07
     157.91668701   0.0000E-07
     157.95831299   0.0000E-07
     158.00000000   0.0000E-07
     158.04168701   0.0000E-07
     158.08331299   0.0000E-07
     158.12500000   0.0000E-07
     158.16668701   0.0000E-07
     158.20831299   0.0000E-07
     158.25000000   0.0000E-07
     158.29168701   0.0000E-07
     158.33331299   0.0000E-07
     158.37500000   0.0000E-07
     158.41668701   0.0000E-07
     158.45831299   0.0000E-07
     158.50000000   0.0000E-07
     158.54168701   0.0000E-07
     158.58331299   0.0000E-07
     158.62500000   0.0000E-07
     158.66668701   0.0000E-07
     158.70831299   0.0000E-07
     158.75000000   0.0000E-07
     158.79168701   0.0000E-07
     158.83331299   0.0000E-07
     158.87500000   0.0000E-07
     158.91668701   0.0000E-07
     158.95831299   0.0000E-07
     159.00000000   0.0000E-07
     159.04168701   0.0000E-07
     159.08331299   0.0000E-07
     159.12500000   0.0000E-07
     159.16668701   0.0000E-07
     159.20831299   0.0000E-07
     159.25000000   0.0000E-07
     159.29168701   0.0000E-07
     159.33331299   0.0000E-07
     159.37500000   0.0000E-07
     159.41668701   0.0000E-07
     159.45831299   0.0000E-07
     159.50000000   0.0000E-07
     159.54168701   0.0000E-07
     159.58331299   0.0000E-07
     159.62500000   0.0000E-07
     159.66668701   0.0000E-07
     159.70831299   0.0000E-07
     159.75000000   0.0000E-07
     159.79168701   0.0000E-07
     159.83331299   0.0000E-07
     159.87500000   0.0000E-07
     159.91668701   0.0000E-07
     159.95831299   0.0000E-07
     160.00000000   0.0000E-07
     160.04168701   0.0000E-07
     160.08331299   0.0000E-07
     160.12500000   0.0000E-07
     160.16668701   0.0000E-07
     160.20831299   0.0000E-07
     160.25000000   0.0000E-07
     160.29168701   0.0000E-07
     160.33331299   0.0000E-07
     160.37500000   0.0000E-07
     160.41668701   0.0000E-07
     160.45831299   0.0000E-07
     160.50000000   0.0000E-07
     160.54168701   0.0000E-07
     160.58331299   0.0000E-07
     160.62500000   0.0000E-07
     160.66668701   0.0000E-07
     160.70831299   0.0000E-07
     160.75000000   0.0000E-07
     160.79168701   0.0000E-07
     160.83331299   0.0000E-07
     160.87500000   0.0000E-07
     160.91668701   0.0000E-07
     160.95831299   0.0000E-07
     161.00000000   0.0000E-07
     161.04168701   0.0000E-07
     161.08331299   0.0000E-07
     161.12500000   0.0000E-07
     161.16668701   0.0000E-07
     161.20831299   0.0000E-07
     161.25000000   0.0000E-07
     161.29168701   0.0000E-07
     161.33331299   0.0000E-07
     161.37500000   0.0000E-07
     161.41668701   0.0000E-07
     161.45831299   0.0000E-07
     161.50000000   0.0000E-07
     161.54168701   0.0000E-07
     161.58331299   0.0000E-07
     161.62500000   0.0000E-07
     161.66668701   0.0000E-07
     161.70831299   0.0000E-07
     161.75000000   0.0000E-07
     161.79168701   0.0000E-07
     161.83331299   0.0000E-07
     161.87500000   0.0000E-07
     161.91668701   0.0000E-07
     161.95831299   0.0000E-07
     162.00000000   0.0000E-07
     162.04168701   0.0000E-07
     162.08331299   0.0000E-07
     162.12500000   0.0000E-07
     162.16668701   0.0000E-07
     162.20831299   0.0000E-07
     162.25000000   0.0000E-07
     162.29168701   0.0000E-07
     162.33331299   0.0000E-07
     162.37500000   0.0000E-07
     162.41668701   0.0000E-07
     162.45831299   0.0000E-07
     162.50000000   0.0000E-07
     162.54168701   0.0000E-07
     162.58331299   0.0000E-07
     162.62500000   0.0000E-07
     162.66668701   0.0000E-07
     162.70831299   0.0000E-07
     162.75000000   0.0000E-07
     162.79168701   0.0000E-07
     162.83331299   0.0000E-07
     162.87500000   0.0000E-07
     162.91668701   0.0000E-07
     162.95831299   0.0000E-07
     163.00000000   0.0000E-07
     163.04168701   0.0000E-07
     163.08331299   0.0000E-07
     163.12500000   0.0000E-07
     163.16668701   0.0000E-07
     163.20831299   0.0000E-07
     163.25000000   0.0000E-07
     163.29168701   0.0000E-07
     163.33331299   0.0000E-07
     163.37500000   0.0000E-07
     163.41668701   0.0000E-07
     163.45831299   0.0000E-07
     163.50000000   0.0000E-07
     163.54168701   0.0000E-07
     163.58331299   0.0000E-07
     163.62500000   0.0000E-07
     163.66668701   0.0000E-07
     163.70831299   0.0000E-07
     163.75000000   0.0000E-07
     163.79168701   0.0000E-07
     163.83331299   0.0000E-07
     163.87500000   0.0000E-07
     163.91668701   0.0000E-07
     163.95831299   0.0000E-07
     164.00000000   0.0000E-07
     164.04168701   0.0000E-07
     164.08331299   0.0000E-07
     164.12500000   0.0000E-07
     164.16668701   0.0000E-07
     164.20831299   0.0000E-07
     164.25000000   0.0000E-07
     164.29168701   0.0000E-07
     164.33331299   0.0000E-07
     164.37500000   0.0000E-07
     164.41668701   0.0000E-07
     164.45831299   0.0000E-07
     164.50000000   0.0000E-07
     164.54168701   0.0000E-07
     164.58331299   0.0000E-07
     164.62500000   0.0000E-07
     164.66668701   0.0000E-07
     164.70831299   0.0000E-07
     164.75000000   0.0000E-07
     164.79168701   0.0000E-07
     164.83331299   0.0000E-07
     164.87500000   0.0000E-07
     164.91668701   0.0000E-07
     164.95831299   0.0000E-07
     165.00000000   0.0000E-07
     165.04168701   0.0000E-07
     165.08331299   0.0000E-07
     165.12500000   0.0000E-07
     165.16668701   0.0000E-07
     165.20831299   0.0000E-07
     165.25000000   0.0000E-07
     165.29168701   0.0000E-07
     165.33331299   0.0000E-07
     165.37500000   0.0000E-07
     165.41668701   0.0000E-07
     165.45831299   0.0000E-07
     165.50000000   0.0000E-07
     165.54168701   0.0000E-07
     165.58331299   0.0000E-07
     165.62500000   0.0000E-07
     165.66668701   0.0000E-07
     165.70831299   0.0000E-07
     165.75000000   0.0000E-07
     165.79168701   0.0000E-07
     165.83331299   0.0000E-07
     165.87500000   0.0000E-07
     165.91668701   0.0000E-07
     165.95831299   0.0000E-07
     166.00000000   0.0000E-07
     166.04168701   0.0000E-07
     166.08331299   0.0000E-07
     166.12500000   0.0000E-07
     166.16668701   0.0000E-07
     166.20831299   0.0000E-07
     166.25000000   0.0000E-07
     166.29168701   0.0000E-07
     166.33331299   0.0000E-07
     166.37500000   0.0000E-07
     166.41668701   0.0000E-07
     166.45831299   0.0000E-07
     166.50000000   0.0000E-07
     166.54168701   0.0000E-07
     166.58331299   0.0000E-07
     166.62500000   0.0000E-07
     166.66668701   0.0000E-07
     166.70831299   0.0000E-07
     166.75000000   0.0000E-07
     166.79168701   0.0000E-07
     166.83331299   0.0000E-07
     166.87500000   0.0000E-07
     166.91668701   0.0000E-07
     166.95831299   0.0000E-07
     167.00000000   0.0000E-07
     167.04168701   0.0000E-07
     167.08331299   0.0000E-07
     167.12500000   0.0000E-07
     167.16668701   0.0000E-07
     167.20831299   0.0000E-07
     167.25000000   0.0000E-07
     167.29168701   0.0000E-07
     167.33331299   0.0000E-07
     167.37500000   0.0000E-07
     167.41668701   0.0000E-07
     167.45831299   0.0000E-07
     167.50000000   0.0000E-07
     167.54168701   0.0000E-07
     167.58331299   0.0000E-07
     167.62500000   0.0000E-07
     167.66668701   0.0000E-07
     167.70831299   0.0000E-07
     167.75000000   0.0000E-07
     167.79168701   0.0000E-07
     167.83331299   0.0000E-07
     167.87500000   0.0000E-07
     167.91668701   0.0000E-07
     167.95831299   0.0000E-07
     168.00000000   0.0000E-07
     168.04168701   0.0000E-07
     168.08331299   0.0000E-07
     168.12500000   0.0000E-07
     168.16668701   0.0000E-07
     168.20831299   0.0000E-07
     168.25000000   0.0000E-07
     168.29168701   0.0000E-07
     168.33331299   0.0000E-07
     168.37500000   0.0000E-07
     168.41668701   0.0000E-07
     168.45831299   0.0000E-07
     168.50000000   0.0000E-07
     168.54168701   0.0000E-07
     168.58331299   0.0000E-07
     168.62500000   0.0000E-07
     168.66668701   0.0000E-07
     168.70831299   0.0000E-07
     168.75000000   0.0000E-07
     168.79168701   0.0000E-07
     168.83331299   0.0000E-07
     168.87500000   0.0000E-07
     168.91668701   0.0000E-07
     168.95831299   0.0000E-07
     169.00000000   0.0000E-07
     169.04168701   0.0000E-07
     169.08331299   0.0000E-07
     169.12500000   0.0000E-07
     169.16668701   0.0000E-07
     169.20831299   0.0000E-07
     169.25000000   0.0000E-07
     169.29168701   0.0000E-07
     169.33331299   0.0000E-07
     169.37500000   0.0000E-07
     169.41668701   0.0000E-07
     169.45831299   0.0000E-07
     169.50000000   0.0000E-07
     169.54168701   0.0000E-07
     169.58331299   0.0000E-07
     169.62500000   0.0000E-07
     169.66668701   0.0000E-07
     169.70831299   0.0000E-07
     169.75000000   0.0000E-07
     169.79168701   0.0000E-07
     169.83331299   0.0000E-07
     169.87500000   0.0000E-07
     169.91668701   0.0000E-07
     169.95831299   0.0000E-07
     170.00000000   0.0000E-07
     170.04168701   0.0000E-07
     170.08331299   0.0000E-07
     170.12500000   0.0000E-07
     170.16668701   0.0000E-07
     170.20831299   0.0000E-07
     170.25000000   0.0000E-07
     170.29168701   0.0000E-07
     170.33331299   0.0000E-07
     170.37500000   0.0000E-07
     170.41668701   0.0000E-07
     170.45831299   0.0000E-07
     170.50000000   0.0000E-07
     170.54168701   0.0000E-07
     170.58331299   0.0000E-07
     170.62500000   0.0000E-07
     170.66668701   0.0000E-07
     170.70831299   0.0000E-07
     170.75000000   0.0000E-07
     170.79168701   0.0000E-07
     170.83331299   0.0000E-07
     170.87500000   0.0000E-07
     170.91668701   0.0000E-07
     170.95831299   0.0000E-07
     171.00000000   0.0000E-07
     171.04168701   0.0000E-07
     171.08331299   0.0000E-07
     171.12500000   0.0000E-07
     171.16668701   0.0000E-07
     171.20831299   0.0000E-07
     171.25000000   0.0000E-07
     171.29168701   0.0000E-07
     171.33331299   0.0000E-07
     171.37500000   0.0000E-07
     171.41668701   0.0000E-07
     171.45831299   0.0000E-07
     171.50000000   0.0000E-07
     171.54168701   0.0000E-07
     171.58331299   0.0000E-07
     171.62500000   0.0000E-07
     171.66668701   0.0000E-07
     171.70831299   0.0000E-07
     171.75000000   0.0000E-07
     171.79168701   0.0000E-07
     171.83331299   0.0000E-07
     171.87500000   0.0000E-07
     171.91668701   0.0000E-07
     171.95831299   0.0000E-07
     172.00000000   0.0000E-07
     172.04168701   0.0000E-07
     172.08331299   0.0000E-07
     172.12500000   0.0000E-07
     172.16668701   0.0000E-07
     172.20831299   0.0000E-07
     172.25000000   0.0000E-07
     172.29168701   0.0000E-07
     172.33331299   0.0000E-07
     172.37500000   0.0000E-07
     172.41668701   0.0000E-07
     172.45831299   0.0000E-07
     172.50000000   0.0000E-07
     172.54168701   0.0000E-07
     172.58331299   0.0000E-07
     172.62500000   0.0000E-07
     172.66668701   0.0000E-07
     172.70831299   0.0000E-07
     172.75000000   0.0000E-07
     172.79168701   0.0000E-07
     172.83331299   0.0000E-07
     172.87500000   0.0000E-07
     172.91668701   0.0000E-07
     172.95831299   0.0000E-07
     173.00000000   0.0000E-07
     173.04168701   0.0000E-07
     173.08331299   0.0000E-07
     173.12500000   0.0000E-07
     173.16668701   0.0000E-07
     173.20831299   0.0000E-07
     173.25000000   0.0000E-07
     173.29168701   0.0000E-07
     173.33331299   0.0000E-07
     173.37500000   0.0000E-07
     173.41668701   0.0000E-07
     173.45831299   0.0000E-07
     173.50000000   0.0000E-07
     173.54168701   0.0000E-07
     173.58331299   0.0000E-07
     173.62500000   0.0000E-07
     173.66668701   0.0000E-07
     173.70831299   0.0000E-07
     173.75000000   0.0000E-07
     173.79168701   0.0000E-07
     173.83331299   0.0000E-07
     173.87500000   0.0000E-07
     173.91668701   0.0000E-07
     173.95831299   0.0000E-07
     174.00000000   0.0000E-07
     174.04168701   0.0000E-07
     174.08331299   0.0000E-07
     174.12500000   0.0000E-07
     174.16668701   0.0000E-07
     174.20831299   0.0000E-07
     174.25000000   0.0000E-07
     174.29168701   0.0000E-07
     174.33331299   0.0000E-07
     174.37500000   0.0000E-07
     174.41668701   0.0000E-07
     174.45831299   0.0000E-07
     174.50000000   0.0000E-07
     174.54168701   0.0000E-07
     174.58331299   0.0000E-07
     174.62500000   0.0000E-07
     174.66668701   0.0000E-07
     174.70831299   0.0000E-07
     174.75000000   0.0000E-07
     174.79168701   0.0000E-07
     174.83331299   0.0000E-07
     174.87500000   0.0000E-07
     174.91668701   0.0000E-07
     174.95831299   0.0000E-07
     175.00000000   0.0000E-07
     175.04168701   0.0000E-07
     175.08331299   0.0000E-07
     175.12500000   0.0000E-07
     175.16668701   0.0000E-07
     175.20831299   0.0000E-07
     175.25000000   0.0000E-07
     175.29168701   0.0000E-07
     175.33331299   0.0000E-07
     175.37500000   0.0000E-07
     175.41668701   0.0000E-07
     175.45831299   0.0000E-07
     175.50000000   0.0000E-07
     175.54168701   0.0000E-07
     175.58331299   0.0000E-07
     175.62500000   0.0000E-07
     175.66668701   0.0000E-07
     175.70831299   0.0000E-07
     175.75000000   0.0000E-07
     175.79168701   0.0000E-07
     175.83331299   0.0000E-07
     175.87500000   0.0000E-07
     175.91668701   0.0000E-07
     175.95831299   0.0000E-07
     176.00000000   0.0000E-07
     176.04168701   0.0000E-07
     176.08331299   0.0000E-07
     176.12500000   0.0000E-07
     176.16668701   0.0000E-07
     176.20831299   0.0000E-07
     176.25000000   0.0000E-07
     176.29168701   0.0000E-07
     176.33331299   0.0000E-07
     176.37500000   0.0000E-07
     176.41668701   0.0000E-07
     176.45831299   0.0000E-07
     176.50000000   0.0000E-07
     176.54168701   0.0000E-07
     176.58331299   0.0000E-07
     176.62500000   0.0000E-07
     176.66668701   0.0000E-07
     176.70831299   0.0000E-07
     176.75000000   0.0000E-07
     176.79168701   0.0000E-07
     176.83331299   0.0000E-07
     176.87500000   0.0000E-07
     176.91668701   0.0000E-07
     176.95831299   0.0000E-07
     177.00000000   0.0000E-07
     177.04168701   0.0000E-07
     177.08331299   0.0000E-07
     177.12500000   0.0000E-07
     177.16668701   0.0000E-07
     177.20831299   0.0000E-07
     177.25000000   0.0000E-07
     177.29168701   0.0000E-07
     177.33331299   0.0000E-07
     177.37500000   0.0000E-07
     177.41668701   0.0000E-07
     177.45831299   0.0000E-07
     177.50000000   0.0000E-07
     177.54168701   0.0000E-07
     177.58331299   0.0000E-07
     177.62500000   0.0000E-07
     177.66668701   0.0000E-07
     177.70831299   0.0000E-07
     177.75000000   0.0000E-07
     177.79168701   0.0000E-07
     177.83331299   0.0000E-07
     177.87500000   0.0000E-07
     177.91668701   0.0000E-07
     177.95831299   0.0000E-07
     178.00000000   0.0000E-07
     178.04168701   0.0000E-07
     178.08331299   0.0000E-07
     178.12500000   0.0000E-07
     178.16668701   0.0000E-07
     178.20831299   0.0000E-07
     178.25000000   0.0000E-07
     178.29168701   0.0000E-07
     178.33331299   0.0000E-07
     178.37500000   0.0000E-07
     178.41668701   0.0000E-07
     178.45831299   0.0000E-07
     178.50000000   0.0000E-07
     178.54168701   0.0000E-07
     178.58331299   0.0000E-07
     178.62500000   0.0000E-07
     178.66668701   0.0000E-07
     178.70831299   0.0000E-07
     178.75000000   0.0000E-07
     178.79168701   0.0000E-07
     178.83331299   0.0000E-07
     178.87500000   0.0000E-07
     178.91668701   0.0000E-07
     178.95831299   0.0000E-07
     179.00000000   0.0000E-07
     179.04168701   0.0000E-07
     179.08331299   0.0000E-07
     179.12500000   0.0000E-07
     179.16668701   0.0000E-07
     179.20831299   0.0000E-07
     179.25000000   0.0000E-07
     179.29168701   0.0000E-07
     179.33331299   0.0000E-07
     179.37500000   0.0000E-07
     179.41668701   0.0000E-07
     179.45831299   0.0000E-07
     179.50000000   0.0000E-07
     179.54168701   0.0000E-07
     179.58331299   0.0000E-07
     179.62500000   0.0000E-07
     179.66668701   0.0000E-07
     179.70831299   0.0000E-07
     179.75000000   0.0000E-07
     179.79168701   0.0000E-07
     179.83331299   0.0000E-07
     179.87500000   0.0000E-07
     179.91668701   0.0000E-07
     179.95831299   0.0000E-07
     180.00000000   0.0000E-07
     180.04168701   0.0000E-07
     180.08331299   0.0000E-07
     180.12500000   0.0000E-07
     180.16668701   0.0000E-07
     180.20831299   0.0000E-07
     180.25000000   0.0000E-07
     180.29168701   0.0000E-07
     180.33331299   0.0000E-07
     180.37500000   0.0000E-07
     180.41668701   0.0000E-07
     180.45831299   0.0000E-07
     180.50000000   0.0000E-07
     180.54168701   0.0000E-07
     180.58331299   0.0000E-07
     180.62500000   0.0000E-07
     180.66668701   0.0000E-07
     180.70831299   0.0000E-07
     180.75000000   0.0000E-07
     180.79168701   0.0000E-07
     180.83331299   0.0000E-07
     180.87500000   0.0000E-07
     180.91668701   0.0000E-07
     180.95831299   0.0000E-07
     181.00000000   0.0000E-07
     181.04168701   0.0000E-07
     181.08331299   0.0000E-07
     181.12500000   0.0000E-07
     181.16668701   0.0000E-07
     181.20831299   0.0000E-07
     181.25000000   0.0000E-07
     181.29168701   0.0000E-07
     181.33331299   0.0000E-07
     181.37500000   0.0000E-07
     181.41668701   0.0000E-07
     181.45831299   0.0000E-07
     181.50000000   0.0000E-07
     181.54168701   0.0000E-07
     181.58331299   0.0000E-07
     181.62500000   0.0000E-07
     181.66668701   0.0000E-07
     181.70831299   0.0000E-07
     181.75000000   0.0000E-07
     181.79168701   0.0000E-07
     181.83331299   0.0000E-07
     181.87500000   0.0000E-07
     181.91668701   0.0000E-07
     181.95831299   0.0000E-07
     182.00000000   0.0000E-07
     182.04168701   0.0000E-07
     182.08331299   0.0000E-07
     182.12500000   0.0000E-07
     182.16668701   0.0000E-07
     182.20831299   0.0000E-07
     182.25000000   0.0000E-07
     182.29168701   0.0000E-07
     182.33331299   0.0000E-07
     182.37500000   0.0000E-07
     182.41668701   0.0000E-07
     182.45831299   0.0000E-07
     182.50000000   0.0000E-07
     182.54168701   0.0000E-07
     182.58331299   0.0000E-07
     182.62500000   0.0000E-07
     182.66668701   0.0000E-07
     182.70831299   0.0000E-07
     182.75000000   0.0000E-07
     182.79168701   0.0000E-07
     182.83331299   0.0000E-07
     182.87500000   0.0000E-07
     182.91668701   0.0000E-07
     182.95831299   0.0000E-07
     183.00000000   0.0000E-07
     183.04168701   0.0000E-07
     183.08331299   0.0000E-07
     183.12500000   0.0000E-07
     183.16668701   0.0000E-07
     183.20831299   0.0000E-07
     183.25000000   0.0000E-07
     183.29168701   0.0000E-07
     183.33331299   0.0000E-07
     183.37500000   0.0000E-07
     183.41668701   0.0000E-07
     183.45831299   0.0000E-07
     183.50000000   0.0000E-07
     183.54168701   0.0000E-07
     183.58331299   0.0000E-07
     183.62500000   0.0000E-07
     183.66668701   0.0000E-07
     183.70831299   0.0000E-07
     183.75000000   0.0000E-07
     183.79168701   0.0000E-07
     183.83331299   0.0000E-07
     183.87500000   0.0000E-07
     183.91668701   0.0000E-07
     183.95831299   0.0000E-07
     184.00000000   0.0000E-07
     184.04168701   0.0000E-07
     184.08331299   0.0000E-07
     184.12500000   0.0000E-07
     184.16668701   0.0000E-07
     184.20831299   0.0000E-07
     184.25000000   0.0000E-07
     184.29168701   0.0000E-07
     184.33331299   0.0000E-07
     184.37500000   0.0000E-07
     184.41668701   0.0000E-07
     184.45831299   0.0000E-07
     184.50000000   0.0000E-07
     184.54168701   0.0000E-07
     184.58331299   0.0000E-07
     184.62500000   0.0000E-07
     184.66668701   0.0000E-07
     184.70831299   0.0000E-07
     184.75000000   0.0000E-07
     184.79168701   0.0000E-07
     184.83331299   0.0000E-07
     184.87500000   0.0000E-07
     184.91668701   0.0000E-07
     184.95831299   0.0000E-07
     185.00000000   0.0000E-07
     185.04168701   0.0000E-07
     185.08331299   0.0000E-07
     185.12500000   0.0000E-07
     185.16668701   0.0000E-07
     185.20831299   0.0000E-07
     185.25000000   0.0000E-07
     185.29168701   0.0000E-07
     185.33331299   0.0000E-07
     185.37500000   0.0000E-07
     185.41668701   0.0000E-07
     185.45831299   0.0000E-07
     185.50000000   0.0000E-07
     185.54168701   0.0000E-07
     185.58331299   0.0000E-07
     185.62500000   0.0000E-07
     185.66668701   0.0000E-07
     185.70831299   0.0000E-07
     185.75000000   0.0000E-07
     185.79168701   0.0000E-07
     185.83331299   0.0000E-07
     185.87500000   0.0000E-07
     185.91668701   0.0000E-07
     185.95831299   0.0000E-07
     186.00000000   0.0000E-07
     186.04168701   0.0000E-07
     186.08331299   0.0000E-07
     186.12500000   0.0000E-07
     186.16668701   0.0000E-07
     186.20831299   0.0000E-07
     186.25000000   0.0000E-07
     186.29168701   0.0000E-07
     186.33331299   0.0000E-07
     186.37500000   0.0000E-07
     186.41668701   0.0000E-07
     186.45831299   0.0000E-07
     186.50000000   0.0000E-07
     186.54168701   0.0000E-07
     186.58331299   0.0000E-07
     186.62500000   0.0000E-07
     186.66668701   0.0000E-07
     186.70831299   0.0000E-07
     186.75000000   0.0000E-07
     186.79168701   0.0000E-07
     186.83331299   0.0000E-07
     186.87500000   0.0000E-07
     186.91668701   0.0000E-07
     186.95831299   0.0000E-07
     187.00000000   0.0000E-07
     187.04168701   0.0000E-07
     187.08331299   0.0000E-07
     187.12500000   0.0000E-07
     187.16668701   0.0000E-07
     187.20831299   0.0000E-07
     187.25000000   0.0000E-07
     187.29168701   0.0000E-07
     187.33331299   0.0000E-07
     187.37500000   0.0000E-07
     187.41668701   0.0000E-07
     187.45831299   0.0000E-07
     187.50000000   0.0000E-07
     187.54168701   0.0000E-07
     187.58331299   0.0000E-07
     187.62500000   0.0000E-07
     187.66668701   0.0000E-07
     187.70831299   0.0000E-07
     187.75000000   0.0000E-07
     187.79168701   0.0000E-07
     187.83331299   0.0000E-07
     187.87500000   0.0000E-07
     187.91668701   0.0000E-07
     187.95831299   0.0000E-07
     188.00000000   0.0000E-07
     188.04168701   0.0000E-07
     188.08331299   0.0000E-07
     188.12500000   0.0000E-07
     188.16668701   0.0000E-07
     188.20831299   0.0000E-07
     188.25000000   0.0000E-07
     188.29168701   0.0000E-07
     188.33331299   0.0000E-07
     188.37500000   0.0000E-07
     188.41668701   0.0000E-07
     188.45831299   0.0000E-07
     188.50000000   0.0000E-07
     188.54168701   0.0000E-07
     188.58331299   0.0000E-07
     188.62500000   0.0000E-07
     188.66668701   0.0000E-07
     188.70831299   0.0000E-07
     188.75000000   0.0000E-07
     188.79168701   0.0000E-07
     188.83331299   0.0000E-07
     188.87500000   0.0000E-07
     188.91668701   0.0000E-07
     188.95831299   0.0000E-07
     189.00000000   0.0000E-07
     189.04168701   0.0000E-07
     189.08331299   0.0000E-07
     189.12500000   0.0000E-07
     189.16668701   0.0000E-07
     189.20831299   0.0000E-07
     189.25000000   0.0000E-07
     189.29168701   0.0000E-07
     189.33331299   0.0000E-07
     189.37500000   0.0000E-07
     189.41668701   0.0000E-07
     189.45831299   0.0000E-07
     189.50000000   0.0000E-07
     189.54168701   0.0000E-07
     189.58331299   0.0000E-07
     189.62500000   0.0000E-07
     189.66668701   0.0000E-07
     189.70831299   0.0000E-07
     189.75000000   0.0000E-07
     189.79168701   0.0000E-07
     189.83331299   0.0000E-07
     189.87500000   0.0000E-07
     189.91668701   0.0000E-07
     189.95831299   0.0000E-07
     190.00000000   0.0000E-07
     190.04168701   0.0000E-07
     190.08331299   0.0000E-07
     190.12500000   0.0000E-07
     190.16668701   0.0000E-07
     190.20831299   0.0000E-07
     190.25000000   0.0000E-07
     190.29168701   0.0000E-07
     190.33331299   0.0000E-07
     190.37500000   0.0000E-07
     190.41668701   0.0000E-07
     190.45831299   0.0000E-07
     190.50000000   0.0000E-07
     190.54168701   0.0000E-07
     190.58331299   0.0000E-07
     190.62500000   0.0000E-07
     190.66668701   0.0000E-07
     190.70831299   0.0000E-07
     190.75000000   0.0000E-07
     190.79168701   0.0000E-07
     190.83331299   0.0000E-07
     190.87500000   0.0000E-07
     190.91668701   0.0000E-07
     190.95831299   0.0000E-07
     191.00000000   0.0000E-07
     191.04168701   0.0000E-07
     191.08331299   0.0000E-07
     191.12500000   0.0000E-07
     191.16668701   0.0000E-07
     191.20831299   0.0000E-07
     191.25000000   0.0000E-07
     191.29168701   0.0000E-07
     191.33331299   0.0000E-07
     191.37500000   0.0000E-07
     191.41668701   0.0000E-07
     191.45831299   0.0000E-07
     191.50000000   0.0000E-07
     191.54168701   0.0000E-07
     191.58331299   0.0000E-07
     191.62500000   0.0000E-07
     191.66668701   0.0000E-07
     191.70831299   0.0000E-07
     191.75000000   0.0000E-07
     191.79168701   0.0000E-07
     191.83331299   0.0000E-07
     191.87500000   0.0000E-07
     191.91668701   0.0000E-07
     191.95831299   0.0000E-07
     192.00000000   0.0000E-07
     192.04168701   0.0000E-07
     192.08331299   0.0000E-07
     192.12500000   0.0000E-07
     192.16668701   0.0000E-07
     192.20831299   0.0000E-07
     192.25000000   0.0000E-07
     192.29168701   0.0000E-07
     192.33331299   0.0000E-07
     192.37500000   0.0000E-07
     192.41668701   0.0000E-07
     192.45831299   0.0000E-07
     192.50000000   0.0000E-07
     192.54168701   0.0000E-07
     192.58331299   0.0000E-07
     192.62500000   0.0000E-07
     192.66668701   0.0000E-07
     192.70831299   0.0000E-07
     192.75000000   0.0000E-07
     192.79168701   0.0000E-07
     192.83331299   0.0000E-07
     192.87500000   0.0000E-07
     192.91668701   0.0000E-07
     192.95831299   0.0000E-07
     193.00000000   0.0000E-07
     193.04168701   0.0000E-07
     193.08331299   0.0000E-07
     193.12500000   0.0000E-07
     193.16668701   0.0000E-07
     193.20831299   0.0000E-07
     193.25000000   0.0000E-07
     193.29168701   0.0000E-07
     193.33331299   0.0000E-07
     193.37500000   0.0000E-07
     193.41668701   0.0000E-07
     193.45831299   0.0000E-07
     193.50000000   0.0000E-07
     193.54168701   0.0000E-07
     193.58331299   0.0000E-07
     193.62500000   0.0000E-07
     193.66668701   0.0000E-07
     193.70831299   0.0000E-07
     193.75000000   0.0000E-07
     193.79168701   0.0000E-07
     193.83331299   0.0000E-07
     193.87500000   0.0000E-07
     193.91668701   0.0000E-07
     193.95831299   0.0000E-07
     194.00000000   0.0000E-07
     194.04168701   0.0000E-07
     194.08331299   0.0000E-07
     194.12500000   0.0000E-07
     194.16668701   0.0000E-07
     194.20831299   0.0000E-07
     194.25000000   0.0000E-07
     194.29168701   0.0000E-07
     194.33331299   0.0000E-07
     194.37500000   0.0000E-07
     194.41668701   0.0000E-07
     194.45831299   0.0000E-07
     194.50000000   0.0000E-07
     194.54168701   0.0000E-07
     194.58331299   0.0000E-07
     194.62500000   0.0000E-07
     194.66668701   0.0000E-07
     194.70831299   0.0000E-07
     194.75000000   0.0000E-07
     194.79168701   0.0000E-07
     194.83331299   0.0000E-07
     194.87500000   0.0000E-07
     194.91668701   0.0000E-07
     194.95831299   0.0000E-07
     195.00000000   0.0000E-07
     195.04168701   0.0000E-07
     195.08331299   0.0000E-07
     195.12500000   0.0000E-07
     195.16668701   0.0000E-07
     195.20831299   0.0000E-07
     195.25000000   0.0000E-07
     195.29168701   0.0000E-07
     195.33331299   0.0000E-07
     195.37500000   0.0000E-07
     195.41668701   0.0000E-07
     195.45831299   0.0000E-07
     195.50000000   0.0000E-07
     195.54168701   0.0000E-07
     195.58331299   0.0000E-07
     195.62500000   0.0000E-07
     195.66668701   0.0000E-07
     195.70831299   0.0000E-07
     195.75000000   0.0000E-07
     195.79168701   0.0000E-07
     195.83331299   0.0000E-07
     195.87500000   0.0000E-07
     195.91668701   0.0000E-07
     195.95831299   0.0000E-07
     196.00000000   0.0000E-07
     196.04168701   0.0000E-07
     196.08331299   0.0000E-07
     196.12500000   0.0000E-07
     196.16668701   0.0000E-07
     196.20831299   0.0000E-07
     196.25000000   0.0000E-07
     196.29168701   0.0000E-07
     196.33331299   0.0000E-07
     196.37500000   0.0000E-07
     196.41668701   0.0000E-07
     196.45831299   0.0000E-07
     196.50000000   0.0000E-07
     196.54168701   0.0000E-07
     196.58331299   0.0000E-07
     196.62500000   0.0000E-07
     196.66668701   0.0000E-07
     196.70831299   0.0000E-07
     196.75000000   0.0000E-07
     196.79168701   0.0000E-07
     196.83331299   0.0000E-07
     196.87500000   0.0000E-07
     196.91668701   0.0000E-07
     196.95831299   0.0000E-07
     197.00000000   0.0000E-07
     197.04168701   0.0000E-07
     197.08331299   0.0000E-07
     197.12500000   0.0000E-07
     197.16668701   0.0000E-07
     197.20831299   0.0000E-07
     197.25000000   0.0000E-07
     197.29168701   0.0000E-07
     197.33331299   0.0000E-07
     197.37500000   0.0000E-07
     197.41668701   0.0000E-07
     197.45831299   0.0000E-07
     197.50000000   0.0000E-07
     197.54168701   0.0000E-07
     197.58331299   0.0000E-07
     197.62500000   0.0000E-07
     197.66668701   0.0000E-07
     197.70831299   0.0000E-07
     197.75000000   0.0000E-07
     197.79168701   0.0000E-07
     197.83331299   0.0000E-07
     197.87500000   0.0000E-07
     197.91668701   0.0000E-07
     197.95831299   0.0000E-07
     198.00000000   0.0000E-07
     198.04168701   0.0000E-07
     198.08331299   0.0000E-07
     198.12500000   0.0000E-07
     198.16668701   0.0000E-07
     198.20831299   0.0000E-07
     198.25000000   0.0000E-07
     198.29168701   0.0000E-07
     198.33331299   0.0000E-07
     198.37500000   0.0000E-07
     198.41668701   0.0000E-07
     198.45831299   0.0000E-07
     198.50000000   0.0000E-07
     198.54168701   0.0000E-07
     198.58331299   0.0000E-07
     198.62500000   0.0000E-07
     198.66668701   0.0000E-07
     198.70831299   0.0000E-07
     198.75000000   0.0000E-07
     198.79168701   0.0000E-07
     198.83331299   0.0000E-07
     198.87500000   0.0000E-07
     198.91668701   0.0000E-07
     198.95831299   0.0000E-07
     199.00000000   0.0000E-07
     199.04168701   0.0000E-07
     199.08331299   0.0000E-07
     199.12500000   0.0000E-07
     199.16668701   0.0000E-07
     199.20831299   0.0000E-07
     199.25000000   0.0000E-07
     199.29168701   0.0000E-07
     199.33331299   0.0000E-07
     199.37500000   0.0000E-07
     199.41668701   0.0000E-07
     199.45831299   0.0000E-07
     199.50000000   0.0000E-07
     199.54168701   0.0000E-07
     199.58331299   0.0000E-07
     199.62500000   0.0000E-07
     199.66668701   0.0000E-07
     199.70831299   0.0000E-07
     199.75000000   0.0000E-07
     199.79168701   0.0000E-07
     199.83331299   0.0000E-07
     199.87500000   0.0000E-07
     199.91668701   0.0000E-07
     199.95831299   0.0000E-07
     200.00000000   0.0000E-07
     200.04168701   0.0000E-07
     200.08331299   0.0000E-07
     200.12500000   0.0000E-07
     200.16668701   0.0000E-07
     200.20831299   0.0000E-07
     200.25000000   0.0000E-07
     200.29168701   0.0000E-07
     200.33331299   0.0000E-07
     200.37500000   0.0000E-07
     200.41668701   0.0000E-07
     200.45831299   0.0000E-07
     200.50000000   0.0000E-07
     200.54168701   0.0000E-07
     200.58331299   0.0000E-07
     200.62500000   0.0000E-07
     200.66668701   0.0000E-07
     200.70831299   0.0000E-07
     200.75000000   0.0000E-07
     200.79168701   0.0000E-07
     200.83331299   0.0000E-07
     200.87500000   0.0000E-07
     200.91668701   0.0000E-07
     200.95831299   0.0000E-07
     201.00000000   0.0000E-07
     201.04168701   0.0000E-07
     201.08331299   0.0000E-07
     201.12500000   0.0000E-07
     201.16668701   0.0000E-07
     201.20831299   0.0000E-07
     201.25000000   0.0000E-07
     201.29168701   0.0000E-07
     201.33331299   0.0000E-07
     201.37500000   0.0000E-07
     201.41668701   0.0000E-07
     201.45831299   0.0000E-07
     201.50000000   0.0000E-07
     201.54168701   0.0000E-07
     201.58331299   0.0000E-07
     201.62500000   0.0000E-07
     201.66668701   0.0000E-07
     201.70831299   0.0000E-07
     201.75000000   0.0000E-07
     201.79168701   0.0000E-07
     201.83331299   0.0000E-07
     201.87500000   0.0000E-07
     201.91668701   0.0000E-07
     201.95831299   0.0000E-07
     202.00000000   0.0000E-07
     202.04168701   0.0000E-07
     202.08331299   0.0000E-07
     202.12500000   0.0000E-07
     202.16668701   0.0000E-07
     202.20831299   0.0000E-07
     202.25000000   0.0000E-07
     202.29168701   0.0000E-07
     202.33331299   0.0000E-07
     202.37500000   0.0000E-07
     202.41668701   0.0000E-07
     202.45831299   0.0000E-07
     202.50000000   0.0000E-07
     202.54168701   0.0000E-07
     202.58331299   0.0000E-07
     202.62500000   0.0000E-07
     202.66668701   0.0000E-07
     202.70831299   0.0000E-07
     202.75000000   0.0000E-07
     202.79168701   0.0000E-07
     202.83331299   0.0000E-07
     202.87500000   0.0000E-07
     202.91668701   0.0000E-07
     202.95831299   0.0000E-07
     203.00000000   0.0000E-07
     203.04168701   0.0000E-07
     203.08331299   0.0000E-07
     203.12500000   0.0000E-07
     203.16668701   0.0000E-07
     203.20831299   0.0000E-07
     203.25000000   0.0000E-07
     203.29168701   0.0000E-07
     203.33331299   0.0000E-07
     203.37500000   0.0000E-07
     203.41668701   0.0000E-07
     203.45831299   0.0000E-07
     203.50000000   0.0000E-07
     203.54168701   0.0000E-07
     203.58331299   0.0000E-07
     203.62500000   0.0000E-07
     203.66668701   0.0000E-07
     203.70831299   0.0000E-07
     203.75000000   0.0000E-07
     203.79168701   0.0000E-07
     203.83331299   0.0000E-07
     203.87500000   0.0000E-07
     203.91668701   0.0000E-07
     203.95831299   0.0000E-07
     204.00000000   0.0000E-07
     204.04168701   0.0000E-07
     204.08331299   0.0000E-07
     204.12500000   0.0000E-07
     204.16668701   0.0000E-07
     204.20831299   0.0000E-07
     204.25000000   0.0000E-07
     204.29168701   0.0000E-07
     204.33331299   0.0000E-07
     204.37500000   0.0000E-07
     204.41668701   0.0000E-07
     204.45831299   0.0000E-07
     204.50000000   0.0000E-07
     204.54168701   0.0000E-07
     204.58331299   0.0000E-07
     204.62500000   0.0000E-07
     204.66668701   0.0000E-07
     204.70831299   0.0000E-07
     204.75000000   0.0000E-07
     204.79168701   0.0000E-07
     204.83331299   0.0000E-07
     204.87500000   0.0000E-07
     204.91668701   0.0000E-07
     204.95831299   0.0000E-07
     205.00000000   0.0000E-07
     205.04168701   0.0000E-07
     205.08331299   0.0000E-07
     205.12500000   0.0000E-07
     205.16668701   0.0000E-07
     205.20831299   0.0000E-07
     205.25000000   0.0000E-07
     205.29168701   0.0000E-07
     205.33331299   0.0000E-07
     205.37500000   0.0000E-07
     205.41668701   0.0000E-07
     205.45831299   0.0000E-07
     205.50000000   0.0000E-07
     205.54168701   0.0000E-07
     205.58331299   0.0000E-07
     205.62500000   0.0000E-07
     205.66668701   0.0000E-07
     205.70831299   0.0000E-07
     205.75000000   0.0000E-07
     205.79168701   0.0000E-07
     205.83331299   0.0000E-07
     205.87500000   0.0000E-07
     205.91668701   0.0000E-07
     205.95831299   0.0000E-07
     206.00000000   0.0000E-07
     206.04168701   0.0000E-07
     206.08331299   0.0000E-07
     206.12500000   0.0000E-07
     206.16668701   0.0000E-07
     206.20831299   0.0000E-07
     206.25000000   0.0000E-07
     206.29168701   0.0000E-07
     206.33331299   0.0000E-07
     206.37500000   0.0000E-07
     206.41668701   0.0000E-07
     206.45831299   0.0000E-07
     206.50000000   0.0000E-07
     206.54168701   0.0000E-07
     206.58331299   0.0000E-07
     206.62500000   0.0000E-07
     206.66668701   0.0000E-07
     206.70831299   0.0000E-07
     206.75000000   0.0000E-07
     206.79168701   0.0000E-07
     206.83331299   0.0000E-07
     206.87500000   0.0000E-07
     206.91668701   0.0000E-07
     206.95831299   0.0000E-07
     207.00000000   0.0000E-07
     207.04168701   0.0000E-07
     207.08331299   0.0000E-07
     207.12500000   0.0000E-07
     207.16668701   0.0000E-07
     207.20831299   0.0000E-07
     207.25000000   0.0000E-07
     207.29168701   0.0000E-07
     207.33331299   0.0000E-07
     207.37500000   0.0000E-07
     207.41668701   0.0000E-07
     207.45831299   0.0000E-07
     207.50000000   0.0000E-07
     207.54168701   0.0000E-07
     207.58331299   0.0000E-07
     207.62500000   0.0000E-07
     207.66668701   0.0000E-07
     207.70831299   0.0000E-07
     207.75000000   0.0000E-07
     207.79168701   0.0000E-07
     207.83331299   0.0000E-07
     207.87500000   0.0000E-07
     207.91668701   0.0000E-07
     207.95831299   0.0000E-07
     208.00000000   0.0000E-07
     208.04168701   0.0000E-07
     208.08331299   0.0000E-07
     208.12500000   0.0000E-07
     208.16668701   0.0000E-07
     208.20831299   0.0000E-07
     208.25000000   0.0000E-07
     208.29168701   0.0000E-07
     208.33331299   0.0000E-07
     208.37500000   0.0000E-07
     208.41668701   0.0000E-07
     208.45831299   0.0000E-07
     208.50000000   0.0000E-07
     208.54168701   0.0000E-07
     208.58331299   0.0000E-07
     208.62500000   0.0000E-07
     208.66668701   0.0000E-07
     208.70831299   0.0000E-07
     208.75000000   0.0000E-07
     208.79168701   0.0000E-07
     208.83331299   0.0000E-07
     208.87500000   0.0000E-07
     208.91668701   0.0000E-07
     208.95831299   0.0000E-07
     209.00000000   0.0000E-07
     209.04168701   0.0000E-07
     209.08331299   0.0000E-07
     209.12500000   0.0000E-07
     209.16668701   0.0000E-07
     209.20831299   0.0000E-07
     209.25000000   0.0000E-07
     209.29168701   0.0000E-07
     209.33331299   0.0000E-07
     209.37500000   0.0000E-07
     209.41668701   0.0000E-07
     209.45831299   0.0000E-07
     209.50000000   0.0000E-07
     209.54168701   0.0000E-07
     209.58331299   0.0000E-07
     209.62500000   0.0000E-07
     209.66668701   0.0000E-07
     209.70831299   0.0000E-07
     209.75000000   0.0000E-07
     209.79168701   0.0000E-07
     209.83331299   0.0000E-07
     209.87500000   0.0000E-07
     209.91668701   0.0000E-07
     209.95831299   0.0000E-07
     210.00000000   0.0000E-07
     210.04168701   0.0000E-07
     210.08331299   0.0000E-07
     210.12500000   0.0000E-07
     210.16668701   0.0000E-07
     210.20831299   0.0000E-07
     210.25000000   0.0000E-07
     210.29168701   0.0000E-07
     210.33331299   0.0000E-07
     210.37500000   0.0000E-07
     210.41668701   0.0000E-07
     210.45831299   0.0000E-07
     210.50000000   0.0000E-07
     210.54168701   0.0000E-07
     210.58331299   0.0000E-07
     210.62500000   0.0000E-07
     210.66668701   0.0000E-07
     210.70831299   0.0000E-07
     210.75000000   0.0000E-07
     210.79168701   0.0000E-07
     210.83331299   0.0000E-07
     210.87500000   0.0000E-07
     210.91668701   0.0000E-07
     210.95831299   0.0000E-07
     211.00000000   0.0000E-07
     211.04168701   0.0000E-07
     211.08331299   0.0000E-07
     211.12500000   0.0000E-07
     211.16668701   0.0000E-07
     211.20831299   0.0000E-07
     211.25000000   0.0000E-07
     211.29168701   0.0000E-07
     211.33331299   0.0000E-07
     211.37500000   0.0000E-07
     211.41668701   0.0000E-07
     211.45831299   0.0000E-07
     211.50000000   0.0000E-07
     211.54168701   0.0000E-07
     211.58331299   0.0000E-07
     211.62500000   0.0000E-07
     211.66668701   0.0000E-07
     211.70831299   0.0000E-07
     211.75000000   0.0000E-07
     211.79168701   0.0000E-07
     211.83331299   0.0000E-07
     211.87500000   0.0000E-07
     211.91668701   0.0000E-07
     211.95831299   0.0000E-07
     212.00000000   0.0000E-07
     212.04168701   0.0000E-07
     212.08331299   0.0000E-07
     212.12500000   0.0000E-07
     212.16668701   0.0000E-07
     212.20831299   0.0000E-07
     212.25000000   0.0000E-07
     212.29168701   0.0000E-07
     212.33331299   0.0000E-07
     212.37500000   0.0000E-07
     212.41668701   0.0000E-07
     212.45831299   0.0000E-07
     212.50000000   0.0000E-07
     212.54168701   0.0000E-07
     212.58331299   0.0000E-07
     212.62500000   0.0000E-07
     212.66668701   0.0000E-07
     212.70831299   0.0000E-07
     212.75000000   0.0000E-07
     212.79168701   0.0000E-07
     212.83331299   0.0000E-07
     212.87500000   0.0000E-07
     212.91668701   0.0000E-07
     212.95831299   0.0000E-07
     213.00000000   0.0000E-07
     213.04168701   0.0000E-07
     213.08331299   0.0000E-07
     213.12500000   0.0000E-07
     213.16668701   0.0000E-07
     213.20831299   0.0000E-07
     213.25000000   0.0000E-07
     213.29168701   0.0000E-07
     213.33331299   0.0000E-07
     213.37500000   0.0000E-07
     213.41668701   0.0000E-07
     213.45831299   0.0000E-07
     213.50000000   0.0000E-07
     213.54168701   0.0000E-07
     213.58331299   0.0000E-07
     213.62500000   0.0000E-07
     213.66668701   0.0000E-07
     213.70831299   0.0000E-07
     213.75000000   0.0000E-07
     213.79168701   0.0000E-07
     213.83331299   0.0000E-07
     213.87500000   0.0000E-07
     213.91668701   0.0000E-07
     213.95831299   0.0000E-07
     214.00000000   0.0000E-07
     214.04168701   0.0000E-07
     214.08331299   0.0000E-07
     214.12500000   0.0000E-07
     214.16668701   0.0000E-07
     214.20831299   0.0000E-07
     214.25000000   0.0000E-07
     214.29168701   0.0000E-07
     214.33331299   0.0000E-07
     214.37500000   0.0000E-07
     214.41668701   0.0000E-07
     214.45831299   0.0000E-07
     214.50000000   0.0000E-07
     214.54168701   0.0000E-07
     214.58331299   0.0000E-07
     214.62500000   0.0000E-07
     214.66668701   0.0000E-07
     214.70831299   0.0000E-07
     214.75000000   0.0000E-07
     214.79168701   0.0000E-07
     214.83331299   0.0000E-07
     214.87500000   0.0000E-07
     214.91668701   0.0000E-07
     214.95831299   0.0000E-07
     215.00000000   0.0000E-07
     215.04168701   0.0000E-07
     215.08331299   0.0000E-07
     215.12500000   0.0000E-07
     215.16668701   0.0000E-07
     215.20831299   0.0000E-07
     215.25000000   0.0000E-07
     215.29168701   0.0000E-07
     215.33331299   0.0000E-07
     215.37500000   0.0000E-07
     215.41668701   0.0000E-07
     215.45831299   0.0000E-07
     215.50000000   0.0000E-07
     215.54168701   0.0000E-07
     215.58331299   0.0000E-07
     215.62500000   0.0000E-07
     215.66668701   0.0000E-07
     215.70831299   0.0000E-07
     215.75000000   0.0000E-07
     215.79168701   0.0000E-07
     215.83331299   0.0000E-07
     215.87500000   0.0000E-07
     215.91668701   0.0000E-07
     215.95831299   0.0000E-07
     216.00000000   0.0000E-07
     216.04168701   0.0000E-07
     216.08331299   0.0000E-07
     216.12500000   0.0000E-07
     216.16668701   0.0000E-07
     216.20831299   0.0000E-07
     216.25000000   0.0000E-07
     216.29168701   0.0000E-07
     216.33331299   0.0000E-07
     216.37500000   0.0000E-07
     216.41668701   0.0000E-07
     216.45831299   0.0000E-07
     216.50000000   0.0000E-07
     216.54168701   0.0000E-07
     216.58331299   0.0000E-07
     216.62500000   0.0000E-07
     216.66668701   0.0000E-07
     216.70831299   0.0000E-07
     216.75000000   0.0000E-07
     216.79168701   0.0000E-07
     216.83331299   0.0000E-07
     216.87500000   0.0000E-07
     216.91668701   0.0000E-07
     216.95831299   0.0000E-07
     217.00000000   0.0000E-07
     217.04168701   0.0000E-07
     217.08331299   0.0000E-07
     217.12500000   0.0000E-07
     217.16668701   0.0000E-07
     217.20831299   0.0000E-07
     217.25000000   0.0000E-07
     217.29168701   0.0000E-07
     217.33331299   0.0000E-07
     217.37500000   0.0000E-07
     217.41668701   0.0000E-07
     217.45831299   0.0000E-07
     217.50000000   0.0000E-07
     217.54168701   0.0000E-07
     217.58331299   0.0000E-07
     217.62500000   0.0000E-07
     217.66668701   0.0000E-07
     217.70831299   0.0000E-07
     217.75000000   0.0000E-07
     217.79168701   0.0000E-07
     217.83331299   0.0000E-07
     217.87500000   0.0000E-07
     217.91668701   0.0000E-07
     217.95831299   0.0000E-07
     218.00000000   0.0000E-07
     218.04168701   0.0000E-07
     218.08331299   0.0000E-07
     218.12500000   0.0000E-07
     218.16668701   0.0000E-07
     218.20831299   0.0000E-07
     218.25000000   0.0000E-07
     218.29168701   0.0000E-07
     218.33331299   0.0000E-07
     218.37500000   0.0000E-07
     218.41668701   0.0000E-07
     218.45831299   0.0000E-07
     218.50000000   0.0000E-07
     218.54168701   0.0000E-07
     218.58331299   0.0000E-07
     218.62500000   0.0000E-07
     218.66668701   0.0000E-07
     218.70831299   0.0000E-07
     218.75000000   0.0000E-07
     218.79168701   0.0000E-07
     218.83331299   0.0000E-07
     218.87500000   0.0000E-07
     218.91668701   0.0000E-07
     218.95831299   0.0000E-07
     219.00000000   0.0000E-07
     219.04168701   0.0000E-07
     219.08331299   0.0000E-07
     219.12500000   0.0000E-07
     219.16668701   0.0000E-07
     219.20831299   0.0000E-07
     219.25000000   0.0000E-07
     219.29168701   0.0000E-07
     219.33331299   0.0000E-07
     219.37500000   0.0000E-07
     219.41668701   0.0000E-07
     219.45831299   0.0000E-07
     219.50000000   0.0000E-07
     219.54168701   0.0000E-07
     219.58331299   0.0000E-07
     219.62500000   0.0000E-07
     219.66668701   0.0000E-07
     219.70831299   0.0000E-07
     219.75000000   0.0000E-07
     219.79168701   0.0000E-07
     219.83331299   0.0000E-07
     219.87500000   0.0000E-07
     219.91668701   0.0000E-07
     219.95831299   0.0000E-07
     220.00000000   0.0000E-07
     220.04168701   0.0000E-07
     220.08331299   0.0000E-07
     220.12500000   0.0000E-07
     220.16668701   0.0000E-07
     220.20831299   0.0000E-07
     220.25000000   0.0000E-07
     220.29168701   0.0000E-07
     220.33331299   0.0000E-07
     220.37500000   0.0000E-07
     220.41668701   0.0000E-07
     220.45831299   0.0000E-07
     220.50000000   0.0000E-07
     220.54168701   0.0000E-07
     220.58331299   0.0000E-07
     220.62500000   0.0000E-07
     220.66668701   0.0000E-07
     220.70831299   0.0000E-07
     220.75000000   0.0000E-07
     220.79168701   0.0000E-07
     220.83331299   0.0000E-07
     220.87500000   0.0000E-07
     220.91668701   0.0000E-07
     220.95831299   0.0000E-07
     221.00000000   0.0000E-07
     221.04168701   0.0000E-07
     221.08331299   0.0000E-07
     221.12500000   0.0000E-07
     221.16668701   0.0000E-07
     221.20831299   0.0000E-07
     221.25000000   0.0000E-07
     221.29168701   0.0000E-07
     221.33331299   0.0000E-07
     221.37500000   0.0000E-07
     221.41668701   0.0000E-07
     221.45831299   0.0000E-07
     221.50000000   0.0000E-07
     221.54168701   0.0000E-07
     221.58331299   0.0000E-07
     221.62500000   0.0000E-07
     221.66668701   0.0000E-07
     221.70831299   0.0000E-07
     221.75000000   0.0000E-07
     221.79168701   0.0000E-07
     221.83331299   0.0000E-07
     221.87500000   0.0000E-07
     221.91668701   0.0000E-07
     221.95831299   0.0000E-07
     222.00000000   0.0000E-07
     222.04168701   0.0000E-07
     222.08331299   0.0000E-07
     222.12500000   0.0000E-07
     222.16668701   0.0000E-07
     222.20831299   0.0000E-07
     222.25000000   0.0000E-07
     222.29168701   0.0000E-07
     222.33331299   0.0000E-07
     222.37500000   0.0000E-07
     222.41668701   0.0000E-07
     222.45831299   0.0000E-07
     222.50000000   0.0000E-07
     222.54168701   0.0000E-07
     222.58331299   0.0000E-07
     222.62500000   0.0000E-07
     222.66668701   0.0000E-07
     222.70831299   0.0000E-07
     222.75000000   0.0000E-07
     222.79168701   0.0000E-07
     222.83331299   0.0000E-07
     222.87500000   0.0000E-07
     222.91668701   0.0000E-07
     222.95831299   0.0000E-07
     223.00000000   0.0000E-07
     223.04168701   0.0000E-07
     223.08331299   0.0000E-07
     223.12500000   0.0000E-07
     223.16668701   0.0000E-07
     223.20831299   0.0000E-07
     223.25000000   0.0000E-07
     223.29168701   0.0000E-07
     223.33331299   0.0000E-07
     223.37500000   0.0000E-07
     223.41668701   0.0000E-07
     223.45831299   0.0000E-07
     223.50000000   0.0000E-07
     223.54168701   0.0000E-07
     223.58331299   0.0000E-07
     223.62500000   0.0000E-07
     223.66668701   0.0000E-07
     223.70831299   0.0000E-07
     223.75000000   0.0000E-07
     223.79168701   0.0000E-07
     223.83331299   0.0000E-07
     223.87500000   0.0000E-07
     223.91668701   0.0000E-07
     223.95831299   0.0000E-07
     224.00000000   0.0000E-07
     224.04168701   0.0000E-07
     224.08331299   0.0000E-07
     224.12500000   0.0000E-07
     224.16668701   0.0000E-07
     224.20831299   0.0000E-07
     224.25000000   0.0000E-07
     224.29168701   0.0000E-07
     224.33331299   0.0000E-07
     224.37500000   0.0000E-07
     224.41668701   0.0000E-07
     224.45831299   0.0000E-07
     224.50000000   0.0000E-07
     224.54168701   0.0000E-07
     224.58331299   0.0000E-07
     224.62500000   0.0000E-07
     224.66668701   0.0000E-07
     224.70831299   0.0000E-07
     224.75000000   0.0000E-07
     224.79168701   0.0000E-07
     224.83331299   0.0000E-07
     224.87500000   0.0000E-07
     224.91668701   0.0000E-07
     224.95831299   0.0000E-07
     225.00000000   0.0000E-07
     225.04168701   0.0000E-07
     225.08331299   0.0000E-07
     225.12500000   0.0000E-07
     225.16668701   0.0000E-07
     225.20831299   0.0000E-07
     225.25000000   0.0000E-07
     225.29168701   0.0000E-07
     225.33331299   0.0000E-07
     225.37500000   0.0000E-07
     225.41668701   0.0000E-07
     225.45831299   0.0000E-07
     225.50000000   0.0000E-07
     225.54168701   0.0000E-07
     225.58331299   0.0000E-07
     225.62500000   0.0000E-07
     225.66668701   0.0000E-07
     225.70831299   0.0000E-07
     225.75000000   0.0000E-07
     225.79168701   0.0000E-07
     225.83331299   0.0000E-07
     225.87500000   0.0000E-07
     225.91668701   0.0000E-07
     225.95831299   0.0000E-07
     226.00000000   0.0000E-07
     226.04168701   0.0000E-07
     226.08331299   0.0000E-07
     226.12500000   0.0000E-07
     226.16668701   0.0000E-07
     226.20831299   0.0000E-07
     226.25000000   0.0000E-07
     226.29168701   0.0000E-07
     226.33331299   0.0000E-07
     226.37500000   0.0000E-07
     226.41668701   0.0000E-07
     226.45831299   0.0000E-07
     226.50000000   0.0000E-07
     226.54168701   0.0000E-07
     226.58331299   0.0000E-07
     226.62500000   0.0000E-07
     226.66668701   0.0000E-07
     226.70831299   0.0000E-07
     226.75000000   0.0000E-07
     226.79168701   0.0000E-07
     226.83331299   0.0000E-07
     226.87500000   0.0000E-07
     226.91668701   0.0000E-07
     226.95831299   0.0000E-07
     227.00000000   0.0000E-07
     227.04168701   0.0000E-07
     227.08331299   0.0000E-07
     227.12500000   0.0000E-07
     227.16668701   0.0000E-07
     227.20831299   0.0000E-07
     227.25000000   0.0000E-07
     227.29168701   0.0000E-07
     227.33331299   0.0000E-07
     227.37500000   0.0000E-07
     227.41668701   0.0000E-07
     227.45831299   0.0000E-07
     227.50000000   0.0000E-07
     227.54168701   0.0000E-07
     227.58331299   0.0000E-07
     227.62500000   0.0000E-07
     227.66668701   0.0000E-07
     227.70831299   0.0000E-07
     227.75000000   0.0000E-07
     227.79168701   0.0000E-07
     227.83331299   0.0000E-07
     227.87500000   0.0000E-07
     227.91668701   0.0000E-07
     227.95831299   0.0000E-07
     228.00000000   0.0000E-07
     228.04168701   0.0000E-07
     228.08331299   0.0000E-07
     228.12500000   0.0000E-07
     228.16668701   0.0000E-07
     228.20831299   0.0000E-07
     228.25000000   0.0000E-07
     228.29168701   0.0000E-07
     228.33331299   0.0000E-07
     228.37500000   0.0000E-07
     228.41668701   0.0000E-07
     228.45831299   0.0000E-07
     228.50000000   0.0000E-07
     228.54168701   0.0000E-07
     228.58331299   0.0000E-07
     228.62500000   0.0000E-07
     228.66668701   0.0000E-07
     228.70831299   0.0000E-07
     228.75000000   0.0000E-07
     228.79168701   0.0000E-07
     228.83331299   0.0000E-07
     228.87500000   0.0000E-07
     228.91668701   0.0000E-07
     228.95831299   0.0000E-07
     229.00000000   0.0000E-07
     229.04168701   0.0000E-07
     229.08331299   0.0000E-07
     229.12500000   0.0000E-07
     229.16668701   0.0000E-07
     229.20831299   0.0000E-07
     229.25000000   0.0000E-07
     229.29168701   0.0000E-07
     229.33331299   0.0000E-07
     229.37500000   0.0000E-07
     229.41668701   0.0000E-07
     229.45831299   0.0000E-07
     229.50000000   0.0000E-07
     229.54168701   0.0000E-07
     229.58331299   0.0000E-07
     229.62500000   0.0000E-07
     229.66668701   0.0000E-07
     229.70831299   0.0000E-07
     229.75000000   0.0000E-07
     229.79168701   0.0000E-07
     229.83331299   0.0000E-07
     229.87500000   0.0000E-07
     229.91668701   0.0000E-07
     229.95831299   0.0000E-07
     230.00000000   0.0000E-07
     230.04168701   0.0000E-07
     230.08331299   0.0000E-07
     230.12500000   0.0000E-07
     230.16668701   0.0000E-07
     230.20831299   0.0000E-07
     230.25000000   0.0000E-07
     230.29168701   0.0000E-07
     230.33331299   0.0000E-07
     230.37500000   0.0000E-07
     230.41668701   0.0000E-07
     230.45831299   0.0000E-07
     230.50000000   0.0000E-07
     230.54168701   0.0000E-07
     230.58331299   0.0000E-07
     230.62500000   0.0000E-07
     230.66668701   0.0000E-07
     230.70831299   0.0000E-07
     230.75000000   0.0000E-07
     230.79168701   0.0000E-07
     230.83331299   0.0000E-07
     230.87500000   0.0000E-07
     230.91668701   0.0000E-07
     230.95831299   0.0000E-07
     231.00000000   0.0000E-07
     231.04168701   0.0000E-07
     231.08331299   0.0000E-07
     231.12500000   0.0000E-07
     231.16668701   0.0000E-07
     231.20831299   0.0000E-07
     231.25000000   0.0000E-07
     231.29168701   0.0000E-07
     231.33331299   0.0000E-07
     231.37500000   0.0000E-07
     231.41668701   0.0000E-07
     231.45831299   0.0000E-07
     231.50000000   0.0000E-07
     231.54168701   0.0000E-07
     231.58331299   0.0000E-07
     231.62500000   0.0000E-07
     231.66668701   0.0000E-07
     231.70831299   0.0000E-07
     231.75000000   0.0000E-07
     231.79168701   0.0000E-07
     231.83331299   0.0000E-07
     231.87500000   0.0000E-07
     231.91668701   0.0000E-07
     231.95831299   0.0000E-07
     232.00000000   0.0000E-07
     232.04168701   0.0000E-07
     232.08331299   0.0000E-07
     232.12500000   0.0000E-07
     232.16668701   0.0000E-07
     232.20831299   0.0000E-07
     232.25000000   0.0000E-07
     232.29168701   0.0000E-07
     232.33331299   0.0000E-07
     232.37500000   0.0000E-07
     232.41668701   0.0000E-07
     232.45831299   0.0000E-07
     232.50000000   0.0000E-07
     232.54168701   0.0000E-07
     232.58331299   0.0000E-07
     232.62500000   0.0000E-07
     232.66668701   0.0000E-07
     232.70831299   0.0000E-07
     232.75000000   0.0000E-07
     232.79168701   0.0000E-07
     232.83331299   0.0000E-07
     232.87500000   0.0000E-07
     232.91668701   0.0000E-07
     232.95831299   0.0000E-07
     233.00000000   0.0000E-07
     233.04168701   0.0000E-07
     233.08331299   0.0000E-07
     233.12500000   0.0000E-07
     233.16668701   0.0000E-07
     233.20831299   0.0000E-07
     233.25000000   0.0000E-07
     233.29168701   0.0000E-07
     233.33331299   0.0000E-07
     233.37500000   0.0000E-07
     233.41668701   0.0000E-07
     233.45831299   0.0000E-07
     233.50000000   0.0000E-07
     233.54168701   0.0000E-07
     233.58331299   0.0000E-07
     233.62500000   0.0000E-07
     233.66668701   0.0000E-07
     233.70831299   0.0000E-07
     233.75000000   0.0000E-07
     233.79168701   0.0000E-07
     233.83331299   0.0000E-07
     233.87500000   0.0000E-07
     233.91668701   0.0000E-07
     233.95831299   0.0000E-07
     234.00000000   0.0000E-07
     234.04168701   0.0000E-07
     234.08331299   0.0000E-07
     234.12500000   0.0000E-07
     234.16668701   0.0000E-07
     234.20831299   0.0000E-07
     234.25000000   0.0000E-07
     234.29168701   0.0000E-07
     234.33331299   0.0000E-07
     234.37500000   0.0000E-07
     234.41668701   0.0000E-07
     234.45831299   0.0000E-07
     234.50000000   0.0000E-07
     234.54168701   0.0000E-07
     234.58331299   0.0000E-07
     234.62500000   0.0000E-07
     234.66668701   0.0000E-07
     234.70831299   0.0000E-07
     234.75000000   0.0000E-07
     234.79168701   0.0000E-07
     234.83331299   0.0000E-07
     234.87500000   0.0000E-07
     234.91668701   0.0000E-07
     234.95831299   0.0000E-07
     235.00000000   0.0000E-07
     235.04168701   0.0000E-07
     235.08331299   0.0000E-07
     235.12500000   0.0000E-07
     235.16668701   0.0000E-07
     235.20831299   0.0000E-07
     235.25000000   0.0000E-07
     235.29168701   0.0000E-07
     235.33331299   0.0000E-07
     235.37500000   0.0000E-07
     235.41668701   0.0000E-07
     235.45831299   0.0000E-07
     235.50000000   0.0000E-07
     235.54168701   0.0000E-07
     235.58331299   0.0000E-07
     235.62500000   0.0000E-07
     235.66668701   0.0000E-07
     235.70831299   0.0000E-07
     235.75000000   0.0000E-07
     235.79168701   0.0000E-07
     235.83331299   0.0000E-07
     235.87500000   0.0000E-07
     235.91668701   0.0000E-07
     235.95831299   0.0000E-07
     236.00000000   0.0000E-07
     236.04168701   0.0000E-07
     236.08331299   0.0000E-07
     236.12500000   0.0000E-07
     236.16668701   0.0000E-07
     236.20831299   0.0000E-07
     236.25000000   0.0000E-07
     236.29168701   0.0000E-07
     236.33331299   0.0000E-07
     236.37500000   0.0000E-07
     236.41668701   0.0000E-07
     236.45831299   0.0000E-07
     236.50000000   0.0000E-07
     236.54168701   0.0000E-07
     236.58331299   0.0000E-07
     236.62500000   0.0000E-07
     236.66668701   0.0000E-07
     236.70831299   0.0000E-07
     236.75000000   0.0000E-07
     236.79168701   0.0000E-07
     236.83331299   0.0000E-07
     236.87500000   0.0000E-07
     236.91668701   0.0000E-07
     236.95831299   0.0000E-07
     237.00000000   0.0000E-07
     237.04168701   0.0000E-07
     237.08331299   0.0000E-07
     237.12500000   0.0000E-07
     237.16668701   0.0000E-07
     237.20831299   0.0000E-07
     237.25000000   0.0000E-07
     237.29168701   0.0000E-07
     237.33331299   0.0000E-07
     237.37500000   0.0000E-07
     237.41668701   0.0000E-07
     237.45831299   0.0000E-07
     237.50000000   0.0000E-07
     237.54168701   0.0000E-07
     237.58331299   0.0000E-07
     237.62500000   0.0000E-07
     237.66668701   0.0000E-07
     237.70831299   0.0000E-07
     237.75000000   0.0000E-07
     237.79168701   0.0000E-07
     237.83331299   0.0000E-07
     237.87500000   0.0000E-07
     237.91668701   0.0000E-07
     237.95831299   0.0000E-07
     238.00000000   0.0000E-07
     238.04168701   0.0000E-07
     238.08331299   0.0000E-07
     238.12500000   0.0000E-07
     238.16668701   0.0000E-07
     238.20831299   0.0000E-07
     238.25000000   0.0000E-07
     238.29168701   0.0000E-07
     238.33331299   0.0000E-07
     238.37500000   0.0000E-07
     238.41668701   0.0000E-07
     238.45831299   0.0000E-07
     238.50000000   0.0000E-07
     238.54168701   0.0000E-07
     238.58331299   0.0000E-07
     238.62500000   0.0000E-07
     238.66668701   0.0000E-07
     238.70831299   0.0000E-07
     238.75000000   0.0000E-07
     238.79168701   0.0000E-07
     238.83331299   0.0000E-07
     238.87500000   0.0000E-07
     238.91668701   0.0000E-07
     238.95831299   0.0000E-07
     239.00000000   0.0000E-07
     239.04168701   0.0000E-07
     239.08331299   0.0000E-07
     239.12500000   0.0000E-07
     239.16668701   0.0000E-07
     239.20831299   0.0000E-07
     239.25000000   0.0000E-07
     239.29168701   0.0000E-07
     239.33331299   0.0000E-07
     239.37500000   0.0000E-07
     239.41668701   0.0000E-07
     239.45831299   0.0000E-07
     239.50000000   0.0000E-07
     239.54168701   0.0000E-07
     239.58331299   0.0000E-07
     239.62500000   0.0000E-07
     239.66668701   0.0000E-07
     239.70831299   0.0000E-07
     239.75000000   0.0000E-07
     239.79168701   0.0000E-07
     239.83331299   0.0000E-07
     239.87500000   0.0000E-07
     239.91668701   0.0000E-07
     239.95831299   0.0000E-07
     240.00000000   0.0000E-07
     240.04168701   0.0000E-07
     240.08331299   0.0000E-07
     240.12500000   0.0000E-07
     240.16668701   0.0000E-07
     240.20831299   0.0000E-07
     240.25000000   0.0000E-07
     240.29168701   0.0000E-07
     240.33331299   0.0000E-07
     240.37500000   0.0000E-07
     240.41668701   0.0000E-07
     240.45831299   0.0000E-07
     240.50000000   0.0000E-07
     240.54168701   0.0000E-07
     240.58331299   0.0000E-07
     240.62500000   0.0000E-07
     240.66668701   0.0000E-07
     240.70831299   0.0000E-07
     240.75000000   0.0000E-07
     240.79168701   0.0000E-07
     240.83331299   0.0000E-07
     240.87500000   0.0000E-07
     240.91668701   0.0000E-07
     240.95831299   0.0000E-07
     241.00000000   0.0000E-07
     241.04168701   0.0000E-07
     241.08331299   0.0000E-07
     241.12500000   0.0000E-07
     241.16668701   0.0000E-07
     241.20831299   0.0000E-07
     241.25000000   0.0000E-07
     241.29168701   0.0000E-07
     241.33331299   0.0000E-07
     241.37500000   0.0000E-07
     241.41668701   0.0000E-07
     241.45831299   0.0000E-07
     241.50000000   0.0000E-07
     241.54168701   0.0000E-07
     241.58331299   0.0000E-07
     241.62500000   0.0000E-07
     241.66668701   0.0000E-07
     241.70831299   0.0000E-07
     241.75000000   0.0000E-07
     241.79168701   0.0000E-07
     241.83331299   0.0000E-07
     241.87500000   0.0000E-07
     241.91668701   0.0000E-07
     241.95831299   0.0000E-07
     242.00000000   0.0000E-07
     242.04168701   0.0000E-07
     242.08331299   0.0000E-07
     242.12500000   0.0000E-07
     242.16668701   0.0000E-07
     242.20831299   0.0000E-07
     242.25000000   0.0000E-07
     242.29168701   0.0000E-07
     242.33331299   0.0000E-07
     242.37500000   0.0000E-07
     242.41668701   0.0000E-07
     242.45831299   0.0000E-07
     242.50000000   0.0000E-07
     242.54168701   0.0000E-07
     242.58331299   0.0000E-07
     242.62500000   0.0000E-07
     242.66668701   0.0000E-07
     242.70831299   0.0000E-07
     242.75000000   0.0000E-07
     242.79168701   0.0000E-07
     242.83331299   0.0000E-07
     242.87500000   0.0000E-07
     242.91668701   0.0000E-07
     242.95831299   0.0000E-07
     243.00000000   0.0000E-07
     243.04168701   0.0000E-07
     243.08331299   0.0000E-07
     243.12500000   0.0000E-07
     243.16668701   0.0000E-07
     243.20831299   0.0000E-07
     243.25000000   0.0000E-07
     243.29168701   0.0000E-07
     243.33331299   0.0000E-07
     243.37500000   0.0000E-07
     243.41668701   0.0000E-07
     243.45831299   0.0000E-07
     243.50000000   0.0000E-07
     243.54168701   0.0000E-07
     243.58331299   0.0000E-07
     243.62500000   0.0000E-07
     243.66668701   0.0000E-07
     243.70831299   0.0000E-07
     243.75000000   0.0000E-07
     243.79168701   0.0000E-07
     243.83331299   0.0000E-07
     243.87500000   0.0000E-07
     243.91668701   0.0000E-07
     243.95831299   0.0000E-07
     244.00000000   0.0000E-07
     244.04168701   0.0000E-07
     244.08331299   0.0000E-07
     244.12500000   0.0000E-07
     244.16668701   0.0000E-07
     244.20831299   0.0000E-07
     244.25000000   0.0000E-07
     244.29168701   0.0000E-07
     244.33331299   0.0000E-07
     244.37500000   0.0000E-07
     244.41668701   0.0000E-07
     244.45831299   0.0000E-07
     244.50000000   0.0000E-07
     244.54168701   0.0000E-07
     244.58331299   0.0000E-07
     244.62500000   0.0000E-07
     244.66668701   0.0000E-07
     244.70831299   0.0000E-07
     244.75000000   0.0000E-07
     244.79168701   0.0000E-07
     244.83331299   0.0000E-07
     244.87500000   0.0000E-07
     244.91668701   0.0000E-07
     244.95831299   0.0000E-07
     245.00000000   0.0000E-07
     245.04168701   0.0000E-07
     245.08331299   0.0000E-07
     245.12500000   0.0000E-07
     245.16668701   0.0000E-07
     245.20831299   0.0000E-07
     245.25000000   0.0000E-07
     245.29168701   0.0000E-07
     245.33331299   0.0000E-07
     245.37500000   0.0000E-07
     245.41668701   0.0000E-07
     245.45831299   0.0000E-07
     245.50000000   0.0000E-07
     245.54168701   0.0000E-07
     245.58331299   0.0000E-07
     245.62500000   0.0000E-07
     245.66668701   0.0000E-07
     245.70831299   0.0000E-07
     245.75000000   0.0000E-07
     245.79168701   0.0000E-07
     245.83331299   0.0000E-07
     245.87500000   0.0000E-07
     245.91668701   0.0000E-07
     245.95831299   0.0000E-07
     246.00000000   0.0000E-07
     246.04168701   0.0000E-07
     246.08331299   0.0000E-07
     246.12500000   0.0000E-07
     246.16668701   0.0000E-07
     246.20831299   0.0000E-07
     246.25000000   0.0000E-07
     246.29168701   0.0000E-07
     246.33331299   0.0000E-07
     246.37500000   0.0000E-07
     246.41668701   0.0000E-07
     246.45831299   0.0000E-07
     246.50000000   0.0000E-07
     246.54168701   0.0000E-07
     246.58331299   0.0000E-07
     246.62500000   0.0000E-07
     246.66668701   0.0000E-07
     246.70831299   0.0000E-07
     246.75000000   0.0000E-07
     246.79168701   0.0000E-07
     246.83331299   0.0000E-07
     246.87500000   0.0000E-07
     246.91668701   0.0000E-07
     246.95831299   0.0000E-07
     247.00000000   0.0000E-07
     247.04168701   0.0000E-07
     247.08331299   0.0000E-07
     247.12500000   0.0000E-07
     247.16668701   0.0000E-07
     247.20831299   0.0000E-07
     247.25000000   0.0000E-07
     247.29168701   0.0000E-07
     247.33331299   0.0000E-07
     247.37500000   0.0000E-07
     247.41668701   0.0000E-07
     247.45831299   0.0000E-07
     247.50000000   0.0000E-07
     247.54168701   0.0000E-07
     247.58331299   0.0000E-07
     247.62500000   0.0000E-07
     247.66668701   0.0000E-07
     247.70831299   0.0000E-07
     247.75000000   0.0000E-07
     247.79168701   0.0000E-07
     247.83331299   0.0000E-07
     247.87500000   0.0000E-07
     247.91668701   0.0000E-07
     247.95831299   0.0000E-07
     248.00000000   0.0000E-07
     248.04168701   0.0000E-07
     248.08331299   0.0000E-07
     248.12500000   0.0000E-07
     248.16668701   0.0000E-07
     248.20831299   0.0000E-07
     248.25000000   0.0000E-07
     248.29168701   0.0000E-07
     248.33331299   0.0000E-07
     248.37500000   0.0000E-07
     248.41668701   0.0000E-07
     248.45831299   0.0000E-07
     248.50000000   0.0000E-07
     248.54168701   0.0000E-07
     248.58331299   0.0000E-07
     248.62500000   0.0000E-07
     248.66668701   0.0000E-07
     248.70831299   0.0000E-07
     248.75000000   0.0000E-07
     248.79168701   0.0000E-07
     248.83331299   0.0000E-07
     248.87500000   0.0000E-07
     248.91668701   0.0000E-07
     248.95831299   0.0000E-07
     249.00000000   0.0000E-07
     249.04168701   0.0000E-07
     249.08331299   0.0000E-07
     249.12500000   0.0000E-07
     249.16668701   0.0000E-07
     249.20831299   0.0000E-07
     249.25000000   0.0000E-07
     249.29168701   0.0000E-07
     249.33331299   0.0000E-07
     249.37500000   0.0000E-07
     249.41668701   0.0000E-07
     249.45831299   0.0000E-07
     249.50000000   0.0000E-07
     249.54168701   0.0000E-07
     249.58331299   0.0000E-07
     249.62500000   0.0000E-07
     249.66668701   0.0000E-07
     249.70831299   0.0000E-07
     249.75000000   0.0000E-07
     249.79168701   0.0000E-07
     249.83331299   0.0000E-07
     249.87500000   0.0000E-07
     249.91668701   0.0000E-07
     249.95831299   0.0000E-07
     250.00000000   0.0000E-07
     250.04168701   0.0000E-07
     250.08331299   0.0000E-07
     250.12500000   0.0000E-07
     250.16668701   0.0000E-07
     250.20831299   0.0000E-07
     250.25000000   0.0000E-07
     250.29168701   0.0000E-07
     250.33331299   0.0000E-07
     250.37500000   0.0000E-07
     250.41668701   0.0000E-07
     250.45831299   0.0000E-07
     250.50000000   0.0000E-07
     250.54168701   0.0000E-07
     250.58331299   0.0000E-07
     250.62500000   0.0000E-07
     250.66668701   0.0000E-07
     250.70831299   0.0000E-07
     250.75000000   0.0000E-07
     250.79168701   0.0000E-07
     250.83331299   0.0000E-07
     250.87500000   0.0000E-07
     250.91668701   0.0000E-07
     250.95831299   0.0000E-07
     251.00000000   0.0000E-07
     251.04168701   0.0000E-07
     251.08331299   0.0000E-07
     251.12500000   0.0000E-07
     251.16668701   0.0000E-07
     251.20831299   0.0000E-07
     251.25000000   0.0000E-07
     251.29168701   0.0000E-07
     251.33331299   0.0000E-07
     251.37500000   0.0000E-07
     251.41668701   0.0000E-07
     251.45831299   0.0000E-07
     251.50000000   0.0000E-07
     251.54168701   0.0000E-07
     251.58331299   0.0000E-07
     251.62500000   0.0000E-07
     251.66668701   0.0000E-07
     251.70831299   0.0000E-07
     251.75000000   0.0000E-07
     251.79168701   0.0000E-07
     251.83331299   0.0000E-07
     251.87500000   0.0000E-07
     251.91668701   0.0000E-07
     251.95831299   0.0000E-07
     252.00000000   0.0000E-07
     252.04168701   0.0000E-07
     252.08331299   0.0000E-07
     252.12500000   0.0000E-07
     252.16668701   0.0000E-07
     252.20831299   0.0000E-07
     252.25000000   0.0000E-07
     252.29168701   0.0000E-07
     252.33331299   0.0000E-07
     252.37500000   0.0000E-07
     252.41668701   0.0000E-07
     252.45831299   0.0000E-07
     252.50000000   0.0000E-07
     252.54168701   0.0000E-07
     252.58331299   0.0000E-07
     252.62500000   0.0000E-07
     252.66668701   0.0000E-07
     252.70831299   0.0000E-07
     252.75000000   0.0000E-07
     252.79168701   0.0000E-07
     252.83331299   0.0000E-07
     252.87500000   0.0000E-07
     252.91668701   0.0000E-07
     252.95831299   0.0000E-07
     253.00000000   0.0000E-07
     253.04168701   0.0000E-07
     253.08331299   0.0000E-07
     253.12500000   0.0000E-07
     253.16668701   0.0000E-07
     253.20831299   0.0000E-07
     253.25000000   0.0000E-07
     253.29168701   0.0000E-07
     253.33331299   0.0000E-07
     253.37500000   0.0000E-07
     253.41668701   0.0000E-07
     253.45831299   0.0000E-07
     253.50000000   0.0000E-07
     253.54168701   0.0000E-07
     253.58331299   0.0000E-07
     253.62500000   0.0000E-07
     253.66668701   0.0000E-07
     253.70831299   0.0000E-07
     253.75000000   0.0000E-07
     253.79168701   0.0000E-07
     253.83331299   0.0000E-07
     253.87500000   0.0000E-07
     253.91668701   0.0000E-07
     253.95831299   0.0000E-07
     254.00000000   0.0000E-07
     254.04168701   0.0000E-07
     254.08331299   0.0000E-07
     254.12500000   0.0000E-07
     254.16668701   0.0000E-07
     254.20831299   0.0000E-07
     254.25000000   0.0000E-07
     254.29168701   0.0000E-07
     254.33331299   0.0000E-07
     254.37500000   0.0000E-07
     254.41668701   0.0000E-07
     254.45831299   0.0000E-07
     254.50000000   0.0000E-07
     254.54168701   0.0000E-07
     254.58331299   0.0000E-07
     254.62500000   0.0000E-07
     254.66668701   0.0000E-07
     254.70831299   0.0000E-07
     254.75000000   0.0000E-07
     254.79168701   0.0000E-07
     254.83331299   0.0000E-07
     254.87500000   0.0000E-07
     254.91668701   0.0000E-07
     254.95831299   0.0000E-07
     255.00000000   0.0000E-07
     255.04168701   0.0000E-07
     255.08331299   0.0000E-07
     255.12500000   0.0000E-07
     255.16668701   0.0000E-07
     255.20831299   0.0000E-07
     255.25000000   0.0000E-07
     255.29168701   0.0000E-07
     255.33331299   0.0000E-07
     255.37500000   0.0000E-07
     255.41668701   0.0000E-07
     255.45831299   0.0000E-07
     255.50000000   0.0000E-07
     255.54168701   0.0000E-07
     255.58331299   0.0000E-07
     255.62500000   0.0000E-07
     255.66668701   0.0000E-07
     255.70831299   0.0000E-07
     255.75000000   0.0000E-07
     255.79168701   0.0000E-07
     255.83331299   0.0000E-07
     255.87500000   0.0000E-07
     255.91668701   0.0000E-07
     255.95831299   0.0000E-07
     256.00000000   0.0000E-07
     256.04168701   0.0000E-07
     256.08331299   0.0000E-07
     256.12500000   0.0000E-07
     256.16668701   0.0000E-07
     256.20831299   0.0000E-07
     256.25000000   0.0000E-07
     256.29168701   0.0000E-07
     256.33331299   0.0000E-07
     256.37500000   0.0000E-07
     256.41668701   0.0000E-07
     256.45831299   0.0000E-07
     256.50000000   0.0000E-07
     256.54168701   0.0000E-07
     256.58331299   0.0000E-07
     256.62500000   0.0000E-07
     256.66668701   0.0000E-07
     256.70831299   0.0000E-07
     256.75000000   0.0000E-07
     256.79168701   0.0000E-07
     256.83331299   0.0000E-07
     256.87500000   0.0000E-07
     256.91668701   0.0000E-07
     256.95831299   0.0000E-07
     257.00000000   0.0000E-07
     257.04168701   0.0000E-07
     257.08331299   0.0000E-07
     257.12500000   0.0000E-07
     257.16668701   0.0000E-07
     257.20831299   0.0000E-07
     257.25000000   0.0000E-07
     257.29168701   0.0000E-07
     257.33331299   0.0000E-07
     257.37500000   0.0000E-07
     257.41668701   0.0000E-07
     257.45831299   0.0000E-07
     257.50000000   0.0000E-07
     257.54168701   0.0000E-07
     257.58331299   0.0000E-07
     257.62500000   0.0000E-07
     257.66668701   0.0000E-07
     257.70831299   0.0000E-07
     257.75000000   0.0000E-07
     257.79168701   0.0000E-07
     257.83331299   0.0000E-07
     257.87500000   0.0000E-07
     257.91668701   0.0000E-07
     257.95831299   0.0000E-07
     258.00000000   0.0000E-07
     258.04168701   0.0000E-07
     258.08331299   0.0000E-07
     258.12500000   0.0000E-07
     258.16668701   0.0000E-07
     258.20831299   0.0000E-07
     258.25000000   0.0000E-07
     258.29168701   0.0000E-07
     258.33331299   0.0000E-07
     258.37500000   0.0000E-07
     258.41668701   0.0000E-07
     258.45831299   0.0000E-07
     258.50000000   0.0000E-07
     258.54168701   0.0000E-07
     258.58331299   0.0000E-07
     258.62500000   0.0000E-07
     258.66668701   0.0000E-07
     258.70831299   0.0000E-07
     258.75000000   0.0000E-07
     258.79168701   0.0000E-07
     258.83331299   0.0000E-07
     258.87500000   0.0000E-07
     258.91668701   0.0000E-07
     258.95831299   0.0000E-07
     259.00000000   0.0000E-07
     259.04168701   0.0000E-07
     259.08331299   0.0000E-07
     259.12500000   0.0000E-07
     259.16668701   0.0000E-07
     259.20831299   0.0000E-07
     259.25000000   0.0000E-07
     259.29168701   0.0000E-07
     259.33331299   0.0000E-07
     259.37500000   0.0000E-07
     259.41668701   0.0000E-07
     259.45831299   0.0000E-07
     259.50000000   0.0000E-07
     259.54168701   0.0000E-07
     259.58331299   0.0000E-07
     259.62500000   0.0000E-07
     259.66668701   0.0000E-07
     259.70831299   0.0000E-07
     259.75000000   0.0000E-07
     259.79168701   0.0000E-07
     259.83331299   0.0000E-07
     259.87500000   0.0000E-07
     259.91668701   0.0000E-07
     259.95831299   0.0000E-07
     260.00000000   0.0000E-07
     260.04168701   0.0000E-07
     260.08331299   0.0000E-07
     260.12500000   0.0000E-07
     260.16668701   0.0000E-07
     260.20831299   0.0000E-07
     260.25000000   0.0000E-07
     260.29168701   0.0000E-07
     260.33331299   0.0000E-07
     260.37500000   0.0000E-07
     260.41668701   0.0000E-07
     260.45831299   0.0000E-07
     260.50000000   0.0000E-07
     260.54168701   0.0000E-07
     260.58331299   0.0000E-07
     260.62500000   0.0000E-07
     260.66668701   0.0000E-07
     260.70831299   0.0000E-07
     260.75000000   0.0000E-07
     260.79168701   0.0000E-07
     260.83331299   0.0000E-07
     260.87500000   0.0000E-07
     260.91668701   0.0000E-07
     260.95831299   0.0000E-07
     261.00000000   0.0000E-07
     261.04168701   0.0000E-07
     261.08331299   0.0000E-07
     261.12500000   0.0000E-07
     261.16668701   0.0000E-07
     261.20831299   0.0000E-07
     261.25000000   0.0000E-07
     261.29168701   0.0000E-07
     261.33331299   0.0000E-07
     261.37500000   0.0000E-07
     261.41668701   0.0000E-07
     261.45831299   0.0000E-07
     261.50000000   0.0000E-07
     261.54168701   0.0000E-07
     261.58331299   0.0000E-07
     261.62500000   0.0000E-07
     261.66668701   0.0000E-07
     261.70831299   0.0000E-07
     261.75000000   0.0000E-07
     261.79168701   0.0000E-07
     261.83331299   0.0000E-07
     261.87500000   0.0000E-07
     261.91668701   0.0000E-07
     261.95831299   0.0000E-07
     262.00000000   0.0000E-07
     262.04168701   0.0000E-07
     262.08331299   0.0000E-07
     262.12500000   0.0000E-07
     262.16668701   0.0000E-07
     262.20831299   0.0000E-07
     262.25000000   0.0000E-07
     262.29168701   0.0000E-07
     262.33331299   0.0000E-07
     262.37500000   0.0000E-07
     262.41668701   0.0000E-07
     262.45831299   0.0000E-07
     262.50000000   0.0000E-07
     262.54168701   0.0000E-07
     262.58331299   0.0000E-07
     262.62500000   0.0000E-07
     262.66668701   0.0000E-07
     262.70831299   0.0000E-07
     262.75000000   0.0000E-07
     262.79168701   0.0000E-07
     262.83331299   0.0000E-07
     262.87500000   0.0000E-07
     262.91668701   0.0000E-07
     262.95831299   0.0000E-07
     263.00000000   0.0000E-07
     263.04168701   0.0000E-07
     263.08331299   0.0000E-07
     263.12500000   0.0000E-07
     263.16668701   0.0000E-07
     263.20831299   0.0000E-07
     263.25000000   0.0000E-07
     263.29168701   0.0000E-07
     263.33331299   0.0000E-07
     263.37500000   0.0000E-07
     263.41668701   0.0000E-07
     263.45831299   0.0000E-07
     263.50000000   0.0000E-07
     263.54168701   0.0000E-07
     263.58331299   0.0000E-07
     263.62500000   0.0000E-07
     263.66668701   0.0000E-07
     263.70831299   0.0000E-07
     263.75000000   0.0000E-07
     263.79168701   0.0000E-07
     263.83331299   0.0000E-07
     263.87500000   0.0000E-07
     263.91668701   0.0000E-07
     263.95831299   0.0000E-07
     264.00000000   0.0000E-07
     264.04168701   0.0000E-07
     264.08331299   0.0000E-07
     264.12500000   0.0000E-07
     264.16668701   0.0000E-07
     264.20831299   0.0000E-07
     264.25000000   0.0000E-07
     264.29168701   0.0000E-07
     264.33331299   0.0000E-07
     264.37500000   0.0000E-07
     264.41668701   0.0000E-07
     264.45831299   0.0000E-07
     264.50000000   0.0000E-07
     264.54168701   0.0000E-07
     264.58331299   0.0000E-07
     264.62500000   0.0000E-07
     264.66668701   0.0000E-07
     264.70831299   0.0000E-07
     264.75000000   0.0000E-07
     264.79168701   0.0000E-07
     264.83331299   0.0000E-07
     264.87500000   0.0000E-07
     264.91668701   0.0000E-07
     264.95831299   0.0000E-07
     265.00000000   0.0000E-07
     265.04168701   0.0000E-07
     265.08331299   0.0000E-07
     265.12500000   0.0000E-07
     265.16668701   0.0000E-07
     265.20831299   0.0000E-07
     265.25000000   0.0000E-07
     265.29168701   0.0000E-07
     265.33331299   0.0000E-07
     265.37500000   0.0000E-07
     265.41668701   0.0000E-07
     265.45831299   0.0000E-07
     265.50000000   0.0000E-07
     265.54168701   0.0000E-07
     265.58331299   0.0000E-07
     265.62500000   0.0000E-07
     265.66668701   0.0000E-07
     265.70831299   0.0000E-07
     265.75000000   0.0000E-07
     265.79168701   0.0000E-07
     265.83331299   0.0000E-07
     265.87500000   0.0000E-07
     265.91668701   0.0000E-07
     265.95831299   0.0000E-07
     266.00000000   0.0000E-07
     266.04168701   0.0000E-07
     266.08331299   0.0000E-07
     266.12500000   0.0000E-07
     266.16668701   0.0000E-07
     266.20831299   0.0000E-07
     266.25000000   0.0000E-07
     266.29168701   0.0000E-07
     266.33331299   0.0000E-07
     266.37500000   0.0000E-07
     266.41668701   0.0000E-07
     266.45831299   0.0000E-07
     266.50000000   0.0000E-07
     266.54168701   0.0000E-07
     266.58331299   0.0000E-07
     266.62500000   0.0000E-07
     266.66668701   0.0000E-07
     266.70831299   0.0000E-07
     266.75000000   0.0000E-07
     266.79168701   0.0000E-07
     266.83331299   0.0000E-07
     266.87500000   0.0000E-07
     266.91668701   0.0000E-07
     266.95831299   0.0000E-07
     267.00000000   0.0000E-07
     267.04168701   0.0000E-07
     267.08331299   0.0000E-07
     267.12500000   0.0000E-07
     267.16668701   0.0000E-07
     267.20831299   0.0000E-07
     267.25000000   0.0000E-07
     267.29168701   0.0000E-07
     267.33331299   0.0000E-07
     267.37500000   0.0000E-07
     267.41668701   0.0000E-07
     267.45831299   0.0000E-07
     267.50000000   0.0000E-07
     267.54168701   0.0000E-07
     267.58331299   0.0000E-07
     267.62500000   0.0000E-07
     267.66668701   0.0000E-07
     267.70831299   0.0000E-07
     267.75000000   0.0000E-07
     267.79168701   0.0000E-07
     267.83331299   0.0000E-07
     267.87500000   0.0000E-07
     267.91668701   0.0000E-07
     267.95831299   0.0000E-07
     268.00000000   0.0000E-07
     268.04168701   0.0000E-07
     268.08331299   0.0000E-07
     268.12500000   0.0000E-07
     268.16668701   0.0000E-07
     268.20831299   0.0000E-07
     268.25000000   0.0000E-07
     268.29168701   0.0000E-07
     268.33331299   0.0000E-07
     268.37500000   0.0000E-07
     268.41668701   0.0000E-07
     268.45831299   0.0000E-07
     268.50000000   0.0000E-07
     268.54168701   0.0000E-07
     268.58331299   0.0000E-07
     268.62500000   0.0000E-07
     268.66668701   0.0000E-07
     268.70831299   0.0000E-07
     268.75000000   0.0000E-07
     268.79168701   0.0000E-07
     268.83331299   0.0000E-07
     268.87500000   0.0000E-07
     268.91668701   0.0000E-07
     268.95831299   0.0000E-07
     269.00000000   0.0000E-07
     269.04168701   0.0000E-07
     269.08331299   0.0000E-07
     269.12500000   0.0000E-07
     269.16668701   0.0000E-07
     269.20831299   0.0000E-07
     269.25000000   0.0000E-07
     269.29168701   0.0000E-07
     269.33331299   0.0000E-07
     269.37500000   0.0000E-07
     269.41668701   0.0000E-07
     269.45831299   0.0000E-07
     269.50000000   0.0000E-07
     269.54168701   0.0000E-07
     269.58331299   0.0000E-07
     269.62500000   0.0000E-07
     269.66668701   0.0000E-07
     269.70831299   0.0000E-07
     269.75000000   0.0000E-07
     269.79168701   0.0000E-07
     269.83331299   0.0000E-07
     269.87500000   0.0000E-07
     269.91668701   0.0000E-07
     269.95831299   0.0000E-07
     270.00000000   0.0000E-07
     270.04168701   0.0000E-07
     270.08331299   0.0000E-07
     270.12500000   0.0000E-07
     270.16668701   0.0000E-07
     270.20831299   0.0000E-07
     270.25000000   0.0000E-07
     270.29168701   0.0000E-07
     270.33331299   0.0000E-07
     270.37500000   0.0000E-07
     270.41668701   0.0000E-07
     270.45831299   0.0000E-07
     270.50000000   0.0000E-07
     270.54168701   0.0000E-07
     270.58331299   0.0000E-07
     270.62500000   0.0000E-07
     270.66668701   0.0000E-07
     270.70831299   0.0000E-07
     270.75000000   0.0000E-07
     270.79168701   0.0000E-07
     270.83331299   0.0000E-07
     270.87500000   0.0000E-07
     270.91668701   0.0000E-07
     270.95831299   0.0000E-07
     271.00000000   0.0000E-07
     271.04168701   0.0000E-07
     271.08331299   0.0000E-07
     271.12500000   0.0000E-07
     271.16668701   0.0000E-07
     271.20831299   0.0000E-07
     271.25000000   0.0000E-07
     271.29168701   0.0000E-07
     271.33331299   0.0000E-07
     271.37500000   0.0000E-07
     271.41668701   0.0000E-07
     271.45831299   0.0000E-07
     271.50000000   0.0000E-07
     271.54168701   0.0000E-07
     271.58331299   0.0000E-07
     271.62500000   0.0000E-07
     271.66668701   0.0000E-07
     271.70831299   0.0000E-07
     271.75000000   0.0000E-07
     271.79168701   0.0000E-07
     271.83331299   0.0000E-07
     271.87500000   0.0000E-07
     271.91668701   0.0000E-07
     271.95831299   0.0000E-07
     272.00000000   0.0000E-07
     272.04168701   0.0000E-07
     272.08331299   0.0000E-07
     272.12500000   0.0000E-07
     272.16668701   0.0000E-07
     272.20831299   0.0000E-07
     272.25000000   0.0000E-07
     272.29168701   0.0000E-07
     272.33331299   0.0000E-07
     272.37500000   0.0000E-07
     272.41668701   0.0000E-07
     272.45831299   0.0000E-07
     272.50000000   0.0000E-07
     272.54168701   0.0000E-07
     272.58331299   0.0000E-07
     272.62500000   0.0000E-07
     272.66668701   0.0000E-07
     272.70831299   0.0000E-07
     272.75000000   0.0000E-07
     272.79168701   0.0000E-07
     272.83331299   0.0000E-07
     272.87500000   0.0000E-07
     272.91668701   0.0000E-07
     272.95831299   0.0000E-07
     273.00000000   0.0000E-07
     273.04168701   0.0000E-07
     273.08331299   0.0000E-07
     273.12500000   0.0000E-07
     273.16668701   0.0000E-07
     273.20831299   0.0000E-07
     273.25000000   0.0000E-07
     273.29168701   0.0000E-07
     273.33331299   0.0000E-07
     273.37500000   0.0000E-07
     273.41668701   0.0000E-07
     273.45831299   0.0000E-07
     273.50000000   0.0000E-07
     273.54168701   0.0000E-07
     273.58331299   0.0000E-07
     273.62500000   0.0000E-07
     273.66668701   0.0000E-07
     273.70831299   0.0000E-07
     273.75000000   0.0000E-07
     273.79168701   0.0000E-07
     273.83331299   0.0000E-07
     273.87500000   0.0000E-07
     273.91668701   0.0000E-07
     273.95831299   0.0000E-07
     274.00000000   0.0000E-07
     274.04165649   0.0000E-07
     274.08334351   0.0000E-07
     274.12500000   0.0000E-07
     274.16665649   0.0000E-07
     274.20834351   0.0000E-07
     274.25000000   0.0000E-07
     274.29165649   0.0000E-07
     274.33334351   0.0000E-07
     274.37500000   0.0000E-07
     274.41665649   0.0000E-07
     274.45834351   0.0000E-07
     274.50000000   0.0000E-07
     274.54165649   0.0000E-07
     274.58334351   0.0000E-07
     274.62500000   0.0000E-07
     274.66665649   0.0000E-07
     274.70834351   0.0000E-07
     274.75000000   0.0000E-07
     274.79165649   0.0000E-07
     274.83334351   0.0000E-07
     274.87500000   0.0000E-07
     274.91665649   0.0000E-07
     274.95834351   0.0000E-07
     275.00000000   0.0000E-07
     275.04165649   0.0000E-07
     275.08334351   0.0000E-07
     275.12500000   0.0000E-07
     275.16665649   0.0000E-07
     275.20834351   0.0000E-07
     275.25000000   0.0000E-07
     275.29165649   0.0000E-07
     275.33334351   0.0000E-07
     275.37500000   0.0000E-07
     275.41665649   0.0000E-07
     275.45834351   0.0000E-07
     275.50000000   0.0000E-07
     275.54165649   0.0000E-07
     275.58334351   0.0000E-07
     275.62500000   0.0000E-07
     275.66665649   0.0000E-07
     275.70834351   0.0000E-07
     275.75000000   0.0000E-07
     275.79165649   0.0000E-07
     275.83334351   0.0000E-07
     275.87500000   0.0000E-07
     275.91665649   0.0000E-07
     275.95834351   0.0000E-07
     276.00000000   0.0000E-07
     276.04165649   0.0000E-07
     276.08334351   0.0000E-07
     276.12500000   0.0000E-07
     276.16665649   0.0000E-07
     276.20834351   0.0000E-07
     276.25000000   0.0000E-07
     276.29165649   0.0000E-07
     276.33334351   0.0000E-07
     276.37500000   0.0000E-07
     276.41665649   0.0000E-07
     276.45834351   0.0000E-07
     276.50000000   0.0000E-07
     276.54165649   0.0000E-07
     276.58334351   0.0000E-07
     276.62500000   0.0000E-07
     276.66665649   0.0000E-07
     276.70834351   0.0000E-07
     276.75000000   0.0000E-07
     276.79165649   0.0000E-07
     276.83334351   0.0000E-07
     276.87500000   0.0000E-07
     276.91665649   0.0000E-07
     276.95834351   0.0000E-07
     277.00000000   0.0000E-07
     277.04165649   0.0000E-07
     277.08334351   0.0000E-07
     277.12500000   0.0000E-07
     277.16665649   0.0000E-07
     277.20834351   0.0000E-07
     277.25000000   0.0000E-07
     277.29165649   0.0000E-07
     277.33334351   0.0000E-07
     277.37500000   0.0000E-07
     277.41665649   0.0000E-07
     277.45834351   0.0000E-07
     277.50000000   0.0000E-07
     277.54165649   0.0000E-07
     277.58334351   0.0000E-07
     277.62500000   0.0000E-07
     277.66665649   0.0000E-07
     277.70834351   0.0000E-07
     277.75000000   0.0000E-07
     277.79165649   0.0000E-07
     277.83334351   0.0000E-07
     277.87500000   0.0000E-07
     277.91665649   0.0000E-07
     277.95834351   0.0000E-07
     278.00000000   0.0000E-07
     278.04165649   0.0000E-07
     278.08334351   0.0000E-07
     278.12500000   0.0000E-07
     278.16665649   0.0000E-07
     278.20834351   0.0000E-07
     278.25000000   0.0000E-07
     278.29165649   0.0000E-07
     278.33334351   0.0000E-07
     278.37500000   0.0000E-07
     278.41665649   0.0000E-07
     278.45834351   0.0000E-07
     278.50000000   0.0000E-07
     278.54165649   0.0000E-07
     278.58334351   0.0000E-07
     278.62500000   0.0000E-07
     278.66665649   0.0000E-07
     278.70834351   0.0000E-07
     278.75000000   0.0000E-07
     278.79165649   0.0000E-07
     278.83334351   0.0000E-07
     278.87500000   0.0000E-07
     278.91665649   0.0000E-07
     278.95834351   0.0000E-07
     279.00000000   0.0000E-07
     279.04165649   0.0000E-07
     279.08334351   0.0000E-07
     279.12500000   0.0000E-07
     279.16665649   0.0000E-07
     279.20834351   0.0000E-07
     279.25000000   0.0000E-07
     279.29165649   0.0000E-07
     279.33334351   0.0000E-07
     279.37500000   0.0000E-07
     279.41665649   0.0000E-07
     279.45834351   0.0000E-07
     279.50000000   0.0000E-07
     279.54165649   0.0000E-07
     279.58334351   0.0000E-07
     279.62500000   0.0000E-07
     279.66665649   0.0000E-07
     279.70834351   0.0000E-07
     279.75000000   0.0000E-07
     279.79165649   0.0000E-07
     279.83334351   0.0000E-07
     279.87500000   0.0000E-07
     279.91665649   0.0000E-07
     279.95834351   0.0000E-07
     280.00000000   0.0000E-07
     280.04165649   0.0000E-07
     280.08334351   0.0000E-07
     280.12500000   0.0000E-07
     280.16665649   0.0000E-07
     280.20834351   0.0000E-07
     280.25000000   0.0000E-07
     280.29165649   0.0000E-07
     280.33334351   0.0000E-07
     280.37500000   0.0000E-07
     280.41665649   0.0000E-07
     280.45834351   0.0000E-07
     280.50000000   0.0000E-07
     280.54165649   0.0000E-07
     280.58334351   0.0000E-07
     280.62500000   0.0000E-07
     280.66665649   0.0000E-07
     280.70834351   0.0000E-07
     280.75000000   0.0000E-07
     280.79165649   0.0000E-07
     280.83334351   0.0000E-07
     280.87500000   0.0000E-07
     280.91665649   0.0000E-07
     280.95834351   0.0000E-07
     281.00000000   0.0000E-07
     281.04165649   0.0000E-07
     281.08334351   0.0000E-07
     281.12500000   0.0000E-07
     281.16665649   0.0000E-07
     281.20834351   0.0000E-07
     281.25000000   0.0000E-07
     281.29165649   0.0000E-07
     281.33334351   0.0000E-07
     281.37500000   0.0000E-07
     281.41665649   0.0000E-07
     281.45834351   0.0000E-07
     281.50000000   0.0000E-07
     281.54165649   0.0000E-07
     281.58334351   0.0000E-07
     281.62500000   0.0000E-07
     281.66665649   0.0000E-07
     281.70834351   0.0000E-07
     281.75000000   0.0000E-07
     281.79165649   0.0000E-07
     281.83334351   0.0000E-07
     281.87500000   0.0000E-07
     281.91665649   0.0000E-07
     281.95834351   0.0000E-07
     282.00000000   0.0000E-07
     282.04165649   0.0000E-07
     282.08334351   0.0000E-07
     282.12500000   0.0000E-07
     282.16665649   0.0000E-07
     282.20834351   0.0000E-07
     282.25000000   0.0000E-07
     282.29165649   0.0000E-07
     282.33334351   0.0000E-07
     282.37500000   0.0000E-07
     282.41665649   0.0000E-07
     282.45834351   0.0000E-07
     282.50000000   0.0000E-07
     282.54165649   0.0000E-07
     282.58334351   0.0000E-07
     282.62500000   0.0000E-07
     282.66665649   0.0000E-07
     282.70834351   0.0000E-07
     282.75000000   0.0000E-07
     282.79165649   0.0000E-07
     282.83334351   0.0000E-07
     282.87500000   0.0000E-07
     282.91665649   0.0000E-07
     282.95834351   0.0000E-07
     283.00000000   0.0000E-07
     283.04165649   0.0000E-07
     283.08334351   0.0000E-07
     283.12500000   0.0000E-07
     283.16665649   0.0000E-07
     283.20834351   0.0000E-07
     283.25000000   0.0000E-07
     283.29165649   0.0000E-07
     283.33334351   0.0000E-07
     283.37500000   0.0000E-07
     283.41665649   0.0000E-07
     283.45834351   0.0000E-07
     283.50000000   0.0000E-07
     283.54165649   0.0000E-07
     283.58334351   0.0000E-07
     283.62500000   0.0000E-07
     283.66665649   0.0000E-07
     283.70834351   0.0000E-07
     283.75000000   0.0000E-07
     283.79165649   0.0000E-07
     283.83334351   0.0000E-07
     283.87500000   0.0000E-07
     283.91665649   0.0000E-07
     283.95834351   0.0000E-07
     284.00000000   0.0000E-07
     284.04165649   0.0000E-07
     284.08334351   0.0000E-07
     284.12500000   0.0000E-07
     284.16665649   0.0000E-07
     284.20834351   0.0000E-07
     284.25000000   0.0000E-07
     284.29165649   0.0000E-07
     284.33334351   0.0000E-07
     284.37500000   0.0000E-07
     284.41665649   0.0000E-07
     284.45834351   0.0000E-07
     284.50000000   0.0000E-07
     284.54165649   0.0000E-07
     284.58334351   0.0000E-07
     284.62500000   0.0000E-07
     284.66665649   0.0000E-07
     284.70834351   0.0000E-07
     284.75000000   0.0000E-07
     284.79165649   0.0000E-07
     284.83334351   0.0000E-07
     284.87500000   0.0000E-07
     284.91665649   0.0000E-07
     284.95834351   0.0000E-07
     285.00000000   0.0000E-07
     285.04165649   0.0000E-07
     285.08334351   0.0000E-07
     285.12500000   0.0000E-07
     285.16665649   0.0000E-07
     285.20834351   0.0000E-07
     285.25000000   0.0000E-07
     285.29165649   0.0000E-07
     285.33334351   0.0000E-07
     285.37500000   0.0000E-07
     285.41665649   0.0000E-07
     285.45834351   0.0000E-07
     285.50000000   0.0000E-07
     285.54165649   0.0000E-07
     285.58334351   0.0000E-07
     285.62500000   0.0000E-07
     285.66665649   0.0000E-07
     285.70834351   0.0000E-07
     285.75000000   0.0000E-07
     285.79165649   0.0000E-07
     285.83334351   0.0000E-07
     285.87500000   0.0000E-07
     285.91665649   0.0000E-07
     285.95834351   0.0000E-07
     286.00000000   0.0000E-07
     286.04165649   0.0000E-07
     286.08334351   0.0000E-07
     286.12500000   0.0000E-07
     286.16665649   0.0000E-07
     286.20834351   0.0000E-07
     286.25000000   0.0000E-07
     286.29165649   0.0000E-07
     286.33334351   0.0000E-07
     286.37500000   0.0000E-07
     286.41665649   0.0000E-07
     286.45834351   0.0000E-07
     286.50000000   0.0000E-07
     286.54165649   0.0000E-07
     286.58334351   0.0000E-07
     286.62500000   0.0000E-07
     286.66665649   0.0000E-07
     286.70834351   0.0000E-07
     286.75000000   0.0000E-07
     286.79165649   0.0000E-07
     286.83334351   0.0000E-07
     286.87500000   0.0000E-07
     286.91665649   0.0000E-07
     286.95834351   0.0000E-07
     287.00000000   0.0000E-07
     287.04165649   0.0000E-07
     287.08334351   0.0000E-07
     287.12500000   0.0000E-07
     287.16665649   0.0000E-07
     287.20834351   0.0000E-07
     287.25000000   0.0000E-07
     287.29165649   0.0000E-07
     287.33334351   0.0000E-07
     287.37500000   0.0000E-07
     287.41665649   0.0000E-07
     287.45834351   0.0000E-07
     287.50000000   0.0000E-07
     287.54165649   0.0000E-07
     287.58334351   0.0000E-07
     287.62500000   0.0000E-07
     287.66665649   0.0000E-07
     287.70834351   0.0000E-07
     287.75000000   0.0000E-07
     287.79165649   0.0000E-07
     287.83334351   0.0000E-07
     287.87500000   0.0000E-07
     287.91665649   0.0000E-07
     287.95834351   0.0000E-07
     288.00000000   0.0000E-07
     288.04165649   0.0000E-07
     288.08334351   0.0000E-07
     288.12500000   0.0000E-07
     288.16665649   0.0000E-07
     288.20834351   0.0000E-07
     288.25000000   0.0000E-07
     288.29165649   0.0000E-07
     288.33334351   0.0000E-07
     288.37500000   0.0000E-07
     288.41665649   0.0000E-07
     288.45834351   0.0000E-07
     288.50000000   0.0000E-07
     288.54165649   0.0000E-07
     288.58334351   0.0000E-07
     288.62500000   0.0000E-07
     288.66665649   0.0000E-07
     288.70834351   0.0000E-07
     288.75000000   0.0000E-07
     288.79165649   0.0000E-07
     288.83334351   0.0000E-07
     288.87500000   0.0000E-07
     288.91665649   0.0000E-07
     288.95834351   0.0000E-07
     289.00000000   0.0000E-07
     289.04165649   0.0000E-07
     289.08334351   0.0000E-07
     289.12500000   0.0000E-07
     289.16665649   0.0000E-07
     289.20834351   0.0000E-07
     289.25000000   0.0000E-07
     289.29165649   0.0000E-07
     289.33334351   0.0000E-07
     289.37500000   0.0000E-07
     289.41665649   0.0000E-07
     289.45834351   0.0000E-07
     289.50000000   0.0000E-07
     289.54165649   0.0000E-07
     289.58334351   0.0000E-07
     289.62500000   0.0000E-07
     289.66665649   0.0000E-07
     289.70834351   0.0000E-07
     289.75000000   0.0000E-07
     289.79165649   0.0000E-07
     289.83334351   0.0000E-07
     289.87500000   0.0000E-07
     289.91665649   0.0000E-07
     289.95834351   0.0000E-07
     290.00000000   0.0000E-07
     290.04165649   0.0000E-07
     290.08334351   0.0000E-07
     290.12500000   0.0000E-07
     290.16665649   0.0000E-07
     290.20834351   0.0000E-07
     290.25000000   0.0000E-07
     290.29165649   0.0000E-07
     290.33334351   0.0000E-07
     290.37500000   0.0000E-07
     290.41665649   0.0000E-07
     290.45834351   0.0000E-07
     290.50000000   0.0000E-07
     290.54165649   0.0000E-07
     290.58334351   0.0000E-07
     290.62500000   0.0000E-07
     290.66665649   0.0000E-07
     290.70834351   0.0000E-07
     290.75000000   0.0000E-07
     290.79165649   0.0000E-07
     290.83334351   0.0000E-07
     290.87500000   0.0000E-07
     290.91665649   0.0000E-07
     290.95834351   0.0000E-07
     291.00000000   0.0000E-07
     291.04165649   0.0000E-07
     291.08334351   0.0000E-07
     291.12500000   0.0000E-07
     291.16665649   0.0000E-07
     291.20834351   0.0000E-07
     291.25000000   0.0000E-07
     291.29165649   0.0000E-07
     291.33334351   0.0000E-07
     291.37500000   0.0000E-07
     291.41665649   0.0000E-07
     291.45834351   0.0000E-07
     291.50000000   0.0000E-07
     291.54165649   0.0000E-07
     291.58334351   0.0000E-07
     291.62500000   0.0000E-07
     291.66665649   0.0000E-07
     291.70834351   0.0000E-07
     291.75000000   0.0000E-07
     291.79165649   0.0000E-07
     291.83334351   0.0000E-07
     291.87500000   0.0000E-07
     291.91665649   0.0000E-07
     291.95834351   0.0000E-07
     292.00000000   0.0000E-07
     292.04165649   0.0000E-07
     292.08334351   0.0000E-07
     292.12500000   0.0000E-07
     292.16665649   0.0000E-07
     292.20834351   0.0000E-07
     292.25000000   0.0000E-07
     292.29165649   0.0000E-07
     292.33334351   0.0000E-07
     292.37500000   0.0000E-07
     292.41665649   0.0000E-07
     292.45834351   0.0000E-07
     292.50000000   0.0000E-07
     292.54165649   0.0000E-07
     292.58334351   0.0000E-07
     292.62500000   0.0000E-07
     292.66665649   0.0000E-07
     292.70834351   0.0000E-07
     292.75000000   0.0000E-07
     292.79165649   0.0000E-07
     292.83334351   0.0000E-07
     292.87500000   0.0000E-07
     292.91665649   0.0000E-07
     292.95834351   0.0000E-07
     293.00000000   0.0000E-07
     293.04165649   0.0000E-07
     293.08334351   0.0000E-07
     293.12500000   0.0000E-07
     293.16665649   0.0000E-07
     293.20834351   0.0000E-07
     293.25000000   0.0000E-07
     293.29165649   0.0000E-07
     293.33334351   0.0000E-07
     293.37500000   0.0000E-07
     293.41665649   0.0000E-07
     293.45834351   0.0000E-07
     293.50000000   0.0000E-07
     293.54165649   0.0000E-07
     293.58334351   0.0000E-07
     293.62500000   0.0000E-07
     293.66665649   0.0000E-07
     293.70834351   0.0000E-07
     293.75000000   0.0000E-07
     293.79165649   0.0000E-07
     293.83334351   0.0000E-07
     293.87500000   0.0000E-07
     293.91665649   0.0000E-07
     293.95834351   0.0000E-07
     294.00000000   0.0000E-07
     294.04165649   0.0000E-07
     294.08334351   0.0000E-07
     294.12500000   0.0000E-07
     294.16665649   0.0000E-07
     294.20834351   0.0000E-07
     294.25000000   0.0000E-07
     294.29165649   0.0000E-07
     294.33334351   0.0000E-07
     294.37500000   0.0000E-07
     294.41665649   0.0000E-07
     294.45834351   0.0000E-07
     294.50000000   0.0000E-07
     294.54165649   0.0000E-07
     294.58334351   0.0000E-07
     294.62500000   0.0000E-07
     294.66665649   0.0000E-07
     294.70834351   0.0000E-07
     294.75000000   0.0000E-07
     294.79165649   0.0000E-07
     294.83334351   0.0000E-07
     294.87500000   0.0000E-07
     294.91665649   0.0000E-07
     294.95834351   0.0000E-07
     295.00000000   0.0000E-07
     295.04165649   0.0000E-07
     295.08334351   0.0000E-07
     295.12500000   0.0000E-07
     295.16665649   0.0000E-07
     295.20834351   0.0000E-07
     295.25000000   0.0000E-07
     295.29165649   0.0000E-07
     295.33334351   0.0000E-07
     295.37500000   0.0000E-07
     295.41665649   0.0000E-07
     295.45834351   0.0000E-07
     295.50000000   0.0000E-07
     295.54165649   0.0000E-07
     295.58334351   0.0000E-07
     295.62500000   0.0000E-07
     295.66665649   0.0000E-07
     295.70834351   0.0000E-07
     295.75000000   0.0000E-07
     295.79165649   0.0000E-07
     295.83334351   0.0000E-07
     295.87500000   0.0000E-07
     295.91665649   0.0000E-07
     295.95834351   0.0000E-07
     296.00000000   0.0000E-07
     296.04165649   0.0000E-07
     296.08334351   0.0000E-07
     296.12500000   0.0000E-07
     296.16665649   0.0000E-07
     296.20834351   0.0000E-07
     296.25000000   0.0000E-07
     296.29165649   0.0000E-07
     296.33334351   0.0000E-07
     296.37500000   0.0000E-07
     296.41665649   0.0000E-07
     296.45834351   0.0000E-07
     296.50000000   0.0000E-07
     296.54165649   0.0000E-07
     296.58334351   0.0000E-07
     296.62500000   0.0000E-07
     296.66665649   0.0000E-07
     296.70834351   0.0000E-07
     296.75000000   0.0000E-07
     296.79165649   0.0000E-07
     296.83334351   0.0000E-07
     296.87500000   0.0000E-07
     296.91665649   0.0000E-07
     296.95834351   0.0000E-07
     297.00000000   0.0000E-07
     297.04165649   0.0000E-07
     297.08334351   0.0000E-07
     297.12500000   0.0000E-07
     297.16665649   0.0000E-07
     297.20834351   0.0000E-07
     297.25000000   0.0000E-07
     297.29165649   0.0000E-07
     297.33334351   0.0000E-07
     297.37500000   0.0000E-07
     297.41665649   0.0000E-07
     297.45834351   0.0000E-07
     297.50000000   0.0000E-07
     297.54165649   0.0000E-07
     297.58334351   0.0000E-07
     297.62500000   0.0000E-07
     297.66665649   0.0000E-07
     297.70834351   0.0000E-07
     297.75000000   0.0000E-07
     297.79165649   0.0000E-07
     297.83334351   0.0000E-07
     297.87500000   0.0000E-07
     297.91665649   0.0000E-07
     297.95834351   0.0000E-07
     298.00000000   0.0000E-07
     298.04165649   0.0000E-07
     298.08334351   0.0000E-07
     298.12500000   0.0000E-07
     298.16665649   0.0000E-07
     298.20834351   0.0000E-07
     298.25000000   0.0000E-07
     298.29165649   0.0000E-07
     298.33334351   0.0000E-07
     298.37500000   0.0000E-07
     298.41665649   0.0000E-07
     298.45834351   0.0000E-07
     298.50000000   0.0000E-07
     298.54165649   0.0000E-07
     298.58334351   0.0000E-07
     298.62500000   0.0000E-07
     298.66665649   0.0000E-07
     298.70834351   0.0000E-07
     298.75000000   0.0000E-07
     298.79165649   0.0000E-07
     298.83334351   0.0000E-07
     298.87500000   0.0000E-07
     298.91665649   0.0000E-07
     298.95834351   0.0000E-07
     299.00000000   0.0000E-07
     299.04165649   0.0000E-07
     299.08334351   0.0000E-07
     299.12500000   0.0000E-07
     299.16665649   0.0000E-07
     299.20834351   0.0000E-07
     299.25000000   0.0000E-07
     299.29165649   0.0000E-07
     299.33334351   0.0000E-07
     299.37500000   0.0000E-07
     299.41665649   0.0000E-07
     299.45834351   0.0000E-07
     299.50000000   0.0000E-07
     299.54165649   0.0000E-07
     299.58334351   0.0000E-07
     299.62500000   0.0000E-07
     299.66665649   0.0000E-07
     299.70834351   0.0000E-07
     299.75000000   0.0000E-07
     299.79165649   0.0000E-07
     299.83334351   0.0000E-07
     299.87500000   0.0000E-07
     299.91665649   0.0000E-07
     299.95834351   0.0000E-07
     300.00000000   0.0000E-07
     300.04165649   0.0000E-07
     300.08334351   0.0000E-07
     300.12500000   0.0000E-07
     300.16665649   0.0000E-07
     300.20834351   0.0000E-07
     300.25000000   0.0000E-07
     300.29165649   0.0000E-07
     300.33334351   0.0000E-07
     300.37500000   0.0000E-07
     300.41665649   0.0000E-07
     300.45834351   0.0000E-07
     300.50000000   0.0000E-07
     300.54165649   0.0000E-07
     300.58334351   0.0000E-07
     300.62500000   0.0000E-07
     300.66665649   0.0000E-07
     300.70834351   0.0000E-07
     300.75000000   0.0000E-07
     300.79165649   0.0000E-07
     300.83334351   0.0000E-07
     300.87500000   0.0000E-07
     300.91665649   0.0000E-07
     300.95834351   0.0000E-07
     301.00000000   0.0000E-07
     301.04165649   0.0000E-07
     301.08334351   0.0000E-07
     301.12500000   0.0000E-07
     301.16665649   0.0000E-07
     301.20834351   0.0000E-07
     301.25000000   0.0000E-07
     301.29165649   0.0000E-07
     301.33334351   0.0000E-07
     301.37500000   0.0000E-07
     301.41665649   0.0000E-07
     301.45834351   0.0000E-07
     301.50000000   0.0000E-07
     301.54165649   0.0000E-07
     301.58334351   0.0000E-07
     301.62500000   0.0000E-07
     301.66665649   0.0000E-07
     301.70834351   0.0000E-07
     301.75000000   0.0000E-07
     301.79165649   0.0000E-07
     301.83334351   0.0000E-07
     301.87500000   0.0000E-07
     301.91665649   0.0000E-07
     301.95834351   0.0000E-07
     302.00000000   0.0000E-07
     302.04165649   0.0000E-07
     302.08334351   0.0000E-07
     302.12500000   0.0000E-07
     302.16665649   0.0000E-07
     302.20834351   0.0000E-07
     302.25000000   0.0000E-07
     302.29165649   0.0000E-07
     302.33334351   0.0000E-07
     302.37500000   0.0000E-07
     302.41665649   0.0000E-07
     302.45834351   0.0000E-07
     302.50000000   0.0000E-07
     302.54165649   0.0000E-07
     302.58334351   0.0000E-07
     302.62500000   0.0000E-07
     302.66665649   0.0000E-07
     302.70834351   0.0000E-07
     302.75000000   0.0000E-07
     302.79165649   0.0000E-07
     302.83334351   0.0000E-07
     302.87500000   0.0000E-07
     302.91665649   0.0000E-07
     302.95834351   0.0000E-07
     303.00000000   0.0000E-07
     303.04165649   0.0000E-07
     303.08334351   0.0000E-07
     303.12500000   0.0000E-07
     303.16665649   0.0000E-07
     303.20834351   0.0000E-07
     303.25000000   0.0000E-07
     303.29165649   0.0000E-07
     303.33334351   0.0000E-07
     303.37500000   0.0000E-07
     303.41665649   0.0000E-07
     303.45834351   0.0000E-07
     303.50000000   0.0000E-07
     303.54165649   0.0000E-07
     303.58334351   0.0000E-07
     303.62500000   0.0000E-07
     303.66665649   0.0000E-07
     303.70834351   0.0000E-07
     303.75000000   0.0000E-07
     303.79165649   0.0000E-07
     303.83334351   0.0000E-07
     303.87500000   0.0000E-07
     303.91665649   0.0000E-07
     303.95834351   0.0000E-07
     304.00000000   0.0000E-07
     304.04165649   0.0000E-07
     304.08334351   0.0000E-07
     304.12500000   0.0000E-07
     304.16665649   0.0000E-07
     304.20834351   0.0000E-07
     304.25000000   0.0000E-07
     304.29165649   0.0000E-07
     304.33334351   0.0000E-07
     304.37500000   0.0000E-07
     304.41665649   0.0000E-07
     304.45834351   0.0000E-07
     304.50000000   0.0000E-07
     304.54165649   0.0000E-07
     304.58334351   0.0000E-07
     304.62500000   0.0000E-07
     304.66665649   0.0000E-07
     304.70834351   0.0000E-07
     304.75000000   0.0000E-07
     304.79165649   0.0000E-07
     304.83334351   0.0000E-07
     304.87500000   0.0000E-07
     304.91665649   0.0000E-07
     304.95834351   0.0000E-07
     305.00000000   0.0000E-07
     305.04165649   0.0000E-07
     305.08334351   0.0000E-07
     305.12500000   0.0000E-07
     305.16665649   0.0000E-07
     305.20834351   0.0000E-07
     305.25000000   0.0000E-07
     305.29165649   0.0000E-07
     305.33334351   0.0000E-07
     305.37500000   0.0000E-07
     305.41665649   0.0000E-07
     305.45834351   0.0000E-07
     305.50000000   0.0000E-07
     305.54165649   0.0000E-07
     305.58334351   0.0000E-07
     305.62500000   0.0000E-07
     305.66665649   0.0000E-07
     305.70834351   0.0000E-07
     305.75000000   0.0000E-07
     305.79165649   0.0000E-07
     305.83334351   0.0000E-07
     305.87500000   0.0000E-07
     305.91665649   0.0000E-07
     305.95834351   0.0000E-07
     306.00000000   0.0000E-07
     306.04165649   0.0000E-07
     306.08334351   0.0000E-07
     306.12500000   0.0000E-07
     306.16665649   0.0000E-07
     306.20834351   0.0000E-07
     306.25000000   0.0000E-07
     306.29165649   0.0000E-07
     306.33334351   0.0000E-07
     306.37500000   0.0000E-07
     306.41665649   0.0000E-07
     306.45834351   0.0000E-07
     306.50000000   0.0000E-07
     306.54165649   0.0000E-07
     306.58334351   0.0000E-07
     306.62500000   0.0000E-07
     306.66665649   0.0000E-07
     306.70834351   0.0000E-07
     306.75000000   0.0000E-07
     306.79165649   0.0000E-07
     306.83334351   0.0000E-07
     306.87500000   0.0000E-07
     306.91665649   0.0000E-07
     306.95834351   0.0000E-07
     307.00000000   0.0000E-07
     307.04165649   0.0000E-07
     307.08334351   0.0000E-07
     307.12500000   0.0000E-07
     307.16665649   0.0000E-07
     307.20834351   0.0000E-07
     307.25000000   0.0000E-07
     307.29165649   0.0000E-07
     307.33334351   0.0000E-07
     307.37500000   0.0000E-07
     307.41665649   0.0000E-07
     307.45834351   0.0000E-07
     307.50000000   0.0000E-07
     307.54165649   0.0000E-07
     307.58334351   0.0000E-07
     307.62500000   0.0000E-07
     307.66665649   0.0000E-07
     307.70834351   0.0000E-07
     307.75000000   0.0000E-07
     307.79165649   0.0000E-07
     307.83334351   0.0000E-07
     307.87500000   0.0000E-07
     307.91665649   0.0000E-07
     307.95834351   0.0000E-07
     308.00000000   0.0000E-07
     308.04165649   0.0000E-07
     308.08334351   0.0000E-07
     308.12500000   0.0000E-07
     308.16665649   0.0000E-07
     308.20834351   0.0000E-07
     308.25000000   0.0000E-07
     308.29165649   0.0000E-07
     308.33334351   0.0000E-07
     308.37500000   0.0000E-07
     308.41665649   0.0000E-07
     308.45834351   0.0000E-07
     308.50000000   0.0000E-07
     308.54165649   0.0000E-07
     308.58334351   0.0000E-07
     308.62500000   0.0000E-07
     308.66665649   0.0000E-07
     308.70834351   0.0000E-07
     308.75000000   0.0000E-07
     308.79165649   0.0000E-07
     308.83334351   0.0000E-07
     308.87500000   0.0000E-07
     308.91665649   0.0000E-07
     308.95834351   0.0000E-07
     309.00000000   0.0000E-07
     309.04165649   0.0000E-07
     309.08334351   0.0000E-07
     309.12500000   0.0000E-07
     309.16665649   0.0000E-07
     309.20834351   0.0000E-07
     309.25000000   0.0000E-07
     309.29165649   0.0000E-07
     309.33334351   0.0000E-07
     309.37500000   0.0000E-07
     309.41665649   0.0000E-07
     309.45834351   0.0000E-07
     309.50000000   0.0000E-07
     309.54165649   0.0000E-07
     309.58334351   0.0000E-07
     309.62500000   0.0000E-07
     309.66665649   0.0000E-07
     309.70834351   0.0000E-07
     309.75000000   0.0000E-07
     309.79165649   0.0000E-07
     309.83334351   0.0000E-07
     309.87500000   0.0000E-07
     309.91665649   0.0000E-07
     309.95834351   0.0000E-07
     310.00000000   0.0000E-07
     310.04165649   0.0000E-07
     310.08334351   0.0000E-07
     310.12500000   0.0000E-07
     310.16665649   0.0000E-07
     310.20834351   0.0000E-07
     310.25000000   0.0000E-07
     310.29165649   0.0000E-07
     310.33334351   0.0000E-07
     310.37500000   0.0000E-07
     310.41665649   0.0000E-07
     310.45834351   0.0000E-07
     310.50000000   0.0000E-07
     310.54165649   0.0000E-07
     310.58334351   0.0000E-07
     310.62500000   0.0000E-07
     310.66665649   0.0000E-07
     310.70834351   0.0000E-07
     310.75000000   0.0000E-07
     310.79165649   0.0000E-07
     310.83334351   0.0000E-07
     310.87500000   0.0000E-07
     310.91665649   0.0000E-07
     310.95834351   0.0000E-07
     311.00000000   0.0000E-07
     311.04165649   0.0000E-07
     311.08334351   0.0000E-07
     311.12500000   0.0000E-07
     311.16665649   0.0000E-07
     311.20834351   0.0000E-07
     311.25000000   0.0000E-07
     311.29165649   0.0000E-07
     311.33334351   0.0000E-07
     311.37500000   0.0000E-07
     311.41665649   0.0000E-07
     311.45834351   0.0000E-07
     311.50000000   0.0000E-07
     311.54165649   0.0000E-07
     311.58334351   0.0000E-07
     311.62500000   0.0000E-07
     311.66665649   0.0000E-07
     311.70834351   0.0000E-07
     311.75000000   0.0000E-07
     311.79165649   0.0000E-07
     311.83334351   0.0000E-07
     311.87500000   0.0000E-07
     311.91665649   0.0000E-07
     311.95834351   0.0000E-07
     312.00000000   0.0000E-07
     312.04165649   0.0000E-07
     312.08334351   0.0000E-07
     312.12500000   0.0000E-07
     312.16665649   0.0000E-07
     312.20834351   0.0000E-07
     312.25000000   0.0000E-07
     312.29165649   0.0000E-07
     312.33334351   0.0000E-07
     312.37500000   0.0000E-07
     312.41665649   0.0000E-07
     312.45834351   0.0000E-07
     312.50000000   0.0000E-07
     312.54165649   0.0000E-07
     312.58334351   0.0000E-07
     312.62500000   0.0000E-07
     312.66665649   0.0000E-07
     312.70834351   0.0000E-07
     312.75000000   0.0000E-07
     312.79165649   0.0000E-07
     312.83334351   0.0000E-07
     312.87500000   0.0000E-07
     312.91665649   0.0000E-07
     312.95834351   0.0000E-07
     313.00000000   0.0000E-07
     313.04165649   0.0000E-07
     313.08334351   0.0000E-07
     313.12500000   0.0000E-07
     313.16665649   0.0000E-07
     313.20834351   0.0000E-07
     313.25000000   0.0000E-07
     313.29165649   0.0000E-07
     313.33334351   0.0000E-07
     313.37500000   0.0000E-07
     313.41665649   0.0000E-07
     313.45834351   0.0000E-07
     313.50000000   0.0000E-07
     313.54165649   0.0000E-07
     313.58334351   0.0000E-07
     313.62500000   0.0000E-07
     313.66665649   0.0000E-07
     313.70834351   0.0000E-07
     313.75000000   0.0000E-07
     313.79165649   0.0000E-07
     313.83334351   0.0000E-07
     313.87500000   0.0000E-07
     313.91665649   0.0000E-07
     313.95834351   0.0000E-07
     314.00000000   0.0000E-07
     314.04165649   0.0000E-07
     314.08334351   0.0000E-07
     314.12500000   0.0000E-07
     314.16665649   0.0000E-07
     314.20834351   0.0000E-07
     314.25000000   0.0000E-07
     314.29165649   0.0000E-07
     314.33334351   0.0000E-07
     314.37500000   0.0000E-07
     314.41665649   0.0000E-07
     314.45834351   0.0000E-07
     314.50000000   0.0000E-07
     314.54165649   0.0000E-07
     314.58334351   0.0000E-07
     314.62500000   0.0000E-07
     314.66665649   0.0000E-07
     314.70834351   0.0000E-07
     314.75000000   0.0000E-07
     314.79165649   0.0000E-07
     314.83334351   0.0000E-07
     314.87500000   0.0000E-07
     314.91665649   0.0000E-07
     314.95834351   0.0000E-07
     315.00000000   0.0000E-07
     315.04165649   0.0000E-07
     315.08334351   0.0000E-07
     315.12500000   0.0000E-07
     315.16665649   0.0000E-07
     315.20834351   0.0000E-07
     315.25000000   0.0000E-07
     315.29165649   0.0000E-07
     315.33334351   0.0000E-07
     315.37500000   0.0000E-07
     315.41665649   0.0000E-07
     315.45834351   0.0000E-07
     315.50000000   0.0000E-07
     315.54165649   0.0000E-07
     315.58334351   0.0000E-07
     315.62500000   0.0000E-07
     315.66665649   0.0000E-07
     315.70834351   0.0000E-07
     315.75000000   0.0000E-07
     315.79165649   0.0000E-07
     315.83334351   0.0000E-07
     315.87500000   0.0000E-07
     315.91665649   0.0000E-07
     315.95834351   0.0000E-07
     316.00000000   0.0000E-07
     316.04165649   0.0000E-07
     316.08334351   0.0000E-07
     316.12500000   0.0000E-07
     316.16665649   0.0000E-07
     316.20834351   0.0000E-07
     316.25000000   0.0000E-07
     316.29165649   0.0000E-07
     316.33334351   0.0000E-07
     316.37500000   0.0000E-07
     316.41665649   0.0000E-07
     316.45834351   0.0000E-07
     316.50000000   0.0000E-07
     316.54165649   0.0000E-07
     316.58334351   0.0000E-07
     316.62500000   0.0000E-07
     316.66665649   0.0000E-07
     316.70834351   0.0000E-07
     316.75000000   0.0000E-07
     316.79165649   0.0000E-07
     316.83334351   0.0000E-07
     316.87500000   0.0000E-07
     316.91665649   0.0000E-07
     316.95834351   0.0000E-07
     317.00000000   0.0000E-07
     317.04165649   0.0000E-07
     317.08334351   0.0000E-07
     317.12500000   0.0000E-07
     317.16665649   0.0000E-07
     317.20834351   0.0000E-07
     317.25000000   0.0000E-07
     317.29165649   0.0000E-07
     317.33334351   0.0000E-07
     317.37500000   0.0000E-07
     317.41665649   0.0000E-07
     317.45834351   0.0000E-07
     317.50000000   0.0000E-07
     317.54165649   0.0000E-07
     317.58334351   0.0000E-07
     317.62500000   0.0000E-07
     317.66665649   0.0000E-07
     317.70834351   0.0000E-07
     317.75000000   0.0000E-07
     317.79165649   0.0000E-07
     317.83334351   0.0000E-07
     317.87500000   0.0000E-07
     317.91665649   0.0000E-07
     317.95834351   0.0000E-07
     318.00000000   0.0000E-07
     318.04165649   0.0000E-07
     318.08334351   0.0000E-07
     318.12500000   0.0000E-07
     318.16665649   0.0000E-07
     318.20834351   0.0000E-07
     318.25000000   0.0000E-07
     318.29165649   0.0000E-07
     318.33334351   0.0000E-07
     318.37500000   0.0000E-07
     318.41665649   0.0000E-07
     318.45834351   0.0000E-07
     318.50000000   0.0000E-07
     318.54165649   0.0000E-07
     318.58334351   0.0000E-07
     318.62500000   0.0000E-07
     318.66665649   0.0000E-07
     318.70834351   0.0000E-07
     318.75000000   0.0000E-07
     318.79165649   0.0000E-07
     318.83334351   0.0000E-07
     318.87500000   0.0000E-07
     318.91665649   0.0000E-07
     318.95834351   0.0000E-07
     319.00000000   0.0000E-07
     319.04165649   0.0000E-07
     319.08334351   0.0000E-07
     319.12500000   0.0000E-07
     319.16665649   0.0000E-07
     319.20834351   0.0000E-07
     319.25000000   0.0000E-07
     319.29165649   0.0000E-07
     319.33334351   0.0000E-07
     319.37500000   0.0000E-07
     319.41665649   0.0000E-07
     319.45834351   0.0000E-07
     319.50000000   0.0000E-07
     319.54165649   0.0000E-07
     319.58334351   0.0000E-07
     319.62500000   0.0000E-07
     319.66665649   0.0000E-07
     319.70834351   0.0000E-07
     319.75000000   0.0000E-07
     319.79165649   0.0000E-07
     319.83334351   0.0000E-07
     319.87500000   0.0000E-07
     319.91665649   0.0000E-07
     319.95834351   0.0000E-07
     320.00000000   0.0000E-07
     320.04165649   0.0000E-07
     320.08334351   0.0000E-07
     320.12500000   0.0000E-07
     320.16665649   0.0000E-07
     320.20834351   0.0000E-07
     320.25000000   0.0000E-07
     320.29165649   0.0000E-07
     320.33334351   0.0000E-07
     320.37500000   0.0000E-07
     320.41665649   0.0000E-07
     320.45834351   0.0000E-07
     320.50000000   0.0000E-07
     320.54165649   0.0000E-07
     320.58334351   0.0000E-07
     320.62500000   0.0000E-07
     320.66665649   0.0000E-07
     320.70834351   0.0000E-07
     320.75000000   0.0000E-07
     320.79165649   0.0000E-07
     320.83334351   0.0000E-07
     320.87500000   0.0000E-07
     320.91665649   0.0000E-07
     320.95834351   0.0000E-07
     321.00000000   0.0000E-07
     321.04165649   0.0000E-07
     321.08334351   0.0000E-07
     321.12500000   0.0000E-07
     321.16665649   0.0000E-07
     321.20834351   0.0000E-07
     321.25000000   0.0000E-07
     321.29165649   0.0000E-07
     321.33334351   0.0000E-07
     321.37500000   0.0000E-07
     321.41665649   0.0000E-07
     321.45834351   0.0000E-07
     321.50000000   0.0000E-07
     321.54165649   0.0000E-07
     321.58334351   0.0000E-07
     321.62500000   0.0000E-07
     321.66665649   0.0000E-07
     321.70834351   0.0000E-07
     321.75000000   0.0000E-07
     321.79165649   0.0000E-07
     321.83334351   0.0000E-07
     321.87500000   0.0000E-07
     321.91665649   0.0000E-07
     321.95834351   0.0000E-07
     322.00000000   0.0000E-07
     322.04165649   0.0000E-07
     322.08334351   0.0000E-07
     322.12500000   0.0000E-07
     322.16665649   0.0000E-07
     322.20834351   0.0000E-07
     322.25000000   0.0000E-07
     322.29165649   0.0000E-07
     322.33334351   0.0000E-07
     322.37500000   0.0000E-07
     322.41665649   0.0000E-07
     322.45834351   0.0000E-07
     322.50000000   0.0000E-07
     322.54165649   0.0000E-07
     322.58334351   0.0000E-07
     322.62500000   0.0000E-07
     322.66665649   0.0000E-07
     322.70834351   0.0000E-07
     322.75000000   0.0000E-07
     322.79165649   0.0000E-07
     322.83334351   0.0000E-07
     322.87500000   0.0000E-07
     322.91665649   0.0000E-07
     322.95834351   0.0000E-07
     323.00000000   0.0000E-07
     323.04165649   0.0000E-07
     323.08334351   0.0000E-07
     323.12500000   0.0000E-07
     323.16665649   0.0000E-07
     323.20834351   0.0000E-07
     323.25000000   0.0000E-07
     323.29165649   0.0000E-07
     323.33334351   0.0000E-07
     323.37500000   0.0000E-07
     323.41665649   0.0000E-07
     323.45834351   0.0000E-07
     323.50000000   0.0000E-07
     323.54165649   0.0000E-07
     323.58334351   0.0000E-07
     323.62500000   0.0000E-07
     323.66665649   0.0000E-07
     323.70834351   0.0000E-07
     323.75000000   0.0000E-07
     323.79165649   0.0000E-07
     323.83334351   0.0000E-07
     323.87500000   0.0000E-07
     323.91665649   0.0000E-07
     323.95834351   0.0000E-07
     324.00000000   0.0000E-07
     324.04165649   0.0000E-07
     324.08334351   0.0000E-07
     324.12500000   0.0000E-07
     324.16665649   0.0000E-07
     324.20834351   0.0000E-07
     324.25000000   0.0000E-07
     324.29165649   0.0000E-07
     324.33334351   0.0000E-07
     324.37500000   0.0000E-07
     324.41665649   0.0000E-07
     324.45834351   0.0000E-07
     324.50000000   0.0000E-07
     324.54165649   0.0000E-07
     324.58334351   0.0000E-07
     324.62500000   0.0000E-07
     324.66665649   0.0000E-07
     324.70834351   0.0000E-07
     324.75000000   0.0000E-07
     324.79165649   0.0000E-07
     324.83334351   0.0000E-07
     324.87500000   0.0000E-07
     324.91665649   0.0000E-07
     324.95834351   0.0000E-07
     325.00000000   0.0000E-07
     325.04165649   0.0000E-07
     325.08334351   0.0000E-07
     325.12500000   0.0000E-07
     325.16665649   0.0000E-07
     325.20834351   0.0000E-07
     325.25000000   0.0000E-07
     325.29165649   0.0000E-07
     325.33334351   0.0000E-07
     325.37500000   0.0000E-07
     325.41665649   0.0000E-07
     325.45834351   0.0000E-07
     325.50000000   0.0000E-07
     325.54165649   0.0000E-07
     325.58334351   0.0000E-07
     325.62500000   0.0000E-07
     325.66665649   0.0000E-07
     325.70834351   0.0000E-07
     325.75000000   0.0000E-07
     325.79165649   0.0000E-07
     325.83334351   0.0000E-07
     325.87500000   0.0000E-07
     325.91665649   0.0000E-07
     325.95834351   0.0000E-07
     326.00000000   0.0000E-07
     326.04165649   0.0000E-07
     326.08334351   0.0000E-07
     326.12500000   0.0000E-07
     326.16665649   0.0000E-07
     326.20834351   0.0000E-07
     326.25000000   0.0000E-07
     326.29165649   0.0000E-07
     326.33334351   0.0000E-07
     326.37500000   0.0000E-07
     326.41665649   0.0000E-07
     326.45834351   0.0000E-07
     326.50000000   0.0000E-07
     326.54165649   0.0000E-07
     326.58334351   0.0000E-07
     326.62500000   0.0000E-07
     326.66665649   0.0000E-07
     326.70834351   0.0000E-07
     326.75000000   0.0000E-07
     326.79165649   0.0000E-07
     326.83334351   0.0000E-07
     326.87500000   0.0000E-07
     326.91665649   0.0000E-07
     326.95834351   0.0000E-07
     327.00000000   0.0000E-07
     327.04165649   0.0000E-07
     327.08334351   0.0000E-07
     327.12500000   0.0000E-07
     327.16665649   0.0000E-07
     327.20834351   0.0000E-07
     327.25000000   0.0000E-07
     327.29165649   0.0000E-07
     327.33334351   0.0000E-07
     327.37500000   0.0000E-07
     327.41665649   0.0000E-07
     327.45834351   0.0000E-07
     327.50000000   0.0000E-07
     327.54165649   0.0000E-07
     327.58334351   0.0000E-07
     327.62500000   0.0000E-07
     327.66665649   0.0000E-07
     327.70834351   0.0000E-07
     327.75000000   0.0000E-07
     327.79165649   0.0000E-07
     327.83334351   0.0000E-07
     327.87500000   0.0000E-07
     327.91665649   0.0000E-07
     327.95834351   0.0000E-07
     328.00000000   0.0000E-07
     328.04165649   0.0000E-07
     328.08334351   0.0000E-07
     328.12500000   0.0000E-07
     328.16665649   0.0000E-07
     328.20834351   0.0000E-07
     328.25000000   0.0000E-07
     328.29165649   0.0000E-07
     328.33334351   0.0000E-07
     328.37500000   0.0000E-07
     328.41665649   0.0000E-07
     328.45834351   0.0000E-07
     328.50000000   0.0000E-07
     328.54165649   0.0000E-07
     328.58334351   0.0000E-07
     328.62500000   0.0000E-07
     328.66665649   0.0000E-07
     328.70834351   0.0000E-07
     328.75000000   0.0000E-07
     328.79165649   0.0000E-07
     328.83334351   0.0000E-07
     328.87500000   0.0000E-07
     328.91665649   0.0000E-07
     328.95834351   0.0000E-07
     329.00000000   0.0000E-07
     329.04165649   0.0000E-07
     329.08334351   0.0000E-07
     329.12500000   0.0000E-07
     329.16665649   0.0000E-07
     329.20834351   0.0000E-07
     329.25000000   0.0000E-07
     329.29165649   0.0000E-07
     329.33334351   0.0000E-07
     329.37500000   0.0000E-07
     329.41665649   0.0000E-07
     329.45834351   0.0000E-07
     329.50000000   0.0000E-07
     329.54165649   0.0000E-07
     329.58334351   0.0000E-07
     329.62500000   0.0000E-07
     329.66665649   0.0000E-07
     329.70834351   0.0000E-07
     329.75000000   0.0000E-07
     329.79165649   0.0000E-07
     329.83334351   0.0000E-07
     329.87500000   0.0000E-07
     329.91665649   0.0000E-07
     329.95834351   0.0000E-07
     330.00000000   0.0000E-07
     330.04165649   0.0000E-07
     330.08334351   0.0000E-07
     330.12500000   0.0000E-07
     330.16665649   0.0000E-07
     330.20834351   0.0000E-07
     330.25000000   0.0000E-07
     330.29165649   0.0000E-07
     330.33334351   0.0000E-07
     330.37500000   0.0000E-07
     330.41665649   0.0000E-07
     330.45834351   0.0000E-07
     330.50000000   0.0000E-07
     330.54165649   0.0000E-07
     330.58334351   0.0000E-07
     330.62500000   0.0000E-07
     330.66665649   0.0000E-07
     330.70834351   0.0000E-07
     330.75000000   0.0000E-07
     330.79165649   0.0000E-07
     330.83334351   0.0000E-07
     330.87500000   0.0000E-07
     330.91665649   0.0000E-07
     330.95834351   0.0000E-07
     331.00000000   0.0000E-07
     331.04165649   0.0000E-07
     331.08334351   0.0000E-07
     331.12500000   0.0000E-07
     331.16665649   0.0000E-07
     331.20834351   0.0000E-07
     331.25000000   0.0000E-07
     331.29165649   0.0000E-07
     331.33334351   0.0000E-07
     331.37500000   0.0000E-07
     331.41665649   0.0000E-07
     331.45834351   0.0000E-07
     331.50000000   0.0000E-07
     331.54165649   0.0000E-07
     331.58334351   0.0000E-07
     331.62500000   0.0000E-07
     331.66665649   0.0000E-07
     331.70834351   0.0000E-07
     331.75000000   0.0000E-07
     331.79165649   0.0000E-07
     331.83334351   0.0000E-07
     331.87500000   0.0000E-07
     331.91665649   0.0000E-07
     331.95834351   0.0000E-07
     332.00000000   0.0000E-07
     332.04165649   0.0000E-07
     332.08334351   0.0000E-07
     332.12500000   0.0000E-07
     332.16665649   0.0000E-07
     332.20834351   0.0000E-07
     332.25000000   0.0000E-07
     332.29165649   0.0000E-07
     332.33334351   0.0000E-07
     332.37500000   0.0000E-07
     332.41665649   0.0000E-07
     332.45834351   0.0000E-07
     332.50000000   0.0000E-07
     332.54165649   0.0000E-07
     332.58334351   0.0000E-07
     332.62500000   0.0000E-07
     332.66665649   0.0000E-07
     332.70834351   0.0000E-07
     332.75000000   0.0000E-07
     332.79165649   0.0000E-07
     332.83334351   0.0000E-07
     332.87500000   0.0000E-07
     332.91665649   0.0000E-07
     332.95834351   0.0000E-07
     333.00000000   0.0000E-07
     333.04165649   0.0000E-07
     333.08334351   0.0000E-07
     333.12500000   0.0000E-07
     333.16665649   0.0000E-07
     333.20834351   0.0000E-07
     333.25000000   0.0000E-07
     333.29165649   0.0000E-07
     333.33334351   0.0000E-07
     333.37500000   0.0000E-07
     333.41665649   0.0000E-07
     333.45834351   0.0000E-07
     333.50000000   0.0000E-07
     333.54165649   0.0000E-07
     333.58334351   0.0000E-07
     333.62500000   0.0000E-07
     333.66665649   0.0000E-07
     333.70834351   0.0000E-07
     333.75000000   0.0000E-07
     333.79165649   0.0000E-07
     333.83334351   0.0000E-07
     333.87500000   0.0000E-07
     333.91665649   0.0000E-07
     333.95834351   0.0000E-07
     334.00000000   0.0000E-07
     334.04165649   0.0000E-07
     334.08334351   0.0000E-07
     334.12500000   0.0000E-07
     334.16665649   0.0000E-07
     334.20834351   0.0000E-07
     334.25000000   0.0000E-07
     334.29165649   0.0000E-07
     334.33334351   0.0000E-07
     334.37500000   0.0000E-07
     334.41665649   0.0000E-07
     334.45834351   0.0000E-07
     334.50000000   0.0000E-07
     334.54165649   0.0000E-07
     334.58334351   0.0000E-07
     334.62500000   0.0000E-07
     334.66665649   0.0000E-07
     334.70834351   0.0000E-07
     334.75000000   0.0000E-07
     334.79165649   0.0000E-07
     334.83334351   0.0000E-07
     334.87500000   0.0000E-07
     334.91665649   0.0000E-07
     334.95834351   0.0000E-07
     335.00000000   0.0000E-07
     335.04165649   0.0000E-07
     335.08334351   0.0000E-07
     335.12500000   0.0000E-07
     335.16665649   0.0000E-07
     335.20834351   0.0000E-07
     335.25000000   0.0000E-07
     335.29165649   0.0000E-07
     335.33334351   0.0000E-07
     335.37500000   0.0000E-07
     335.41665649   0.0000E-07
     335.45834351   0.0000E-07
     335.50000000   0.0000E-07
     335.54165649   0.0000E-07
     335.58334351   0.0000E-07
     335.62500000   0.0000E-07
     335.66665649   0.0000E-07
     335.70834351   0.0000E-07
     335.75000000   0.0000E-07
     335.79165649   0.0000E-07
     335.83334351   0.0000E-07
     335.87500000   0.0000E-07
     335.91665649   0.0000E-07
     335.95834351   0.0000E-07
     336.00000000   0.0000E-07
     336.04165649   0.0000E-07
     336.08334351   0.0000E-07
     336.12500000   0.0000E-07
     336.16665649   0.0000E-07
     336.20834351   0.0000E-07
     336.25000000   0.0000E-07
     336.29165649   0.0000E-07
     336.33334351   0.0000E-07
     336.37500000   0.0000E-07
     336.41665649   0.0000E-07
     336.45834351   0.0000E-07
     336.50000000   0.0000E-07
     336.54165649   0.0000E-07
     336.58334351   0.0000E-07
     336.62500000   0.0000E-07
     336.66665649   0.0000E-07
     336.70834351   0.0000E-07
     336.75000000   0.0000E-07
     336.79165649   0.0000E-07
     336.83334351   0.0000E-07
     336.87500000   0.0000E-07
     336.91665649   0.0000E-07
     336.95834351   0.0000E-07
     337.00000000   0.0000E-07
     337.04165649   0.0000E-07
     337.08334351   0.0000E-07
     337.12500000   0.0000E-07
     337.16665649   0.0000E-07
     337.20834351   0.0000E-07
     337.25000000   0.0000E-07
     337.29165649   0.0000E-07
     337.33334351   0.0000E-07
     337.37500000   0.0000E-07
     337.41665649   0.0000E-07
     337.45834351   0.0000E-07
     337.50000000   0.0000E-07
     337.54165649   0.0000E-07
     337.58334351   0.0000E-07
     337.62500000   0.0000E-07
     337.66665649   0.0000E-07
     337.70834351   0.0000E-07
     337.75000000   0.0000E-07
     337.79165649   0.0000E-07
     337.83334351   0.0000E-07
     337.87500000   0.0000E-07
     337.91665649   0.0000E-07
     337.95834351   0.0000E-07
     338.00000000   0.0000E-07
     338.04165649   0.0000E-07
     338.08334351   0.0000E-07
     338.12500000   0.0000E-07
     338.16665649   0.0000E-07
     338.20834351   0.0000E-07
     338.25000000   0.0000E-07
     338.29165649   0.0000E-07
     338.33334351   0.0000E-07
     338.37500000   0.0000E-07
     338.41665649   0.0000E-07
     338.45834351   0.0000E-07
     338.50000000   0.0000E-07
     338.54165649   0.0000E-07
     338.58334351   0.0000E-07
     338.62500000   0.0000E-07
     338.66665649   0.0000E-07
     338.70834351   0.0000E-07
     338.75000000   0.0000E-07
     338.79165649   0.0000E-07
     338.83334351   0.0000E-07
     338.87500000   0.0000E-07
     338.91665649   0.0000E-07
     338.95834351   0.0000E-07
     339.00000000   0.0000E-07
     339.04165649   0.0000E-07
     339.08334351   0.0000E-07
     339.12500000   0.0000E-07
     339.16665649   0.0000E-07
     339.20834351   0.0000E-07
     339.25000000   0.0000E-07
     339.29165649   0.0000E-07
     339.33334351   0.0000E-07
     339.37500000   0.0000E-07
     339.41665649   0.0000E-07
     339.45834351   0.0000E-07
     339.50000000   0.0000E-07
     339.54165649   0.0000E-07
     339.58334351   0.0000E-07
     339.62500000   0.0000E-07
     339.66665649   0.0000E-07
     339.70834351   0.0000E-07
     339.75000000   0.0000E-07
     339.79165649   0.0000E-07
     339.83334351   0.0000E-07
     339.87500000   0.0000E-07
     339.91665649   0.0000E-07
     339.95834351   0.0000E-07
     340.00000000   0.0000E-07
     340.04165649   0.0000E-07
     340.08334351   0.0000E-07
     340.12500000   0.0000E-07
     340.16665649   0.0000E-07
     340.20834351   0.0000E-07
     340.25000000   0.0000E-07
     340.29165649   0.0000E-07
     340.33334351   0.0000E-07
     340.37500000   0.0000E-07
     340.41665649   0.0000E-07
     340.45834351   0.0000E-07
     340.50000000   0.0000E-07
     340.54165649   0.0000E-07
     340.58334351   0.0000E-07
     340.62500000   0.0000E-07
     340.66665649   0.0000E-07
     340.70834351   0.0000E-07
     340.75000000   0.0000E-07
     340.79165649   0.0000E-07
     340.83334351   0.0000E-07
     340.87500000   0.0000E-07
     340.91665649   0.0000E-07
     340.95834351   0.0000E-07
     341.00000000   0.0000E-07
     341.04165649   0.0000E-07
     341.08334351   0.0000E-07
     341.12500000   0.0000E-07
     341.16665649   0.0000E-07
     341.20834351   0.0000E-07
     341.25000000   0.0000E-07
     341.29165649   0.0000E-07
     341.33334351   0.0000E-07
     341.37500000   0.0000E-07
     341.41665649   0.0000E-07
     341.45834351   0.0000E-07
     341.50000000   0.0000E-07
     341.54165649   0.0000E-07
     341.58334351   0.0000E-07
     341.62500000   0.0000E-07
     341.66665649   0.0000E-07
     341.70834351   0.0000E-07
     341.75000000   0.0000E-07
     341.79165649   0.0000E-07
     341.83334351   0.0000E-07
     341.87500000   0.0000E-07
     341.91665649   0.0000E-07
     341.95834351   0.0000E-07
     342.00000000   0.0000E-07
     342.04165649   0.0000E-07
     342.08334351   0.0000E-07
     342.12500000   0.0000E-07
     342.16665649   0.0000E-07
     342.20834351   0.0000E-07
     342.25000000   0.0000E-07
     342.29165649   0.0000E-07
     342.33334351   0.0000E-07
     342.37500000   0.0000E-07
     342.41665649   0.0000E-07
     342.45834351   0.0000E-07
     342.50000000   0.0000E-07
     342.54165649   0.0000E-07
     342.58334351   0.0000E-07
     342.62500000   0.0000E-07
     342.66665649   0.0000E-07
     342.70834351   0.0000E-07
     342.75000000   0.0000E-07
     342.79165649   0.0000E-07
     342.83334351   0.0000E-07
     342.87500000   0.0000E-07
     342.91665649   0.0000E-07
     342.95834351   0.0000E-07
     343.00000000   0.0000E-07
     343.04165649   0.0000E-07
     343.08334351   0.0000E-07
     343.12500000   0.0000E-07
     343.16665649   0.0000E-07
     343.20834351   0.0000E-07
     343.25000000   0.0000E-07
     343.29165649   0.0000E-07
     343.33334351   0.0000E-07
     343.37500000   0.0000E-07
     343.41665649   0.0000E-07
     343.45834351   0.0000E-07
     343.50000000   0.0000E-07
     343.54165649   0.0000E-07
     343.58334351   0.0000E-07
     343.62500000   0.0000E-07
     343.66665649   0.0000E-07
     343.70834351   0.0000E-07
     343.75000000   0.0000E-07
     343.79165649   0.0000E-07
     343.83334351   0.0000E-07
     343.87500000   0.0000E-07
     343.91665649   0.0000E-07
     343.95834351   0.0000E-07
     344.00000000   0.0000E-07
     344.04165649   0.0000E-07
     344.08334351   0.0000E-07
     344.12500000   0.0000E-07
     344.16665649   0.0000E-07
     344.20834351   0.0000E-07
     344.25000000   0.0000E-07
     344.29165649   0.0000E-07
     344.33334351   0.0000E-07
     344.37500000   0.0000E-07
     344.41665649   0.0000E-07
     344.45834351   0.0000E-07
     344.50000000   0.0000E-07
     344.54165649   0.0000E-07
     344.58334351   0.0000E-07
     344.62500000   0.0000E-07
     344.66665649   0.0000E-07
     344.70834351   0.0000E-07
     344.75000000   0.0000E-07
     344.79165649   0.0000E-07
     344.83334351   0.0000E-07
     344.87500000   0.0000E-07
     344.91665649   0.0000E-07
     344.95834351   0.0000E-07
     345.00000000   0.0000E-07
     345.04165649   0.0000E-07
     345.08334351   0.0000E-07
     345.12500000   0.0000E-07
     345.16665649   0.0000E-07
     345.20834351   0.0000E-07
     345.25000000   0.0000E-07
     345.29165649   0.0000E-07
     345.33334351   0.0000E-07
     345.37500000   0.0000E-07
     345.41665649   0.0000E-07
     345.45834351   0.0000E-07
     345.50000000   0.0000E-07
     345.54165649   0.0000E-07
     345.58334351   0.0000E-07
     345.62500000   0.0000E-07
     345.66665649   0.0000E-07
     345.70834351   0.0000E-07
     345.75000000   0.0000E-07
     345.79165649   0.0000E-07
     345.83334351   0.0000E-07
     345.87500000   0.0000E-07
     345.91665649   0.0000E-07
     345.95834351   0.0000E-07
     346.00000000   0.0000E-07
     346.04165649   0.0000E-07
     346.08334351   0.0000E-07
     346.12500000   0.0000E-07
     346.16665649   0.0000E-07
     346.20834351   0.0000E-07
     346.25000000   0.0000E-07
     346.29165649   0.0000E-07
     346.33334351   0.0000E-07
     346.37500000   0.0000E-07
     346.41665649   0.0000E-07
     346.45834351   0.0000E-07
     346.50000000   0.0000E-07
     346.54165649   0.0000E-07
     346.58334351   0.0000E-07
     346.62500000   0.0000E-07
     346.66665649   0.0000E-07
     346.70834351   0.0000E-07
     346.75000000   0.0000E-07
     346.79165649   0.0000E-07
     346.83334351   0.0000E-07
     346.87500000   0.0000E-07
     346.91665649   0.0000E-07
     346.95834351   0.0000E-07
     347.00000000   0.0000E-07
     347.04165649   0.0000E-07
     347.08334351   0.0000E-07
     347.12500000   0.0000E-07
     347.16665649   0.0000E-07
     347.20834351   0.0000E-07
     347.25000000   0.0000E-07
     347.29165649   0.0000E-07
     347.33334351   0.0000E-07
     347.37500000   0.0000E-07
     347.41665649   0.0000E-07
     347.45834351   0.0000E-07
     347.50000000   0.0000E-07
     347.54165649   0.0000E-07
     347.58334351   0.0000E-07
     347.62500000   0.0000E-07
     347.66665649   0.0000E-07
     347.70834351   0.0000E-07
     347.75000000   0.0000E-07
     347.79165649   0.0000E-07
     347.83334351   0.0000E-07
     347.87500000   0.0000E-07
     347.91665649   0.0000E-07
     347.95834351   0.0000E-07
     348.00000000   0.0000E-07
     348.04165649   0.0000E-07
     348.08334351   0.0000E-07
     348.12500000   0.0000E-07
     348.16665649   0.0000E-07
     348.20834351   0.0000E-07
     348.25000000   0.0000E-07
     348.29165649   0.0000E-07
     348.33334351   0.0000E-07
     348.37500000   0.0000E-07
     348.41665649   0.0000E-07
     348.45834351   0.0000E-07
     348.50000000   0.0000E-07
     348.54165649   0.0000E-07
     348.58334351   0.0000E-07
     348.62500000   0.0000E-07
     348.66665649   0.0000E-07
     348.70834351   0.0000E-07
     348.75000000   0.0000E-07
     348.79165649   0.0000E-07
     348.83334351   0.0000E-07
     348.87500000   0.0000E-07
     348.91665649   0.0000E-07
     348.95834351   0.0000E-07
     349.00000000   0.0000E-07
     349.04165649   0.0000E-07
     349.08334351   0.0000E-07
     349.12500000   0.0000E-07
     349.16665649   0.0000E-07
     349.20834351   0.0000E-07
     349.25000000   0.0000E-07
     349.29165649   0.0000E-07
     349.33334351   0.0000E-07
     349.37500000   0.0000E-07
     349.41665649   0.0000E-07
     349.45834351   0.0000E-07
     349.50000000   0.0000E-07
     349.54165649   0.0000E-07
     349.58334351   0.0000E-07
     349.62500000   0.0000E-07
     349.66665649   0.0000E-07
     349.70834351   0.0000E-07
     349.75000000   0.0000E-07
     349.79165649   0.0000E-07
     349.83334351   0.0000E-07
     349.87500000   0.0000E-07
     349.91665649   0.0000E-07
     349.95834351   0.0000E-07
     350.00000000   0.0000E-07
     350.04165649   0.0000E-07
     350.08334351   0.0000E-07
     350.12500000   0.0000E-07
     350.16665649   0.0000E-07
     350.20834351   0.0000E-07
     350.25000000   0.0000E-07
     350.29165649   0.0000E-07
     350.33334351   0.0000E-07
     350.37500000   0.0000E-07
     350.41665649   0.0000E-07
     350.45834351   0.0000E-07
     350.50000000   0.0000E-07
     350.54165649   0.0000E-07
     350.58334351   0.0000E-07
     350.62500000   0.0000E-07
     350.66665649   0.0000E-07
     350.70834351   0.0000E-07
     350.75000000   0.0000E-07
     350.79165649   0.0000E-07
     350.83334351   0.0000E-07
     350.87500000   0.0000E-07
     350.91665649   0.0000E-07
     350.95834351   0.0000E-07
     351.00000000   0.0000E-07
     351.04165649   0.0000E-07
     351.08334351   0.0000E-07
     351.12500000   0.0000E-07
     351.16665649   0.0000E-07
     351.20834351   0.0000E-07
     351.25000000   0.0000E-07
     351.29165649   0.0000E-07
     351.33334351   0.0000E-07
     351.37500000   0.0000E-07
     351.41665649   0.0000E-07
     351.45834351   0.0000E-07
     351.50000000   0.0000E-07
     351.54165649   0.0000E-07
     351.58334351   0.0000E-07
     351.62500000   0.0000E-07
     351.66665649   0.0000E-07
     351.70834351   0.0000E-07
     351.75000000   0.0000E-07
     351.79165649   0.0000E-07
     351.83334351   0.0000E-07
     351.87500000   0.0000E-07
     351.91665649   0.0000E-07
     351.95834351   0.0000E-07
     352.00000000   0.0000E-07
     352.04165649   0.0000E-07
     352.08334351   0.0000E-07
     352.12500000   0.0000E-07
     352.16665649   0.0000E-07
     352.20834351   0.0000E-07
     352.25000000   0.0000E-07
     352.29165649   0.0000E-07
     352.33334351   0.0000E-07
     352.37500000   0.0000E-07
     352.41665649   0.0000E-07
     352.45834351   0.0000E-07
     352.50000000   0.0000E-07
     352.54165649   0.0000E-07
     352.58334351   0.0000E-07
     352.62500000   0.0000E-07
     352.66665649   0.0000E-07
     352.70834351   0.0000E-07
     352.75000000   0.0000E-07
     352.79165649   0.0000E-07
     352.83334351   0.0000E-07
     352.87500000   0.0000E-07
     352.91665649   0.0000E-07
     352.95834351   0.0000E-07
     353.00000000   0.0000E-07
     353.04165649   0.0000E-07
     353.08334351   0.0000E-07
     353.12500000   0.0000E-07
     353.16665649   0.0000E-07
     353.20834351   0.0000E-07
     353.25000000   0.0000E-07
     353.29165649   0.0000E-07
     353.33334351   0.0000E-07
     353.37500000   0.0000E-07
     353.41665649   0.0000E-07
     353.45834351   0.0000E-07
     353.50000000   0.0000E-07
     353.54165649   0.0000E-07
     353.58334351   0.0000E-07
     353.62500000   0.0000E-07
     353.66665649   0.0000E-07
     353.70834351   0.0000E-07
     353.75000000   0.0000E-07
     353.79165649   0.0000E-07
     353.83334351   0.0000E-07
     353.87500000   0.0000E-07
     353.91665649   0.0000E-07
     353.95834351   0.0000E-07
     354.00000000   0.0000E-07
     354.04165649   0.0000E-07
     354.08334351   0.0000E-07
     354.12500000   0.0000E-07
     354.16665649   0.0000E-07
     354.20834351   0.0000E-07
     354.25000000   0.0000E-07
     354.29165649   0.0000E-07
     354.33334351   0.0000E-07
     354.37500000   0.0000E-07
     354.41665649   0.0000E-07
     354.45834351   0.0000E-07
     354.50000000   0.0000E-07
     354.54165649   0.0000E-07
     354.58334351   0.0000E-07
     354.62500000   0.0000E-07
     354.66665649   0.0000E-07
     354.70834351   0.0000E-07
     354.75000000   0.0000E-07
     354.79165649   0.0000E-07
     354.83334351   0.0000E-07
     354.87500000   0.0000E-07
     354.91665649   0.0000E-07
     354.95834351   0.0000E-07
     355.00000000   0.0000E-07
     355.04165649   0.0000E-07
     355.08334351   0.0000E-07
     355.12500000   0.0000E-07
     355.16665649   0.0000E-07
     355.20834351   0.0000E-07
     355.25000000   0.0000E-07
     355.29165649   0.0000E-07
     355.33334351   0.0000E-07
     355.37500000   0.0000E-07
     355.41665649   0.0000E-07
     355.45834351   0.0000E-07
     355.50000000   0.0000E-07
     355.54165649   0.0000E-07
     355.58334351   0.0000E-07
     355.62500000   0.0000E-07
     355.66665649   0.0000E-07
     355.70834351   0.0000E-07
     355.75000000   0.0000E-07
     355.79165649   0.0000E-07
     355.83334351   0.0000E-07
     355.87500000   0.0000E-07
     355.91665649   0.0000E-07
     355.95834351   0.0000E-07
     356.00000000   0.0000E-07
     356.04165649   0.0000E-07
     356.08334351   0.0000E-07
     356.12500000   0.0000E-07
     356.16665649   0.0000E-07
     356.20834351   0.0000E-07
     356.25000000   0.0000E-07
     356.29165649   0.0000E-07
     356.33334351   0.0000E-07
     356.37500000   0.0000E-07
     356.41665649   0.0000E-07
     356.45834351   0.0000E-07
     356.50000000   0.0000E-07
     356.54165649   0.0000E-07
     356.58334351   0.0000E-07
     356.62500000   0.0000E-07
     356.66665649   0.0000E-07
     356.70834351   0.0000E-07
     356.75000000   0.0000E-07
     356.79165649   0.0000E-07
     356.83334351   0.0000E-07
     356.87500000   0.0000E-07
     356.91665649   0.0000E-07
     356.95834351   0.0000E-07
     357.00000000   0.0000E-07
     357.04165649   0.0000E-07
     357.08334351   0.0000E-07
     357.12500000   0.0000E-07
     357.16665649   0.0000E-07
     357.20834351   0.0000E-07
     357.25000000   0.0000E-07
     357.29165649   0.0000E-07
     357.33334351   0.0000E-07
     357.37500000   0.0000E-07
     357.41665649   0.0000E-07
     357.45834351   0.0000E-07
     357.50000000   0.0000E-07
     357.54165649   0.0000E-07
     357.58334351   0.0000E-07
     357.62500000   0.0000E-07
     357.66665649   0.0000E-07
     357.70834351   0.0000E-07
     357.75000000   0.0000E-07
     357.79165649   0.0000E-07
     357.83334351   0.0000E-07
     357.87500000   0.0000E-07
     357.91665649   0.0000E-07
     357.95834351   0.0000E-07
     358.00000000   0.0000E-07
     358.04165649   0.0000E-07
     358.08334351   0.0000E-07
     358.12500000   0.0000E-07
     358.16665649   0.0000E-07
     358.20834351   0.0000E-07
     358.25000000   0.0000E-07
     358.29165649   0.0000E-07
     358.33334351   0.0000E-07
     358.37500000   0.0000E-07
     358.41665649   0.0000E-07
     358.45834351   0.0000E-07
     358.50000000   0.0000E-07
     358.54165649   0.0000E-07
     358.58334351   0.0000E-07
     358.62500000   0.0000E-07
     358.66665649   0.0000E-07
     358.70834351   0.0000E-07
     358.75000000   0.0000E-07
     358.79165649   0.0000E-07
     358.83334351   0.0000E-07
     358.87500000   0.0000E-07
     358.91665649   0.0000E-07
     358.95834351   0.0000E-07
     359.00000000   0.0000E-07
     359.04165649   0.0000E-07
     359.08334351   0.0000E-07
     359.12500000   0.0000E-07
     359.16665649   0.0000E-07
     359.20834351   0.0000E-07
     359.25000000   0.0000E-07
     359.29165649   0.0000E-07
     359.33334351   0.0000E-07
     359.37500000   0.0000E-07
     359.41665649   0.0000E-07
     359.45834351   0.0000E-07
     359.50000000   0.0000E-07
     359.54165649   0.0000E-07
     359.58334351   0.0000E-07
     359.62500000   0.0000E-07
     359.66665649   0.0000E-07
     359.70834351   0.0000E-07
     359.75000000   0.0000E-07
     359.79165649   0.0000E-07
     359.83334351   0.0000E-07
     359.87500000   0.0000E-07
     359.91665649   0.0000E-07
     359.95834351   0.0000E-07
     360.00000000   0.0000E-07
     360.04165649   0.0000E-07
     360.08334351   0.0000E-07
     360.12500000   0.0000E-07
     360.16665649   0.0000E-07
     360.20834351   0.0000E-07
     360.25000000   0.0000E-07
     360.29165649   0.0000E-07
     360.33334351   0.0000E-07
     360.37500000   0.0000E-07
     360.41665649   0.0000E-07
     360.45834351   0.0000E-07
     360.50000000   0.0000E-07
     360.54165649   0.0000E-07
     360.58334351   0.0000E-07
     360.62500000   0.0000E-07
     360.66665649   0.0000E-07
     360.70834351   0.0000E-07
     360.75000000   0.0000E-07
     360.79165649   0.0000E-07
     360.83334351   0.0000E-07
     360.87500000   0.0000E-07
     360.91665649   0.0000E-07
     360.95834351   0.0000E-07
     361.00000000   0.0000E-07
     361.04165649   0.0000E-07
     361.08334351   0.0000E-07
     361.12500000   0.0000E-07
     361.16665649   0.0000E-07
     361.20834351   0.0000E-07
     361.25000000   0.0000E-07
     361.29165649   0.0000E-07
     361.33334351   0.0000E-07
     361.37500000   0.0000E-07
     361.41665649   0.0000E-07
     361.45834351   0.0000E-07
     361.50000000   0.0000E-07
     361.54165649   0.0000E-07
     361.58334351   0.0000E-07
     361.62500000   0.0000E-07
     361.66665649   0.0000E-07
     361.70834351   0.0000E-07
     361.75000000   0.0000E-07
     361.79165649   0.0000E-07
     361.83334351   0.0000E-07
     361.87500000   0.0000E-07
     361.91665649   0.0000E-07
     361.95834351   0.0000E-07
     362.00000000   0.0000E-07
     362.04165649   0.0000E-07
     362.08334351   0.0000E-07
     362.12500000   0.0000E-07
     362.16665649   0.0000E-07
     362.20834351   0.0000E-07
     362.25000000   0.0000E-07
     362.29165649   0.0000E-07
     362.33334351   0.0000E-07
     362.37500000   0.0000E-07
     362.41665649   0.0000E-07
     362.45834351   0.0000E-07
     362.50000000   0.0000E-07
     362.54165649   0.0000E-07
     362.58334351   0.0000E-07
     362.62500000   0.0000E-07
     362.66665649   0.0000E-07
     362.70834351   0.0000E-07
     362.75000000   0.0000E-07
     362.79165649   0.0000E-07
     362.83334351   0.0000E-07
     362.87500000   0.0000E-07
     362.91665649   0.0000E-07
     362.95834351   0.0000E-07
     363.00000000   0.0000E-07
     363.04165649   0.0000E-07
     363.08334351   0.0000E-07
     363.12500000   0.0000E-07
     363.16665649   0.0000E-07
     363.20834351   0.0000E-07
     363.25000000   0.0000E-07
     363.29165649   0.0000E-07
     363.33334351   0.0000E-07
     363.37500000   0.0000E-07
     363.41665649   0.0000E-07
     363.45834351   0.0000E-07
     363.50000000   0.0000E-07
     363.54165649   0.0000E-07
     363.58334351   0.0000E-07
     363.62500000   0.0000E-07
     363.66665649   0.0000E-07
     363.70834351   0.0000E-07
     363.75000000   0.0000E-07
     363.79165649   0.0000E-07
     363.83334351   0.0000E-07
     363.87500000   0.0000E-07
     363.91665649   0.0000E-07
     363.95834351   0.0000E-07
     364.00000000   0.0000E-07
     364.04165649   0.0000E-07
     364.08334351   0.0000E-07
     364.12500000   0.0000E-07
     364.16665649   0.0000E-07
     364.20834351   0.0000E-07
     364.25000000   0.0000E-07
     364.29165649   0.0000E-07
     364.33334351   0.0000E-07
     364.37500000   0.0000E-07
     364.41665649   0.0000E-07
     364.45834351   0.0000E-07
     364.50000000   0.0000E-07
     364.54165649   0.0000E-07
     364.58334351   0.0000E-07
     364.62500000   0.0000E-07
     364.66665649   0.0000E-07
     364.70834351   0.0000E-07
     364.75000000   0.0000E-07
     364.79165649   0.0000E-07
     364.83334351   0.0000E-07
     364.87500000   0.0000E-07
     364.91665649   0.0000E-07
     364.95834351   0.0000E-07
            0.00000000   0.00000E-07
       0.04165649   0.00000E-07
       0.08334351   0.00000E-07
       0.12500000   0.00000E-07
       0.16665649   0.00000E-07
       0.20834351   0.00000E-07
       0.25000000   0.00000E-07
       0.29165649   0.00000E-07
       0.33334351   0.00000E-07
       0.37500000   0.00000E-07
       0.41665649   0.00000E-07
       0.45834351   0.00000E-07
       0.50000000   0.00000E-07
       0.54165649   0.00000E-07
       0.58334351   0.00000E-07
       0.62500000   0.00000E-07
       0.66665649   0.00000E-07
       0.70834351   0.00000E-07
       0.75000000   0.00000E-07
       0.79165649   0.00000E-07
       0.83334351   0.00000E-07
       0.87500000   0.00000E-07
       0.91665649   0.00000E-07
       0.95834351   0.00000E-07
       1.00000000   0.00000E-07
       1.04165649   0.00000E-07
       1.08334351   0.00000E-07
       1.12500000   0.00000E-07
       1.16665649   0.00000E-07
       1.20834351   0.00000E-07
       1.25000000   0.00000E-07
       1.29165649   0.00000E-07
       1.33334351   0.00000E-07
       1.37500000   0.00000E-07
       1.41665649   0.00000E-07
       1.45834351   0.00000E-07
       1.50000000   0.00000E-07
       1.54165649   0.00000E-07
       1.58334351   0.00000E-07
       1.62500000   0.00000E-07
       1.66665649   0.00000E-07
       1.70834351   0.00000E-07
       1.75000000   0.00000E-07
       1.79165649   0.00000E-07
       1.83334351   0.00000E-07
       1.87500000   0.00000E-07
       1.91665649   0.00000E-07
       1.95834351   0.00000E-07
       2.00000000   0.00000E-07
       2.04165649   0.00000E-07
       2.08334351   0.00000E-07
       2.12500000   0.00000E-07
       2.16665649   0.00000E-07
       2.20834351   0.00000E-07
       2.25000000   0.00000E-07
       2.29165649   0.00000E-07
       2.33334351   0.00000E-07
       2.37500000   0.00000E-07
       2.41665649   0.00000E-07
       2.45834351   0.00000E-07
       2.50000000   0.00000E-07
       2.54165649   0.00000E-07
       2.58334351   0.00000E-07
       2.62500000   0.00000E-07
       2.66665649   0.00000E-07
       2.70834351   0.00000E-07
       2.75000000   0.00000E-07
       2.79165649   0.00000E-07
       2.83334351   0.00000E-07
       2.87500000   0.00000E-07
       2.91665649   0.00000E-07
       2.95834351   0.00000E-07
       3.00000000   0.00000E-07
       3.04165649   0.00000E-07
       3.08334351   0.00000E-07
       3.12500000   0.00000E-07
       3.16665649   0.00000E-07
       3.20834351   0.00000E-07
       3.25000000   0.00000E-07
       3.29165649   0.00000E-07
       3.33334351   0.00000E-07
       3.37500000   0.00000E-07
       3.41665649   0.00000E-07
       3.45834351   0.00000E-07
       3.50000000   0.00000E-07
       3.54165649   0.00000E-07
       3.58334351   0.00000E-07
       3.62500000   0.00000E-07
       3.66665649   0.00000E-07
       3.70834351   0.00000E-07
       3.75000000   0.00000E-07
       3.79165649   0.00000E-07
       3.83334351   0.00000E-07
       3.87500000   0.00000E-07
       3.91665649   0.00000E-07
       3.95834351   0.00000E-07
       4.00000000   0.00000E-07
       4.04165649   0.00000E-07
       4.08334351   0.00000E-07
       4.12500000   0.00000E-07
       4.16665649   0.00000E-07
       4.20834351   0.00000E-07
       4.25000000   0.00000E-07
       4.29165649   0.00000E-07
       4.33334351   0.00000E-07
       4.37500000   0.00000E-07
       4.41665649   0.00000E-07
       4.45834351   0.00000E-07
       4.50000000   0.00000E-07
       4.54165649   0.00000E-07
       4.58334351   0.00000E-07
       4.62500000   0.00000E-07
       4.66665649   0.00000E-07
       4.70834351   0.00000E-07
       4.75000000   0.00000E-07
       4.79165649   0.00000E-07
       4.83334351   0.00000E-07
       4.87500000   0.00000E-07
       4.91665649   0.00000E-07
       4.95834351   0.00000E-07
       5.00000000   0.00000E-07
       5.04165649   0.00000E-07
       5.08334351   0.00000E-07
       5.12500000   0.00000E-07
       5.16665649   0.00000E-07
       5.20834351   0.00000E-07
       5.25000000   0.00000E-07
       5.29165649   0.00000E-07
       5.33334351   0.00000E-07
       5.37500000   0.00000E-07
       5.41665649   0.00000E-07
       5.45834351   0.00000E-07
       5.50000000   0.00000E-07
       5.54165649   0.00000E-07
       5.58334351   0.00000E-07
       5.62500000   0.00000E-07
       5.66665649   0.00000E-07
       5.70834351   0.00000E-07
       5.75000000   0.00000E-07
       5.79165649   0.00000E-07
       5.83334351   0.00000E-07
       5.87500000   0.00000E-07
       5.91665649   0.00000E-07
       5.95834351   0.00000E-07
       6.00000000   0.00000E-07
       6.04165649   0.00000E-07
       6.08334351   0.00000E-07
       6.12500000   0.00000E-07
       6.16665649   0.00000E-07
       6.20834351   0.00000E-07
       6.25000000   0.00000E-07
       6.29165649   0.00000E-07
       6.33334351   0.00000E-07
       6.37500000   0.00000E-07
       6.41665649   0.00000E-07
       6.45834351   0.00000E-07
       6.50000000   0.00000E-07
       6.54165649   0.00000E-07
       6.58334351   0.00000E-07
       6.62500000   0.00000E-07
       6.66665649   0.00000E-07
       6.70834351   0.00000E-07
       6.75000000   0.00000E-07
       6.79165649   0.00000E-07
       6.83334351   0.00000E-07
       6.87500000   0.00000E-07
       6.91665649   0.00000E-07
       6.95834351   0.00000E-07
       7.00000000   0.00000E-07
       7.04165649   0.00000E-07
       7.08334351   0.00000E-07
       7.12500000   0.00000E-07
       7.16665649   0.00000E-07
       7.20834351   0.00000E-07
       7.25000000   0.00000E-07
       7.29165649   0.00000E-07
       7.33334351   0.00000E-07
       7.37500000   0.00000E-07
       7.41665649   0.00000E-07
       7.45834351   0.00000E-07
       7.50000000   0.00000E-07
       7.54165649   0.00000E-07
       7.58334351   0.00000E-07
       7.62500000   0.00000E-07
       7.66665649   0.00000E-07
       7.70834351   0.00000E-07
       7.75000000   0.00000E-07
       7.79165649   0.00000E-07
       7.83334351   0.00000E-07
       7.87500000   0.00000E-07
       7.91665649   0.00000E-07
       7.95834351   0.00000E-07
       8.00000000   0.00000E-07
       8.04165649   0.00000E-07
       8.08334351   0.00000E-07
       8.12500000   0.00000E-07
       8.16665649   0.00000E-07
       8.20834351   0.00000E-07
       8.25000000   0.00000E-07
       8.29165649   0.00000E-07
       8.33334351   0.00000E-07
       8.37500000   0.00000E-07
       8.41665649   0.00000E-07
       8.45834351   0.00000E-07
       8.50000000   0.00000E-07
       8.54165649   0.00000E-07
       8.58334351   0.00000E-07
       8.62500000   0.00000E-07
       8.66665649   0.00000E-07
       8.70834351   0.00000E-07
       8.75000000   0.00000E-07
       8.79165649   0.00000E-07
       8.83334351   0.00000E-07
       8.87500000   0.00000E-07
       8.91665649   0.00000E-07
       8.95834351   0.00000E-07
       9.00000000   0.00000E-07
       9.04165649   0.00000E-07
       9.08334351   0.00000E-07
       9.12500000   0.00000E-07
       9.16665649   0.00000E-07
       9.20834351   0.00000E-07
       9.25000000   0.00000E-07
       9.29165649   0.00000E-07
       9.33334351   0.00000E-07
       9.37500000   0.00000E-07
       9.41665649   0.00000E-07
       9.45834351   0.00000E-07
       9.50000000   0.00000E-07
       9.54165649   0.00000E-07
       9.58334351   0.00000E-07
       9.62500000   0.00000E-07
       9.66665649   0.00000E-07
       9.70834351   0.00000E-07
       9.75000000   0.00000E-07
       9.79165649   0.00000E-07
       9.83334351   0.00000E-07
       9.87500000   0.00000E-07
       9.91665649   0.00000E-07
       9.95834351   0.00000E-07
      10.00000000   0.00000E-07
      10.04165649   0.00000E-07
      10.08334351   0.00000E-07
      10.12500000   0.00000E-07
      10.16665649   0.00000E-07
      10.20834351   0.00000E-07
      10.25000000   0.00000E-07
      10.29165649   0.00000E-07
      10.33334351   0.00000E-07
      10.37500000   0.00000E-07
      10.41665649   0.00000E-07
      10.45834351   0.00000E-07
      10.50000000   0.00000E-07
      10.54165649   0.00000E-07
      10.58334351   0.00000E-07
      10.62500000   0.00000E-07
      10.66665649   0.00000E-07
      10.70834351   0.00000E-07
      10.75000000   0.00000E-07
      10.79165649   0.00000E-07
      10.83334351   0.00000E-07
      10.87500000   0.00000E-07
      10.91665649   0.00000E-07
      10.95834351   0.00000E-07
      11.00000000   0.00000E-07
      11.04165649   0.00000E-07
      11.08334351   0.00000E-07
      11.12500000   0.00000E-07
      11.16665649   0.00000E-07
      11.20834351   0.00000E-07
      11.25000000   0.00000E-07
      11.29165649   0.00000E-07
      11.33334351   0.00000E-07
      11.37500000   0.00000E-07
      11.41665649   0.00000E-07
      11.45834351   0.00000E-07
      11.50000000   0.00000E-07
      11.54165649   0.00000E-07
      11.58334351   0.00000E-07
      11.62500000   0.00000E-07
      11.66665649   0.00000E-07
      11.70834351   0.00000E-07
      11.75000000   0.00000E-07
      11.79165649   0.00000E-07
      11.83334351   0.00000E-07
      11.87500000   0.00000E-07
      11.91665649   0.00000E-07
      11.95834351   0.00000E-07
      12.00000000   0.00000E-07
      12.04165649   0.00000E-07
      12.08334351   0.00000E-07
      12.12500000   0.00000E-07
      12.16665649   0.00000E-07
      12.20834351   0.00000E-07
      12.25000000   0.00000E-07
      12.29165649   0.00000E-07
      12.33334351   0.00000E-07
      12.37500000   0.00000E-07
      12.41665649   0.00000E-07
      12.45834351   0.00000E-07
      12.50000000   0.00000E-07
      12.54165649   0.00000E-07
      12.58334351   0.00000E-07
      12.62500000   0.00000E-07
      12.66665649   0.00000E-07
      12.70834351   0.00000E-07
      12.75000000   0.00000E-07
      12.79165649   0.00000E-07
      12.83334351   0.00000E-07
      12.87500000   0.00000E-07
      12.91665649   0.00000E-07
      12.95834351   0.00000E-07
      13.00000000   0.00000E-07
      13.04165649   0.00000E-07
      13.08334351   0.00000E-07
      13.12500000   0.00000E-07
      13.16665649   0.00000E-07
      13.20834351   0.00000E-07
      13.25000000   0.00000E-07
      13.29165649   0.00000E-07
      13.33334351   0.00000E-07
      13.37500000   0.00000E-07
      13.41665649   0.00000E-07
      13.45834351   0.00000E-07
      13.50000000   0.00000E-07
      13.54165649   0.00000E-07
      13.58334351   0.00000E-07
      13.62500000   0.00000E-07
      13.66665649   0.00000E-07
      13.70834351   0.00000E-07
      13.75000000   0.00000E-07
      13.79165649   0.00000E-07
      13.83334351   0.00000E-07
      13.87500000   0.00000E-07
      13.91665649   0.00000E-07
      13.95834351   0.00000E-07
      14.00000000   0.00000E-07
      14.04165649   0.00000E-07
      14.08334351   0.00000E-07
      14.12500000   0.00000E-07
      14.16665649   0.00000E-07
      14.20834351   0.00000E-07
      14.25000000   0.00000E-07
      14.29165649   0.00000E-07
      14.33334351   0.00000E-07
      14.37500000   0.00000E-07
      14.41665649   0.00000E-07
      14.45834351   0.00000E-07
      14.50000000   0.00000E-07
      14.54165649   0.00000E-07
      14.58334351   0.00000E-07
      14.62500000   0.00000E-07
      14.66665649   0.00000E-07
      14.70834351   0.00000E-07
      14.75000000   0.00000E-07
      14.79165649   0.00000E-07
      14.83334351   0.00000E-07
      14.87500000   0.00000E-07
      14.91665649   0.00000E-07
      14.95834351   0.00000E-07
      15.00000000   0.00000E-07
      15.04165649   0.00000E-07
      15.08334351   0.00000E-07
      15.12500000   0.00000E-07
      15.16665649   0.00000E-07
      15.20834351   0.00000E-07
      15.25000000   0.00000E-07
      15.29165649   0.00000E-07
      15.33334351   0.00000E-07
      15.37500000   0.00000E-07
      15.41665649   0.00000E-07
      15.45834351   0.00000E-07
      15.50000000   0.00000E-07
      15.54165649   0.00000E-07
      15.58334351   0.00000E-07
      15.62500000   0.00000E-07
      15.66665649   0.00000E-07
      15.70834351   0.00000E-07
      15.75000000   0.00000E-07
      15.79165649   0.00000E-07
      15.83334351   0.00000E-07
      15.87500000   0.00000E-07
      15.91665649   0.00000E-07
      15.95834351   0.00000E-07
      16.00000000   0.00000E-07
      16.04165649   0.00000E-07
      16.08334351   0.00000E-07
      16.12500000   0.00000E-07
      16.16665649   0.00000E-07
      16.20834351   0.00000E-07
      16.25000000   0.00000E-07
      16.29165649   0.00000E-07
      16.33334351   0.00000E-07
      16.37500000   0.00000E-07
      16.41665649   0.00000E-07
      16.45834351   0.00000E-07
      16.50000000   0.00000E-07
      16.54165649   0.00000E-07
      16.58334351   0.00000E-07
      16.62500000   0.00000E-07
      16.66665649   0.00000E-07
      16.70834351   0.00000E-07
      16.75000000   0.00000E-07
      16.79165649   0.00000E-07
      16.83334351   0.00000E-07
      16.87500000   0.00000E-07
      16.91665649   0.00000E-07
      16.95834351   0.00000E-07
      17.00000000   0.00000E-07
      17.04165649   0.00000E-07
      17.08334351   0.00000E-07
      17.12500000   0.00000E-07
      17.16665649   0.00000E-07
      17.20834351   0.00000E-07
      17.25000000   0.00000E-07
      17.29165649   0.00000E-07
      17.33334351   0.00000E-07
      17.37500000   0.00000E-07
      17.41665649   0.00000E-07
      17.45834351   0.00000E-07
      17.50000000   0.00000E-07
      17.54165649   0.00000E-07
      17.58334351   0.00000E-07
      17.62500000   0.00000E-07
      17.66665649   0.00000E-07
      17.70834351   0.00000E-07
      17.75000000   0.00000E-07
      17.79165649   0.00000E-07
      17.83334351   0.00000E-07
      17.87500000   0.00000E-07
      17.91665649   0.00000E-07
      17.95834351   0.00000E-07
      18.00000000   0.00000E-07
      18.04165649   0.00000E-07
      18.08334351   0.00000E-07
      18.12500000   0.00000E-07
      18.16665649   0.00000E-07
      18.20834351   0.00000E-07
      18.25000000   0.00000E-07
      18.29165649   0.00000E-07
      18.33334351   0.00000E-07
      18.37500000   0.00000E-07
      18.41665649   0.00000E-07
      18.45834351   0.00000E-07
      18.50000000   0.00000E-07
      18.54165649   0.00000E-07
      18.58334351   0.00000E-07
      18.62500000   0.00000E-07
      18.66665649   0.00000E-07
      18.70834351   0.00000E-07
      18.75000000   0.00000E-07
      18.79165649   0.00000E-07
      18.83334351   0.00000E-07
      18.87500000   0.00000E-07
      18.91665649   0.00000E-07
      18.95834351   0.00000E-07
      19.00000000   0.00000E-07
      19.04165649   0.00000E-07
      19.08334351   0.00000E-07
      19.12500000   0.00000E-07
      19.16665649   0.00000E-07
      19.20834351   0.00000E-07
      19.25000000   0.00000E-07
      19.29165649   0.00000E-07
      19.33334351   0.00000E-07
      19.37500000   0.00000E-07
      19.41665649   0.00000E-07
      19.45834351   0.00000E-07
      19.50000000   0.00000E-07
      19.54165649   0.00000E-07
      19.58334351   0.00000E-07
      19.62500000   0.00000E-07
      19.66665649   0.00000E-07
      19.70834351   0.00000E-07
      19.75000000   0.00000E-07
      19.79165649   0.00000E-07
      19.83334351   0.00000E-07
      19.87500000   0.00000E-07
      19.91665649   0.00000E-07
      19.95834351   0.00000E-07
      20.00000000   0.00000E-07
      20.04165649   0.00000E-07
      20.08334351   0.00000E-07
      20.12500000   0.00000E-07
      20.16665649   0.00000E-07
      20.20834351   0.00000E-07
      20.25000000   0.00000E-07
      20.29165649   0.00000E-07
      20.33334351   0.00000E-07
      20.37500000   0.00000E-07
      20.41665649   0.00000E-07
      20.45834351   0.00000E-07
      20.50000000   0.00000E-07
      20.54165649   0.00000E-07
      20.58334351   0.00000E-07
      20.62500000   0.00000E-07
      20.66665649   0.00000E-07
      20.70834351   0.00000E-07
      20.75000000   0.00000E-07
      20.79165649   0.00000E-07
      20.83334351   0.00000E-07
      20.87500000   0.00000E-07
      20.91665649   0.00000E-07
      20.95834351   0.00000E-07
      21.00000000   0.00000E-07
      21.04165649   0.00000E-07
      21.08334351   0.00000E-07
      21.12500000   0.00000E-07
      21.16665649   0.00000E-07
      21.20834351   0.00000E-07
      21.25000000   0.00000E-07
      21.29165649   0.00000E-07
      21.33334351   0.00000E-07
      21.37500000   0.00000E-07
      21.41665649   0.00000E-07
      21.45834351   0.00000E-07
      21.50000000   0.00000E-07
      21.54165649   0.00000E-07
      21.58334351   0.00000E-07
      21.62500000   0.00000E-07
      21.66665649   0.00000E-07
      21.70834351   0.00000E-07
      21.75000000   0.00000E-07
      21.79165649   0.00000E-07
      21.83334351   0.00000E-07
      21.87500000   0.00000E-07
      21.91665649   0.00000E-07
      21.95834351   0.00000E-07
      22.00000000   0.00000E-07
      22.04165649   0.00000E-07
      22.08334351   0.00000E-07
      22.12500000   0.00000E-07
      22.16665649   0.00000E-07
      22.20834351   0.00000E-07
      22.25000000   0.00000E-07
      22.29165649   0.00000E-07
      22.33334351   0.00000E-07
      22.37500000   0.00000E-07
      22.41665649   0.00000E-07
      22.45834351   0.00000E-07
      22.50000000   0.00000E-07
      22.54165649   0.00000E-07
      22.58334351   0.00000E-07
      22.62500000   0.00000E-07
      22.66665649   0.00000E-07
      22.70834351   0.00000E-07
      22.75000000   0.00000E-07
      22.79165649   0.00000E-07
      22.83334351   0.00000E-07
      22.87500000   0.00000E-07
      22.91665649   0.00000E-07
      22.95834351   0.00000E-07
      23.00000000   0.00000E-07
      23.04165649   0.00000E-07
      23.08334351   0.00000E-07
      23.12500000   0.00000E-07
      23.16665649   0.00000E-07
      23.20834351   0.00000E-07
      23.25000000   0.00000E-07
      23.29165649   0.00000E-07
      23.33334351   0.00000E-07
      23.37500000   0.00000E-07
      23.41665649   0.00000E-07
      23.45834351   0.00000E-07
      23.50000000   0.00000E-07
      23.54165649   0.00000E-07
      23.58334351   0.00000E-07
      23.62500000   0.00000E-07
      23.66665649   0.00000E-07
      23.70834351   0.00000E-07
      23.75000000   0.00000E-07
      23.79165649   0.00000E-07
      23.83334351   0.00000E-07
      23.87500000   0.00000E-07
      23.91665649   0.00000E-07
      23.95834351   0.00000E-07
      24.00000000   0.00000E-07
      24.04165649   0.00000E-07
      24.08334351   0.00000E-07
      24.12500000   0.00000E-07
      24.16665649   0.00000E-07
      24.20834351   0.00000E-07
      24.25000000   0.00000E-07
      24.29165649   0.00000E-07
      24.33334351   0.00000E-07
      24.37500000   0.00000E-07
      24.41665649   0.00000E-07
      24.45834351   0.00000E-07
      24.50000000   0.00000E-07
      24.54165649   0.00000E-07
      24.58334351   0.00000E-07
      24.62500000   0.00000E-07
      24.66665649   0.00000E-07
      24.70834351   0.00000E-07
      24.75000000   0.00000E-07
      24.79165649   0.00000E-07
      24.83334351   0.00000E-07
      24.87500000   0.00000E-07
      24.91665649   0.00000E-07
      24.95834351   0.00000E-07
      25.00000000   0.00000E-07
      25.04165649   0.00000E-07
      25.08334351   0.00000E-07
      25.12500000   0.00000E-07
      25.16665649   0.00000E-07
      25.20834351   0.00000E-07
      25.25000000   0.00000E-07
      25.29165649   0.00000E-07
      25.33334351   0.00000E-07
      25.37500000   0.00000E-07
      25.41665649   0.00000E-07
      25.45834351   0.00000E-07
      25.50000000   0.00000E-07
      25.54165649   0.00000E-07
      25.58334351   0.00000E-07
      25.62500000   0.00000E-07
      25.66665649   0.00000E-07
      25.70834351   0.00000E-07
      25.75000000   0.00000E-07
      25.79165649   0.00000E-07
      25.83334351   0.00000E-07
      25.87500000   0.00000E-07
      25.91665649   0.00000E-07
      25.95834351   0.00000E-07
      26.00000000   0.00000E-07
      26.04165649   0.00000E-07
      26.08334351   0.00000E-07
      26.12500000   0.00000E-07
      26.16665649   0.00000E-07
      26.20834351   0.00000E-07
      26.25000000   0.00000E-07
      26.29165649   0.00000E-07
      26.33334351   0.00000E-07
      26.37500000   0.00000E-07
      26.41665649   0.00000E-07
      26.45834351   0.00000E-07
      26.50000000   0.00000E-07
      26.54165649   0.00000E-07
      26.58334351   0.00000E-07
      26.62500000   0.00000E-07
      26.66665649   0.00000E-07
      26.70834351   0.00000E-07
      26.75000000   0.00000E-07
      26.79165649   0.00000E-07
      26.83334351   0.00000E-07
      26.87500000   0.00000E-07
      26.91665649   0.00000E-07
      26.95834351   0.00000E-07
      27.00000000   0.00000E-07
      27.04165649   0.00000E-07
      27.08334351   0.00000E-07
      27.12500000   0.00000E-07
      27.16665649   0.00000E-07
      27.20834351   0.00000E-07
      27.25000000   0.00000E-07
      27.29165649   0.00000E-07
      27.33334351   0.00000E-07
      27.37500000   0.00000E-07
      27.41665649   0.00000E-07
      27.45834351   0.00000E-07
      27.50000000   0.00000E-07
      27.54165649   0.00000E-07
      27.58334351   0.00000E-07
      27.62500000   0.00000E-07
      27.66665649   0.00000E-07
      27.70834351   0.00000E-07
      27.75000000   0.00000E-07
      27.79165649   0.00000E-07
      27.83334351   0.00000E-07
      27.87500000   0.00000E-07
      27.91665649   0.00000E-07
      27.95834351   0.00000E-07
      28.00000000   0.00000E-07
      28.04165649   0.00000E-07
      28.08334351   0.00000E-07
      28.12500000   0.00000E-07
      28.16665649   0.00000E-07
      28.20834351   0.00000E-07
      28.25000000   0.00000E-07
      28.29165649   0.00000E-07
      28.33334351   0.00000E-07
      28.37500000   0.00000E-07
      28.41665649   0.00000E-07
      28.45834351   0.00000E-07
      28.50000000   0.00000E-07
      28.54165649   0.00000E-07
      28.58334351   0.00000E-07
      28.62500000   0.00000E-07
      28.66665649   0.00000E-07
      28.70834351   0.00000E-07
      28.75000000   0.00000E-07
      28.79165649   0.00000E-07
      28.83334351   0.00000E-07
      28.87500000   0.00000E-07
      28.91665649   0.00000E-07
      28.95834351   0.00000E-07
      29.00000000   0.00000E-07
      29.04165649   0.00000E-07
      29.08334351   0.00000E-07
      29.12500000   0.00000E-07
      29.16665649   0.00000E-07
      29.20834351   0.00000E-07
      29.25000000   0.00000E-07
      29.29165649   0.00000E-07
      29.33334351   0.00000E-07
      29.37500000   0.00000E-07
      29.41665649   0.00000E-07
      29.45834351   0.00000E-07
      29.50000000   0.00000E-07
      29.54165649   0.00000E-07
      29.58334351   0.00000E-07
      29.62500000   0.00000E-07
      29.66665649   0.00000E-07
      29.70834351   0.00000E-07
      29.75000000   0.00000E-07
      29.79165649   0.00000E-07
      29.83334351   0.00000E-07
      29.87500000   0.00000E-07
      29.91665649   0.00000E-07
      29.95834351   0.00000E-07
      30.00000000   0.00000E-07
      30.04165649   0.00000E-07
      30.08334351   0.00000E-07
      30.12500000   0.00000E-07
      30.16665649   0.00000E-07
      30.20834351   0.00000E-07
      30.25000000   0.00000E-07
      30.29165649   0.00000E-07
      30.33334351   0.00000E-07
      30.37500000   0.00000E-07
      30.41665649   0.00000E-07
      30.45834351   0.00000E-07
      30.50000000   0.00000E-07
      30.54165649   0.00000E-07
      30.58334351   0.00000E-07
      30.62500000   0.00000E-07
      30.66665649   0.00000E-07
      30.70834351   0.00000E-07
      30.75000000   0.00000E-07
      30.79165649   0.00000E-07
      30.83334351   0.00000E-07
      30.87500000   0.00000E-07
      30.91665649   0.00000E-07
      30.95834351   0.00000E-07
      31.00000000   0.00000E-07
      31.04165649   0.00000E-07
      31.08334351   0.00000E-07
      31.12500000   0.00000E-07
      31.16665649   0.00000E-07
      31.20834351   0.00000E-07
      31.25000000   0.00000E-07
      31.29165649   0.00000E-07
      31.33334351   0.00000E-07
      31.37500000   0.00000E-07
      31.41665649   0.00000E-07
      31.45834351   0.00000E-07
      31.50000000   0.00000E-07
      31.54165649   0.00000E-07
      31.58334351   0.00000E-07
      31.62500000   0.00000E-07
      31.66665649   0.00000E-07
      31.70834351   0.00000E-07
      31.75000000   0.00000E-07
      31.79165649   0.00000E-07
      31.83334351   0.00000E-07
      31.87500000   0.00000E-07
      31.91665649   0.00000E-07
      31.95834351   0.00000E-07
      32.00000000   0.00000E-07
      32.04165649   0.00000E-07
      32.08334351   0.00000E-07
      32.12500000   0.00000E-07
      32.16665649   0.00000E-07
      32.20834351   0.00000E-07
      32.25000000   0.00000E-07
      32.29165649   0.00000E-07
      32.33334351   0.00000E-07
      32.37500000   0.00000E-07
      32.41665649   0.00000E-07
      32.45834351   0.00000E-07
      32.50000000   0.00000E-07
      32.54165649   0.00000E-07
      32.58334351   0.00000E-07
      32.62500000   0.00000E-07
      32.66665649   0.00000E-07
      32.70834351   0.00000E-07
      32.75000000   0.00000E-07
      32.79165649   0.00000E-07
      32.83334351   0.00000E-07
      32.87500000   0.00000E-07
      32.91665649   0.00000E-07
      32.95834351   0.00000E-07
      33.00000000   0.00000E-07
      33.04165649   0.00000E-07
      33.08334351   0.00000E-07
      33.12500000   0.00000E-07
      33.16665649   0.00000E-07
      33.20834351   0.00000E-07
      33.25000000   0.00000E-07
      33.29165649   0.00000E-07
      33.33334351   0.00000E-07
      33.37500000   0.00000E-07
      33.41665649   0.00000E-07
      33.45834351   0.00000E-07
      33.50000000   0.00000E-07
      33.54165649   0.00000E-07
      33.58334351   0.00000E-07
      33.62500000   0.00000E-07
      33.66665649   0.00000E-07
      33.70834351   0.00000E-07
      33.75000000   0.00000E-07
      33.79165649   0.00000E-07
      33.83334351   0.00000E-07
      33.87500000   0.00000E-07
      33.91665649   0.00000E-07
      33.95834351   0.00000E-07
      34.00000000   0.00000E-07
      34.04165649   0.00000E-07
      34.08334351   0.00000E-07
      34.12500000   0.00000E-07
      34.16665649   0.00000E-07
      34.20834351   0.00000E-07
      34.25000000   0.00000E-07
      34.29165649   0.00000E-07
      34.33334351   0.00000E-07
      34.37500000   0.00000E-07
      34.41665649   0.00000E-07
      34.45834351   0.00000E-07
      34.50000000   0.00000E-07
      34.54165649   0.00000E-07
      34.58334351   0.00000E-07
      34.62500000   0.00000E-07
      34.66665649   0.00000E-07
      34.70834351   0.00000E-07
      34.75000000   0.00000E-07
      34.79165649   0.00000E-07
      34.83334351   0.00000E-07
      34.87500000   0.00000E-07
      34.91665649   0.00000E-07
      34.95834351   0.00000E-07
      35.00000000   0.00000E-07
      35.04165649   0.00000E-07
      35.08334351   0.00000E-07
      35.12500000   0.00000E-07
      35.16665649   0.00000E-07
      35.20834351   0.00000E-07
      35.25000000   0.00000E-07
      35.29165649   0.00000E-07
      35.33334351   0.00000E-07
      35.37500000   0.00000E-07
      35.41665649   0.00000E-07
      35.45834351   0.00000E-07
      35.50000000   0.00000E-07
      35.54165649   0.00000E-07
      35.58334351   0.00000E-07
      35.62500000   0.00000E-07
      35.66665649   0.00000E-07
      35.70834351   0.00000E-07
      35.75000000   0.00000E-07
      35.79165649   0.00000E-07
      35.83334351   0.00000E-07
      35.87500000   0.00000E-07
      35.91665649   0.00000E-07
      35.95834351   0.00000E-07
      36.00000000   0.00000E-07
      36.04165649   0.00000E-07
      36.08334351   0.00000E-07
      36.12500000   0.00000E-07
      36.16665649   0.00000E-07
      36.20834351   0.00000E-07
      36.25000000   0.00000E-07
      36.29165649   0.00000E-07
      36.33334351   0.00000E-07
      36.37500000   0.00000E-07
      36.41665649   0.00000E-07
      36.45834351   0.00000E-07
      36.50000000   0.00000E-07
      36.54165649   0.00000E-07
      36.58334351   0.00000E-07
      36.62500000   0.00000E-07
      36.66665649   0.00000E-07
      36.70834351   0.00000E-07
      36.75000000   0.00000E-07
      36.79165649   0.00000E-07
      36.83334351   0.00000E-07
      36.87500000   0.00000E-07
      36.91665649   0.00000E-07
      36.95834351   0.00000E-07
      37.00000000   0.00000E-07
      37.04165649   0.00000E-07
      37.08334351   0.00000E-07
      37.12500000   0.00000E-07
      37.16665649   0.00000E-07
      37.20834351   0.00000E-07
      37.25000000   0.00000E-07
      37.29165649   0.00000E-07
      37.33334351   0.00000E-07
      37.37500000   0.00000E-07
      37.41665649   0.00000E-07
      37.45834351   0.00000E-07
      37.50000000   0.00000E-07
      37.54165649   0.00000E-07
      37.58334351   0.00000E-07
      37.62500000   0.00000E-07
      37.66665649   0.00000E-07
      37.70834351   0.00000E-07
      37.75000000   0.00000E-07
      37.79165649   0.00000E-07
      37.83334351   0.00000E-07
      37.87500000   0.00000E-07
      37.91665649   0.00000E-07
      37.95834351   0.00000E-07
      38.00000000   0.00000E-07
      38.04165649   0.00000E-07
      38.08334351   0.00000E-07
      38.12500000   0.00000E-07
      38.16665649   0.00000E-07
      38.20834351   0.00000E-07
      38.25000000   0.00000E-07
      38.29165649   0.00000E-07
      38.33334351   0.00000E-07
      38.37500000   0.00000E-07
      38.41665649   0.00000E-07
      38.45834351   0.00000E-07
      38.50000000   0.00000E-07
      38.54165649   0.00000E-07
      38.58334351   0.00000E-07
      38.62500000   0.00000E-07
      38.66665649   0.00000E-07
      38.70834351   0.00000E-07
      38.75000000   0.00000E-07
      38.79165649   0.00000E-07
      38.83334351   0.00000E-07
      38.87500000   0.00000E-07
      38.91665649   0.00000E-07
      38.95834351   0.00000E-07
      39.00000000   0.00000E-07
      39.04165649   0.00000E-07
      39.08334351   0.00000E-07
      39.12500000   0.00000E-07
      39.16665649   0.00000E-07
      39.20834351   0.00000E-07
      39.25000000   0.00000E-07
      39.29165649   0.00000E-07
      39.33334351   0.00000E-07
      39.37500000   0.00000E-07
      39.41665649   0.00000E-07
      39.45834351   0.00000E-07
      39.50000000   0.00000E-07
      39.54165649   0.00000E-07
      39.58334351   0.00000E-07
      39.62500000   0.00000E-07
      39.66665649   0.00000E-07
      39.70834351   0.00000E-07
      39.75000000   0.00000E-07
      39.79165649   0.00000E-07
      39.83334351   0.00000E-07
      39.87500000   0.00000E-07
      39.91665649   0.00000E-07
      39.95834351   0.00000E-07
      40.00000000   0.00000E-07
      40.04165649   0.00000E-07
      40.08334351   0.00000E-07
      40.12500000   0.00000E-07
      40.16665649   0.00000E-07
      40.20834351   0.00000E-07
      40.25000000   0.00000E-07
      40.29165649   0.00000E-07
      40.33334351   0.00000E-07
      40.37500000   0.00000E-07
      40.41665649   0.00000E-07
      40.45834351   0.00000E-07
      40.50000000   0.00000E-07
      40.54165649   0.00000E-07
      40.58334351   0.00000E-07
      40.62500000   0.00000E-07
      40.66665649   0.00000E-07
      40.70834351   0.00000E-07
      40.75000000   0.00000E-07
      40.79165649   0.00000E-07
      40.83334351   0.00000E-07
      40.87500000   0.00000E-07
      40.91665649   0.00000E-07
      40.95834351   0.00000E-07
      41.00000000   0.00000E-07
      41.04165649   0.00000E-07
      41.08334351   0.00000E-07
      41.12500000   0.00000E-07
      41.16665649   0.00000E-07
      41.20834351   0.00000E-07
      41.25000000   0.00000E-07
      41.29165649   0.00000E-07
      41.33334351   0.00000E-07
      41.37500000   0.00000E-07
      41.41665649   0.00000E-07
      41.45834351   0.00000E-07
      41.50000000   0.00000E-07
      41.54165649   0.00000E-07
      41.58334351   0.00000E-07
      41.62500000   0.00000E-07
      41.66665649   0.00000E-07
      41.70834351   0.00000E-07
      41.75000000   0.00000E-07
      41.79165649   0.00000E-07
      41.83334351   0.00000E-07
      41.87500000   0.00000E-07
      41.91665649   0.00000E-07
      41.95834351   0.00000E-07
      42.00000000   0.00000E-07
      42.04165649   0.00000E-07
      42.08334351   0.00000E-07
      42.12500000   0.00000E-07
      42.16665649   0.00000E-07
      42.20834351   0.00000E-07
      42.25000000   0.00000E-07
      42.29165649   0.00000E-07
      42.33334351   0.00000E-07
      42.37500000   0.00000E-07
      42.41665649   0.00000E-07
      42.45834351   0.00000E-07
      42.50000000   0.00000E-07
      42.54165649   0.00000E-07
      42.58334351   0.00000E-07
      42.62500000   0.00000E-07
      42.66665649   0.00000E-07
      42.70834351   0.00000E-07
      42.75000000   0.00000E-07
      42.79165649   0.00000E-07
      42.83334351   0.00000E-07
      42.87500000   0.00000E-07
      42.91665649   0.00000E-07
      42.95834351   0.00000E-07
      43.00000000   0.00000E-07
      43.04165649   0.00000E-07
      43.08334351   0.00000E-07
      43.12500000   0.00000E-07
      43.16665649   0.00000E-07
      43.20834351   0.00000E-07
      43.25000000   0.00000E-07
      43.29165649   0.00000E-07
      43.33334351   0.00000E-07
      43.37500000   0.00000E-07
      43.41665649   0.00000E-07
      43.45834351   0.00000E-07
      43.50000000   0.00000E-07
      43.54165649   0.00000E-07
      43.58334351   0.00000E-07
      43.62500000   0.00000E-07
      43.66665649   0.00000E-07
      43.70834351   0.00000E-07
      43.75000000   0.00000E-07
      43.79165649   0.00000E-07
      43.83334351   0.00000E-07
      43.87500000   0.00000E-07
      43.91665649   0.00000E-07
      43.95834351   0.00000E-07
      44.00000000   0.00000E-07
      44.04165649   0.00000E-07
      44.08334351   0.00000E-07
      44.12500000   0.00000E-07
      44.16665649   0.00000E-07
      44.20834351   0.00000E-07
      44.25000000   0.00000E-07
      44.29165649   0.00000E-07
      44.33334351   0.00000E-07
      44.37500000   0.00000E-07
      44.41665649   0.00000E-07
      44.45834351   0.00000E-07
      44.50000000   0.00000E-07
      44.54165649   0.00000E-07
      44.58334351   0.00000E-07
      44.62500000   0.00000E-07
      44.66665649   0.00000E-07
      44.70834351   0.00000E-07
      44.75000000   0.00000E-07
      44.79165649   0.00000E-07
      44.83334351   0.00000E-07
      44.87500000   0.00000E-07
      44.91665649   0.00000E-07
      44.95834351   0.00000E-07
      45.00000000   0.00000E-07
      45.04165649   0.00000E-07
      45.08334351   0.00000E-07
      45.12500000   0.00000E-07
      45.16665649   0.00000E-07
      45.20834351   0.00000E-07
      45.25000000   0.00000E-07
      45.29165649   0.00000E-07
      45.33334351   0.00000E-07
      45.37500000   0.00000E-07
      45.41665649   0.00000E-07
      45.45834351   0.00000E-07
      45.50000000   0.00000E-07
      45.54165649   0.00000E-07
      45.58334351   0.00000E-07
      45.62500000   0.00000E-07
      45.66665649   0.00000E-07
      45.70834351   0.00000E-07
      45.75000000   0.00000E-07
      45.79165649   0.00000E-07
      45.83334351   0.00000E-07
      45.87500000   0.00000E-07
      45.91665649   0.00000E-07
      45.95834351   0.00000E-07
      46.00000000   0.00000E-07
      46.04165649   0.00000E-07
      46.08334351   0.00000E-07
      46.12500000   0.00000E-07
      46.16665649   0.00000E-07
      46.20834351   0.00000E-07
      46.25000000   0.00000E-07
      46.29165649   0.00000E-07
      46.33334351   0.00000E-07
      46.37500000   0.00000E-07
      46.41665649   0.00000E-07
      46.45834351   0.00000E-07
      46.50000000   0.00000E-07
      46.54165649   0.00000E-07
      46.58334351   0.00000E-07
      46.62500000   0.00000E-07
      46.66665649   0.00000E-07
      46.70834351   0.00000E-07
      46.75000000   0.00000E-07
      46.79165649   0.00000E-07
      46.83334351   0.00000E-07
      46.87500000   0.00000E-07
      46.91665649   0.00000E-07
      46.95834351   0.00000E-07
      47.00000000   0.00000E-07
      47.04165649   0.00000E-07
      47.08334351   0.00000E-07
      47.12500000   0.00000E-07
      47.16665649   0.00000E-07
      47.20834351   0.00000E-07
      47.25000000   0.00000E-07
      47.29165649   0.00000E-07
      47.33334351   0.00000E-07
      47.37500000   0.00000E-07
      47.41665649   0.00000E-07
      47.45834351   0.00000E-07
      47.50000000   0.00000E-07
      47.54165649   0.00000E-07
      47.58334351   0.00000E-07
      47.62500000   0.00000E-07
      47.66665649   0.00000E-07
      47.70834351   0.00000E-07
      47.75000000   0.00000E-07
      47.79165649   0.00000E-07
      47.83334351   0.00000E-07
      47.87500000   0.00000E-07
      47.91665649   0.00000E-07
      47.95834351   0.00000E-07
      48.00000000   0.00000E-07
      48.04165649   0.00000E-07
      48.08334351   0.00000E-07
      48.12500000   0.00000E-07
      48.16665649   0.00000E-07
      48.20834351   0.00000E-07
      48.25000000   0.00000E-07
      48.29165649   0.00000E-07
      48.33334351   0.00000E-07
      48.37500000   0.00000E-07
      48.41665649   0.00000E-07
      48.45834351   0.00000E-07
      48.50000000   0.00000E-07
      48.54165649   0.00000E-07
      48.58334351   0.00000E-07
      48.62500000   0.00000E-07
      48.66665649   0.00000E-07
      48.70834351   0.00000E-07
      48.75000000   0.00000E-07
      48.79165649   0.00000E-07
      48.83334351   0.00000E-07
      48.87500000   0.00000E-07
      48.91665649   0.00000E-07
      48.95834351   0.00000E-07
      49.00000000   0.00000E-07
      49.04165649   0.00000E-07
      49.08334351   0.00000E-07
      49.12500000   0.00000E-07
      49.16665649   0.00000E-07
      49.20834351   0.00000E-07
      49.25000000   0.00000E-07
      49.29165649   0.00000E-07
      49.33334351   0.00000E-07
      49.37500000   0.00000E-07
      49.41665649   0.00000E-07
      49.45834351   0.00000E-07
      49.50000000   0.00000E-07
      49.54165649   0.00000E-07
      49.58334351   0.00000E-07
      49.62500000   0.00000E-07
      49.66665649   0.00000E-07
      49.70834351   0.00000E-07
      49.75000000   0.00000E-07
      49.79165649   0.00000E-07
      49.83334351   0.00000E-07
      49.87500000   0.00000E-07
      49.91665649   0.00000E-07
      49.95834351   0.00000E-07
      50.00000000   0.00000E-07
      50.04165649   0.00000E-07
      50.08334351   0.00000E-07
      50.12500000   0.00000E-07
      50.16665649   0.00000E-07
      50.20834351   0.00000E-07
      50.25000000   0.00000E-07
      50.29165649   0.00000E-07
      50.33334351   0.00000E-07
      50.37500000   0.00000E-07
      50.41665649   0.00000E-07
      50.45834351   0.00000E-07
      50.50000000   0.00000E-07
      50.54165649   0.00000E-07
      50.58334351   0.00000E-07
      50.62500000   0.00000E-07
      50.66665649   0.00000E-07
      50.70834351   0.00000E-07
      50.75000000   0.00000E-07
      50.79165649   0.00000E-07
      50.83334351   0.00000E-07
      50.87500000   0.00000E-07
      50.91665649   0.00000E-07
      50.95834351   0.00000E-07
      51.00000000   0.00000E-07
      51.04165649   0.00000E-07
      51.08334351   0.00000E-07
      51.12500000   0.00000E-07
      51.16665649   0.00000E-07
      51.20834351   0.00000E-07
      51.25000000   0.00000E-07
      51.29165649   0.00000E-07
      51.33334351   0.00000E-07
      51.37500000   0.00000E-07
      51.41665649   0.00000E-07
      51.45834351   0.00000E-07
      51.50000000   0.00000E-07
      51.54165649   0.00000E-07
      51.58334351   0.00000E-07
      51.62500000   0.00000E-07
      51.66665649   0.00000E-07
      51.70834351   0.00000E-07
      51.75000000   0.00000E-07
      51.79165649   0.00000E-07
      51.83334351   0.00000E-07
      51.87500000   0.00000E-07
      51.91665649   0.00000E-07
      51.95834351   0.00000E-07
      52.00000000   0.00000E-07
      52.04165649   0.00000E-07
      52.08334351   0.00000E-07
      52.12500000   0.00000E-07
      52.16665649   0.00000E-07
      52.20834351   0.00000E-07
      52.25000000   0.00000E-07
      52.29165649   0.00000E-07
      52.33334351   0.00000E-07
      52.37500000   0.00000E-07
      52.41665649   0.00000E-07
      52.45834351   0.00000E-07
      52.50000000   0.00000E-07
      52.54165649   0.00000E-07
      52.58334351   0.00000E-07
      52.62500000   0.00000E-07
      52.66665649   0.00000E-07
      52.70834351   0.00000E-07
      52.75000000   0.00000E-07
      52.79165649   0.00000E-07
      52.83334351   0.00000E-07
      52.87500000   0.00000E-07
      52.91665649   0.00000E-07
      52.95834351   0.00000E-07
      53.00000000   0.00000E-07
      53.04165649   0.00000E-07
      53.08334351   0.00000E-07
      53.12500000   0.00000E-07
      53.16665649   0.00000E-07
      53.20834351   0.00000E-07
      53.25000000   0.00000E-07
      53.29165649   0.00000E-07
      53.33334351   0.00000E-07
      53.37500000   0.00000E-07
      53.41665649   0.00000E-07
      53.45834351   0.00000E-07
      53.50000000   0.00000E-07
      53.54165649   0.00000E-07
      53.58334351   0.00000E-07
      53.62500000   0.00000E-07
      53.66665649   0.00000E-07
      53.70834351   0.00000E-07
      53.75000000   0.00000E-07
      53.79165649   0.00000E-07
      53.83334351   0.00000E-07
      53.87500000   0.00000E-07
      53.91665649   0.00000E-07
      53.95834351   0.00000E-07
      54.00000000   0.00000E-07
      54.04165649   0.00000E-07
      54.08334351   0.00000E-07
      54.12500000   0.00000E-07
      54.16665649   0.00000E-07
      54.20834351   0.00000E-07
      54.25000000   0.00000E-07
      54.29165649   0.00000E-07
      54.33334351   0.00000E-07
      54.37500000   0.00000E-07
      54.41665649   0.00000E-07
      54.45834351   0.00000E-07
      54.50000000   0.00000E-07
      54.54165649   0.00000E-07
      54.58334351   0.00000E-07
      54.62500000   0.00000E-07
      54.66665649   0.00000E-07
      54.70834351   0.00000E-07
      54.75000000   0.00000E-07
      54.79165649   0.00000E-07
      54.83334351   0.00000E-07
      54.87500000   0.00000E-07
      54.91665649   0.00000E-07
      54.95834351   0.00000E-07
      55.00000000   0.00000E-07
      55.04165649   0.00000E-07
      55.08334351   0.00000E-07
      55.12500000   0.00000E-07
      55.16665649   0.00000E-07
      55.20834351   0.00000E-07
      55.25000000   0.00000E-07
      55.29165649   0.00000E-07
      55.33334351   0.00000E-07
      55.37500000   0.00000E-07
      55.41665649   0.00000E-07
      55.45834351   0.00000E-07
      55.50000000   0.00000E-07
      55.54165649   0.00000E-07
      55.58334351   0.00000E-07
      55.62500000   0.00000E-07
      55.66665649   0.00000E-07
      55.70834351   0.00000E-07
      55.75000000   0.00000E-07
      55.79165649   0.00000E-07
      55.83334351   0.00000E-07
      55.87500000   0.00000E-07
      55.91665649   0.00000E-07
      55.95834351   0.00000E-07
      56.00000000   0.00000E-07
      56.04165649   0.00000E-07
      56.08334351   0.00000E-07
      56.12500000   0.00000E-07
      56.16665649   0.00000E-07
      56.20834351   0.00000E-07
      56.25000000   0.00000E-07
      56.29165649   0.00000E-07
      56.33334351   0.00000E-07
      56.37500000   0.00000E-07
      56.41665649   0.00000E-07
      56.45834351   0.00000E-07
      56.50000000   0.00000E-07
      56.54165649   0.00000E-07
      56.58334351   0.00000E-07
      56.62500000   0.00000E-07
      56.66665649   0.00000E-07
      56.70834351   0.00000E-07
      56.75000000   0.00000E-07
      56.79165649   0.00000E-07
      56.83334351   0.00000E-07
      56.87500000   0.00000E-07
      56.91665649   0.00000E-07
      56.95834351   0.00000E-07
      57.00000000   0.00000E-07
      57.04165649   0.00000E-07
      57.08334351   0.00000E-07
      57.12500000   0.00000E-07
      57.16665649   0.00000E-07
      57.20834351   0.00000E-07
      57.25000000   0.00000E-07
      57.29165649   0.00000E-07
      57.33334351   0.00000E-07
      57.37500000   0.00000E-07
      57.41665649   0.00000E-07
      57.45834351   0.00000E-07
      57.50000000   0.00000E-07
      57.54165649   0.00000E-07
      57.58334351   0.00000E-07
      57.62500000   0.00000E-07
      57.66665649   0.00000E-07
      57.70834351   0.00000E-07
      57.75000000   0.00000E-07
      57.79165649   0.00000E-07
      57.83334351   0.00000E-07
      57.87500000   0.00000E-07
      57.91665649   0.00000E-07
      57.95834351   0.00000E-07
      58.00000000   0.00000E-07
      58.04165649   0.00000E-07
      58.08334351   0.00000E-07
      58.12500000   0.00000E-07
      58.16665649   0.00000E-07
      58.20834351   0.00000E-07
      58.25000000   0.00000E-07
      58.29165649   0.00000E-07
      58.33334351   0.00000E-07
      58.37500000   0.00000E-07
      58.41665649   0.00000E-07
      58.45834351   0.00000E-07
      58.50000000   0.00000E-07
      58.54165649   0.00000E-07
      58.58334351   0.00000E-07
      58.62500000   0.00000E-07
      58.66665649   0.00000E-07
      58.70834351   0.00000E-07
      58.75000000   0.00000E-07
      58.79165649   0.00000E-07
      58.83334351   0.00000E-07
      58.87500000   0.00000E-07
      58.91665649   0.00000E-07
      58.95834351   0.00000E-07
      59.00000000   0.00000E-07
      59.04165649   0.00000E-07
      59.08334351   0.00000E-07
      59.12500000   0.00000E-07
      59.16665649   0.00000E-07
      59.20834351   0.00000E-07
      59.25000000   0.00000E-07
      59.29165649   0.00000E-07
      59.33334351   0.00000E-07
      59.37500000   0.00000E-07
      59.41665649   0.00000E-07
      59.45834351   0.00000E-07
      59.50000000   0.00000E-07
      59.54165649   0.00000E-07
      59.58334351   0.00000E-07
      59.62500000   0.00000E-07
      59.66665649   0.00000E-07
      59.70834351   0.00000E-07
      59.75000000   0.00000E-07
      59.79165649   0.00000E-07
      59.83334351   0.00000E-07
      59.87500000   0.00000E-07
      59.91665649   0.00000E-07
      59.95834351   0.00000E-07
      60.00000000   0.00000E-07
      60.04165649   0.00000E-07
      60.08334351   0.00000E-07
      60.12500000   0.00000E-07
      60.16665649   0.00000E-07
      60.20834351   0.00000E-07
      60.25000000   0.00000E-07
      60.29165649   0.00000E-07
      60.33334351   0.00000E-07
      60.37500000   0.00000E-07
      60.41665649   0.00000E-07
      60.45834351   0.00000E-07
      60.50000000   0.00000E-07
      60.54165649   0.00000E-07
      60.58334351   0.00000E-07
      60.62500000   0.00000E-07
      60.66665649   0.00000E-07
      60.70834351   0.00000E-07
      60.75000000   0.00000E-07
      60.79165649   0.00000E-07
      60.83334351   0.00000E-07
      60.87500000   0.00000E-07
      60.91665649   0.00000E-07
      60.95834351   0.00000E-07
      61.00000000   0.00000E-07
      61.04165649   0.00000E-07
      61.08334351   0.00000E-07
      61.12500000   0.00000E-07
      61.16665649   0.00000E-07
      61.20834351   0.00000E-07
      61.25000000   0.00000E-07
      61.29165649   0.00000E-07
      61.33334351   0.00000E-07
      61.37500000   0.00000E-07
      61.41665649   0.00000E-07
      61.45834351   0.00000E-07
      61.50000000   0.00000E-07
      61.54165649   0.00000E-07
      61.58334351   0.00000E-07
      61.62500000   0.00000E-07
      61.66665649   0.00000E-07
      61.70834351   0.00000E-07
      61.75000000   0.00000E-07
      61.79165649   0.00000E-07
      61.83334351   0.00000E-07
      61.87500000   0.00000E-07
      61.91665649   0.00000E-07
      61.95834351   0.00000E-07
      62.00000000   0.00000E-07
      62.04165649   0.00000E-07
      62.08334351   0.00000E-07
      62.12500000   0.00000E-07
      62.16665649   0.00000E-07
      62.20834351   0.00000E-07
      62.25000000   0.00000E-07
      62.29165649   0.00000E-07
      62.33334351   0.00000E-07
      62.37500000   0.00000E-07
      62.41665649   0.00000E-07
      62.45834351   0.00000E-07
      62.50000000   0.00000E-07
      62.54165649   0.00000E-07
      62.58334351   0.00000E-07
      62.62500000   0.00000E-07
      62.66665649   0.00000E-07
      62.70834351   0.00000E-07
      62.75000000   0.00000E-07
      62.79165649   0.00000E-07
      62.83334351   0.00000E-07
      62.87500000   0.00000E-07
      62.91665649   0.00000E-07
      62.95834351   0.00000E-07
      63.00000000   0.00000E-07
      63.04165649   0.00000E-07
      63.08334351   0.00000E-07
      63.12500000   0.00000E-07
      63.16665649   0.00000E-07
      63.20834351   0.00000E-07
      63.25000000   0.00000E-07
      63.29165649   0.00000E-07
      63.33334351   0.00000E-07
      63.37500000   0.00000E-07
      63.41665649   0.00000E-07
      63.45834351   0.00000E-07
      63.50000000   0.00000E-07
      63.54165649   0.00000E-07
      63.58334351   0.00000E-07
      63.62500000   0.00000E-07
      63.66665649   0.00000E-07
      63.70834351   0.00000E-07
      63.75000000   0.00000E-07
      63.79165649   0.00000E-07
      63.83334351   0.00000E-07
      63.87500000   0.00000E-07
      63.91665649   0.00000E-07
      63.95834351   0.00000E-07
      64.00000000   0.00000E-07
      64.04165649   0.00000E-07
      64.08334351   0.00000E-07
      64.12500000   0.00000E-07
      64.16665649   0.00000E-07
      64.20834351   0.00000E-07
      64.25000000   0.00000E-07
      64.29165649   0.00000E-07
      64.33334351   0.00000E-07
      64.37500000   0.00000E-07
      64.41665649   0.00000E-07
      64.45834351   0.00000E-07
      64.50000000   0.00000E-07
      64.54165649   0.00000E-07
      64.58334351   0.00000E-07
      64.62500000   0.00000E-07
      64.66665649   0.00000E-07
      64.70834351   0.00000E-07
      64.75000000   0.00000E-07
      64.79165649   0.00000E-07
      64.83334351   0.00000E-07
      64.87500000   0.00000E-07
      64.91665649   0.00000E-07
      64.95834351   0.00000E-07
      65.00000000   0.00000E-07
      65.04165649   0.00000E-07
      65.08334351   0.00000E-07
      65.12500000   0.00000E-07
      65.16665649   0.00000E-07
      65.20834351   0.00000E-07
      65.25000000   0.00000E-07
      65.29165649   0.00000E-07
      65.33334351   0.00000E-07
      65.37500000   0.00000E-07
      65.41665649   0.00000E-07
      65.45834351   0.00000E-07
      65.50000000   0.00000E-07
      65.54165649   0.00000E-07
      65.58334351   0.00000E-07
      65.62500000   0.00000E-07
      65.66665649   0.00000E-07
      65.70834351   0.00000E-07
      65.75000000   0.00000E-07
      65.79165649   0.00000E-07
      65.83334351   0.00000E-07
      65.87500000   0.00000E-07
      65.91665649   0.00000E-07
      65.95834351   0.00000E-07
      66.00000000   0.00000E-07
      66.04165649   0.00000E-07
      66.08334351   0.00000E-07
      66.12500000   0.00000E-07
      66.16665649   0.00000E-07
      66.20834351   0.00000E-07
      66.25000000   0.00000E-07
      66.29165649   0.00000E-07
      66.33334351   0.00000E-07
      66.37500000   0.00000E-07
      66.41665649   0.00000E-07
      66.45834351   0.00000E-07
      66.50000000   0.00000E-07
      66.54165649   0.00000E-07
      66.58334351   0.00000E-07
      66.62500000   0.00000E-07
      66.66665649   0.00000E-07
      66.70834351   0.00000E-07
      66.75000000   0.00000E-07
      66.79165649   0.00000E-07
      66.83334351   0.00000E-07
      66.87500000   0.00000E-07
      66.91665649   0.00000E-07
      66.95834351   0.00000E-07
      67.00000000   0.00000E-07
      67.04165649   0.00000E-07
      67.08334351   0.00000E-07
      67.12500000   0.00000E-07
      67.16665649   0.00000E-07
      67.20834351   0.00000E-07
      67.25000000   0.00000E-07
      67.29165649   0.00000E-07
      67.33334351   0.00000E-07
      67.37500000   0.00000E-07
      67.41665649   0.00000E-07
      67.45834351   0.00000E-07
      67.50000000   0.00000E-07
      67.54165649   0.00000E-07
      67.58334351   0.00000E-07
      67.62500000   0.00000E-07
      67.66665649   0.00000E-07
      67.70834351   0.00000E-07
      67.75000000   0.00000E-07
      67.79165649   0.00000E-07
      67.83334351   0.00000E-07
      67.87500000   0.00000E-07
      67.91665649   0.00000E-07
      67.95834351   0.00000E-07
      68.00000000   0.00000E-07
      68.04165649   0.00000E-07
      68.08334351   0.00000E-07
      68.12500000   0.00000E-07
      68.16665649   0.00000E-07
      68.20834351   0.00000E-07
      68.25000000   0.00000E-07
      68.29165649   0.00000E-07
      68.33334351   0.00000E-07
      68.37500000   0.00000E-07
      68.41665649   0.00000E-07
      68.45834351   0.00000E-07
      68.50000000   0.00000E-07
      68.54165649   0.00000E-07
      68.58334351   0.00000E-07
      68.62500000   0.00000E-07
      68.66665649   0.00000E-07
      68.70834351   0.00000E-07
      68.75000000   0.00000E-07
      68.79165649   0.00000E-07
      68.83334351   0.00000E-07
      68.87500000   0.00000E-07
      68.91665649   0.00000E-07
      68.95834351   0.00000E-07
      69.00000000   0.00000E-07
      69.04165649   0.00000E-07
      69.08334351   0.00000E-07
      69.12500000   0.00000E-07
      69.16665649   0.00000E-07
      69.20834351   0.00000E-07
      69.25000000   0.00000E-07
      69.29165649   0.00000E-07
      69.33334351   0.00000E-07
      69.37500000   0.00000E-07
      69.41665649   0.00000E-07
      69.45834351   0.00000E-07
      69.50000000   0.00000E-07
      69.54165649   0.00000E-07
      69.58334351   0.00000E-07
      69.62500000   0.00000E-07
      69.66665649   0.00000E-07
      69.70834351   0.00000E-07
      69.75000000   0.00000E-07
      69.79165649   0.00000E-07
      69.83334351   0.00000E-07
      69.87500000   0.00000E-07
      69.91665649   0.00000E-07
      69.95834351   0.00000E-07
      70.00000000   0.00000E-07
      70.04165649   0.00000E-07
      70.08334351   0.00000E-07
      70.12500000   0.00000E-07
      70.16665649   0.00000E-07
      70.20834351   0.00000E-07
      70.25000000   0.00000E-07
      70.29165649   0.00000E-07
      70.33334351   0.00000E-07
      70.37500000   0.00000E-07
      70.41665649   0.00000E-07
      70.45834351   0.00000E-07
      70.50000000   0.00000E-07
      70.54165649   0.00000E-07
      70.58334351   0.00000E-07
      70.62500000   0.00000E-07
      70.66665649   0.00000E-07
      70.70834351   0.00000E-07
      70.75000000   0.00000E-07
      70.79165649   0.00000E-07
      70.83334351   0.00000E-07
      70.87500000   0.00000E-07
      70.91665649   0.00000E-07
      70.95834351   0.00000E-07
      71.00000000   0.00000E-07
      71.04165649   0.00000E-07
      71.08334351   0.00000E-07
      71.12500000   0.00000E-07
      71.16665649   0.00000E-07
      71.20834351   0.00000E-07
      71.25000000   0.00000E-07
      71.29165649   0.00000E-07
      71.33334351   0.00000E-07
      71.37500000   0.00000E-07
      71.41665649   0.00000E-07
      71.45834351   0.00000E-07
      71.50000000   0.00000E-07
      71.54165649   0.00000E-07
      71.58334351   0.00000E-07
      71.62500000   0.00000E-07
      71.66665649   0.00000E-07
      71.70834351   0.00000E-07
      71.75000000   0.00000E-07
      71.79165649   0.00000E-07
      71.83334351   0.00000E-07
      71.87500000   0.00000E-07
      71.91665649   0.00000E-07
      71.95834351   0.00000E-07
      72.00000000   0.00000E-07
      72.04165649   0.00000E-07
      72.08334351   0.00000E-07
      72.12500000   0.00000E-07
      72.16665649   0.00000E-07
      72.20834351   0.00000E-07
      72.25000000   0.00000E-07
      72.29165649   0.00000E-07
      72.33334351   0.00000E-07
      72.37500000   0.00000E-07
      72.41665649   0.00000E-07
      72.45834351   0.00000E-07
      72.50000000   0.00000E-07
      72.54165649   0.00000E-07
      72.58334351   0.00000E-07
      72.62500000   0.00000E-07
      72.66665649   0.00000E-07
      72.70834351   0.00000E-07
      72.75000000   0.00000E-07
      72.79165649   0.00000E-07
      72.83334351   0.00000E-07
      72.87500000   0.00000E-07
      72.91665649   0.00000E-07
      72.95834351   0.00000E-07
      73.00000000   0.00000E-07
      73.04165649   0.00000E-07
      73.08334351   0.00000E-07
      73.12500000   0.00000E-07
      73.16665649   0.00000E-07
      73.20834351   0.00000E-07
      73.25000000   0.00000E-07
      73.29165649   0.00000E-07
      73.33334351   0.00000E-07
      73.37500000   0.00000E-07
      73.41665649   0.00000E-07
      73.45834351   0.00000E-07
      73.50000000   0.00000E-07
      73.54165649   0.00000E-07
      73.58334351   0.00000E-07
      73.62500000   0.00000E-07
      73.66665649   0.00000E-07
      73.70834351   0.00000E-07
      73.75000000   0.00000E-07
      73.79165649   0.00000E-07
      73.83334351   0.00000E-07
      73.87500000   0.00000E-07
      73.91665649   0.00000E-07
      73.95834351   0.00000E-07
      74.00000000   0.00000E-07
      74.04165649   0.00000E-07
      74.08334351   0.00000E-07
      74.12500000   0.00000E-07
      74.16665649   0.00000E-07
      74.20834351   0.00000E-07
      74.25000000   0.00000E-07
      74.29165649   0.00000E-07
      74.33334351   0.00000E-07
      74.37500000   0.00000E-07
      74.41665649   0.00000E-07
      74.45834351   0.00000E-07
      74.50000000   0.00000E-07
      74.54165649   0.00000E-07
      74.58334351   0.00000E-07
      74.62500000   0.00000E-07
      74.66665649   0.00000E-07
      74.70834351   0.00000E-07
      74.75000000   0.00000E-07
      74.79165649   0.00000E-07
      74.83334351   0.00000E-07
      74.87500000   0.00000E-07
      74.91665649   0.00000E-07
      74.95834351   0.00000E-07
      75.00000000   0.00000E-07
      75.04165649   0.00000E-07
      75.08334351   0.00000E-07
      75.12500000   0.00000E-07
      75.16665649   0.00000E-07
      75.20834351   0.00000E-07
      75.25000000   0.00000E-07
      75.29165649   0.00000E-07
      75.33334351   0.00000E-07
      75.37500000   0.00000E-07
      75.41665649   0.00000E-07
      75.45834351   0.00000E-07
      75.50000000   0.00000E-07
      75.54165649   0.00000E-07
      75.58334351   0.00000E-07
      75.62500000   0.00000E-07
      75.66665649   0.00000E-07
      75.70834351   0.00000E-07
      75.75000000   0.00000E-07
      75.79165649   0.00000E-07
      75.83334351   0.00000E-07
      75.87500000   0.00000E-07
      75.91665649   0.00000E-07
      75.95834351   0.00000E-07
      76.00000000   0.00000E-07
      76.04165649   0.00000E-07
      76.08334351   0.00000E-07
      76.12500000   0.00000E-07
      76.16665649   0.00000E-07
      76.20834351   0.00000E-07
      76.25000000   0.00000E-07
      76.29165649   0.00000E-07
      76.33334351   0.00000E-07
      76.37500000   0.00000E-07
      76.41665649   0.00000E-07
      76.45834351   0.00000E-07
      76.50000000   0.00000E-07
      76.54165649   0.00000E-07
      76.58334351   0.00000E-07
      76.62500000   0.00000E-07
      76.66665649   0.00000E-07
      76.70834351   0.00000E-07
      76.75000000   0.00000E-07
      76.79165649   0.00000E-07
      76.83334351   0.00000E-07
      76.87500000   0.00000E-07
      76.91665649   0.00000E-07
      76.95834351   0.00000E-07
      77.00000000   0.00000E-07
      77.04165649   0.00000E-07
      77.08334351   0.00000E-07
      77.12500000   0.00000E-07
      77.16665649   0.00000E-07
      77.20834351   0.00000E-07
      77.25000000   0.00000E-07
      77.29165649   0.00000E-07
      77.33334351   0.00000E-07
      77.37500000   0.00000E-07
      77.41665649   0.00000E-07
      77.45834351   0.00000E-07
      77.50000000   0.00000E-07
      77.54165649   0.00000E-07
      77.58334351   0.00000E-07
      77.62500000   0.00000E-07
      77.66665649   0.00000E-07
      77.70834351   0.00000E-07
      77.75000000   0.00000E-07
      77.79165649   0.00000E-07
      77.83334351   0.00000E-07
      77.87500000   0.00000E-07
      77.91665649   0.00000E-07
      77.95834351   0.00000E-07
      78.00000000   0.00000E-07
      78.04165649   0.00000E-07
      78.08334351   0.00000E-07
      78.12500000   0.00000E-07
      78.16665649   0.00000E-07
      78.20834351   0.00000E-07
      78.25000000   0.00000E-07
      78.29165649   0.00000E-07
      78.33334351   0.00000E-07
      78.37500000   0.00000E-07
      78.41665649   0.00000E-07
      78.45834351   0.00000E-07
      78.50000000   0.00000E-07
      78.54165649   0.00000E-07
      78.58334351   0.00000E-07
      78.62500000   0.00000E-07
      78.66665649   0.00000E-07
      78.70834351   0.00000E-07
      78.75000000   0.00000E-07
      78.79165649   0.00000E-07
      78.83334351   0.00000E-07
      78.87500000   0.00000E-07
      78.91665649   0.00000E-07
      78.95834351   0.00000E-07
      79.00000000   0.00000E-07
      79.04165649   0.00000E-07
      79.08334351   0.00000E-07
      79.12500000   0.00000E-07
      79.16665649   0.00000E-07
      79.20834351   0.00000E-07
      79.25000000   0.00000E-07
      79.29165649   0.00000E-07
      79.33334351   0.00000E-07
      79.37500000   0.00000E-07
      79.41665649   0.00000E-07
      79.45834351   0.00000E-07
      79.50000000   0.00000E-07
      79.54165649   0.00000E-07
      79.58334351   0.00000E-07
      79.62500000   0.00000E-07
      79.66665649   0.00000E-07
      79.70834351   0.00000E-07
      79.75000000   0.00000E-07
      79.79165649   0.00000E-07
      79.83334351   0.00000E-07
      79.87500000   0.00000E-07
      79.91665649   0.00000E-07
      79.95834351   0.00000E-07
      80.00000000   0.0000E-07
      80.04165649   0.0000E-07
      80.08334351   0.0000E-07
      80.12500000   0.0000E-07
      80.16665649   0.0000E-07
      80.20834351   0.0000E-07
      80.25000000   0.0000E-07
      80.29165649   0.0000E-07
      80.33334351   0.0000E-07
      80.37500000   0.0000E-07
      80.41665649   0.0000E-07
      80.45834351   0.0000E-07
      80.50000000   0.0000E-07
      80.54165649   0.0000E-07
      80.58334351   0.0000E-07
      80.62500000   0.0000E-07
      80.66665649   0.0000E-07
      80.70834351   0.0000E-07
      80.75000000   0.0000E-07
      80.79165649   0.0000E-07
      80.83334351   0.0000E-07
      80.87500000   0.0000E-07
      80.91665649   0.0000E-07
      80.95834351   0.0000E-07
      81.00000000   0.0000E-07
      81.04165649   0.0000E-07
      81.08334351   0.0000E-07
      81.12500000   0.0000E-07
      81.16665649   0.0000E-07
      81.20834351   0.0000E-07
      81.25000000   0.0000E-07
      81.29165649   0.0000E-07
      81.33334351   0.0000E-07
      81.37500000   0.0000E-07
      81.41665649   0.0000E-07
      81.45834351   0.0000E-07
      81.50000000   0.0000E-07
      81.54165649   0.0000E-07
      81.58334351   0.0000E-07
      81.62500000   0.0000E-07
      81.66665649   0.0000E-07
      81.70834351   0.0000E-07
      81.75000000   0.0000E-07
      81.79165649   0.0000E-07
      81.83334351   0.0000E-07
      81.87500000   0.0000E-07
      81.91665649   0.0000E-07
      81.95834351   0.0000E-07
      82.00000000   0.0000E-07
      82.04165649   0.0000E-07
      82.08334351   0.0000E-07
      82.12500000   0.0000E-07
      82.16665649   0.0000E-07
      82.20834351   0.0000E-07
      82.25000000   0.0000E-07
      82.29165649   0.0000E-07
      82.33334351   0.0000E-07
      82.37500000   0.0000E-07
      82.41665649   0.0000E-07
      82.45834351   0.0000E-07
      82.50000000   0.0000E-07
      82.54165649   0.0000E-07
      82.58334351   0.0000E-07
      82.62500000   0.0000E-07
      82.66665649   0.0000E-07
      82.70834351   0.0000E-07
      82.75000000   0.0000E-07
      82.79165649   0.0000E-07
      82.83334351   0.0000E-07
      82.87500000   0.0000E-07
      82.91665649   0.0000E-07
      82.95834351   0.0000E-07
      83.00000000   0.0000E-07
      83.04165649   0.0000E-07
      83.08334351   0.0000E-07
      83.12500000   0.0000E-07
      83.16665649   0.0000E-07
      83.20834351   0.0000E-07
      83.25000000   0.0000E-07
      83.29165649   0.0000E-07
      83.33334351   0.0000E-07
      83.37500000   0.0000E-07
      83.41665649   0.0000E-07
      83.45834351   0.0000E-07
      83.50000000   0.0000E-07
      83.54165649   0.0000E-07
      83.58334351   0.0000E-07
      83.62500000   0.0000E-07
      83.66665649   0.0000E-07
      83.70834351   0.0000E-07
      83.75000000   0.0000E-07
      83.79165649   0.0000E-07
      83.83334351   0.0000E-07
      83.87500000   0.0000E-07
      83.91665649   0.0000E-07
      83.95834351   0.0000E-07
      84.00000000   0.0000E-07
      84.04165649   0.0000E-07
      84.08334351   0.0000E-07
      84.12500000   0.0000E-07
      84.16665649   0.0000E-07
      84.20834351   0.0000E-07
      84.25000000   0.0000E-07
      84.29165649   0.0000E-07
      84.33334351   0.0000E-07
      84.37500000   0.0000E-07
      84.41665649   0.0000E-07
      84.45834351   0.0000E-07
      84.50000000   0.0000E-07
      84.54165649   0.0000E-07
      84.58334351   0.0000E-07
      84.62500000   0.0000E-07
      84.66665649   0.0000E-07
      84.70834351   0.0000E-07
      84.75000000   0.0000E-07
      84.79165649   0.0000E-07
      84.83334351   0.0000E-07
      84.87500000   0.0000E-07
      84.91665649   0.0000E-07
      84.95834351   0.0000E-07
      85.00000000   0.0000E-07
      85.04165649   0.0000E-07
      85.08334351   0.0000E-07
      85.12500000   0.0000E-07
      85.16665649   0.0000E-07
      85.20834351   0.0000E-07
      85.25000000   0.0000E-07
      85.29165649   0.0000E-07
      85.33334351   0.0000E-07
      85.37500000   0.0000E-07
      85.41665649   0.0000E-07
      85.45834351   0.0000E-07
      85.50000000   0.0000E-07
      85.54165649   0.0000E-07
      85.58334351   0.0000E-07
      85.62500000   0.0000E-07
      85.66665649   0.0000E-07
      85.70834351   0.0000E-07
      85.75000000   0.0000E-07
      85.79165649   0.0000E-07
      85.83334351   0.0000E-07
      85.87500000   0.0000E-07
      85.91665649   0.0000E-07
      85.95834351   0.0000E-07
      86.00000000   0.0000E-07
      86.04165649   0.0000E-07
      86.08334351   0.0000E-07
      86.12500000   0.0000E-07
      86.16665649   0.0000E-07
      86.20834351   0.0000E-07
      86.25000000   0.0000E-07
      86.29165649   0.0000E-07
      86.33334351   0.0000E-07
      86.37500000   0.0000E-07
      86.41665649   0.0000E-07
      86.45834351   0.0000E-07
      86.50000000   0.0000E-07
      86.54165649   0.0000E-07
      86.58334351   0.0000E-07
      86.62500000   0.0000E-07
      86.66665649   0.0000E-07
      86.70834351   0.0000E-07
      86.75000000   0.0000E-07
      86.79165649   0.0000E-07
      86.83334351   0.0000E-07
      86.87500000   0.0000E-07
      86.91665649   0.0000E-07
      86.95834351   0.0000E-07
      87.00000000   0.0000E-07
      87.04165649   0.0000E-07
      87.08334351   0.0000E-07
      87.12500000   0.0000E-07
      87.16665649   0.0000E-07
      87.20834351   0.0000E-07
      87.25000000   0.0000E-07
      87.29165649   0.0000E-07
      87.33334351   0.0000E-07
      87.37500000   0.0000E-07
      87.41665649   0.0000E-07
      87.45834351   0.0000E-07
      87.50000000   0.0000E-07
      87.54165649   0.0000E-07
      87.58334351   0.0000E-07
      87.62500000   0.0000E-07
      87.66665649   0.0000E-07
      87.70834351   0.0000E-07
      87.75000000   0.0000E-07
      87.79165649   0.0000E-07
      87.83334351   0.0000E-07
      87.87500000   0.0000E-07
      87.91665649   0.0000E-07
      87.95834351   0.0000E-07
      88.00000000   0.0000E-07
      88.04165649   0.0000E-07
      88.08334351   0.0000E-07
      88.12500000   0.0000E-07
      88.16665649   0.0000E-07
      88.20834351   0.0000E-07
      88.25000000   0.0000E-07
      88.29165649   0.0000E-07
      88.33334351   0.0000E-07
      88.37500000   0.0000E-07
      88.41665649   0.0000E-07
      88.45834351   0.0000E-07
      88.50000000   0.0000E-07
      88.54165649   0.0000E-07
      88.58334351   0.0000E-07
      88.62500000   0.0000E-07
      88.66665649   0.0000E-07
      88.70834351   0.0000E-07
      88.75000000   0.0000E-07
      88.79165649   0.0000E-07
      88.83334351   0.0000E-07
      88.87500000   0.0000E-07
      88.91665649   0.0000E-07
      88.95834351   0.0000E-07
      89.00000000   0.0000E-07
      89.04165649   0.0000E-07
      89.08334351   0.0000E-07
      89.12500000   0.0000E-07
      89.16665649   0.0000E-07
      89.20834351   0.0000E-07
      89.25000000   0.0000E-07
      89.29165649   0.0000E-07
      89.33334351   0.0000E-07
      89.37500000   0.0000E-07
      89.41665649   0.0000E-07
      89.45834351   0.0000E-07
      89.50000000   0.0000E-07
      89.54165649   0.0000E-07
      89.58334351   0.0000E-07
      89.62500000   0.0000E-07
      89.66665649   0.0000E-07
      89.70834351   0.0000E-07
      89.75000000   0.0000E-07
      89.79165649   0.0000E-07
      89.83334351   0.0000E-07
      89.87500000   0.0000E-07
      89.91665649   0.0000E-07
      89.95834351   0.0000E-07
      90.00000000   0.0000E-07
      90.04165649   0.0000E-07
      90.08334351   0.0000E-07
      90.12500000   0.0000E-07
      90.16665649   0.0000E-07
      90.20834351   0.0000E-07
      90.25000000   0.0000E-07
      90.29165649   0.0000E-07
      90.33334351   0.0000E-07
      90.37500000   0.0000E-07
      90.41665649   0.0000E-07
      90.45834351   0.0000E-07
      90.50000000   0.0000E-07
      90.54165649   0.0000E-07
      90.58334351   0.0000E-07
      90.62500000   0.0000E-07
      90.66665649   0.0000E-07
      90.70834351   0.0000E-07
      90.75000000   0.0000E-07
      90.79165649   0.0000E-07
      90.83334351   0.0000E-07
      90.87500000   0.0000E-07
      90.91665649   0.0000E-07
      90.95834351   0.0000E-07
      91.00000000   0.0000E-07
      91.04165649   0.0000E-07
      91.08334351   0.0000E-07
      91.12500000   0.0000E-07
      91.16665649   0.0000E-07
      91.20834351   0.0000E-07
      91.25000000   0.0000E-07
      91.29165649   0.0000E-07
      91.33334351   0.0000E-07
      91.37500000   0.0000E-07
      91.41665649   0.0000E-07
      91.45834351   0.0000E-07
      91.50000000   0.0000E-07
      91.54165649   0.0000E-07
      91.58334351   0.0000E-07
      91.62500000   0.0000E-07
      91.66665649   0.0000E-07
      91.70834351   0.0000E-07
      91.75000000   0.0000E-07
      91.79165649   0.0000E-07
      91.83334351   0.0000E-07
      91.87500000   0.0000E-07
      91.91665649   0.0000E-07
      91.95834351   0.0000E-07
      92.00000000   0.0000E-07
      92.04165649   0.0000E-07
      92.08334351   0.0000E-07
      92.12500000   0.0000E-07
      92.16665649   0.0000E-07
      92.20834351   0.0000E-07
      92.25000000   0.0000E-07
      92.29165649   0.0000E-07
      92.33334351   0.0000E-07
      92.37500000   0.0000E-07
      92.41665649   0.0000E-07
      92.45834351   0.0000E-07
      92.50000000   0.0000E-07
      92.54165649   0.0000E-07
      92.58334351   0.0000E-07
      92.62500000   0.0000E-07
      92.66665649   0.0000E-07
      92.70834351   0.0000E-07
      92.75000000   0.0000E-07
      92.79165649   0.0000E-07
      92.83334351   0.0000E-07
      92.87500000   0.0000E-07
      92.91665649   0.0000E-07
      92.95834351   0.0000E-07
      93.00000000   0.0000E-07
      93.04165649   0.0000E-07
      93.08334351   0.0000E-07
      93.12500000   0.0000E-07
      93.16665649   0.0000E-07
      93.20834351   0.0000E-07
      93.25000000   0.0000E-07
      93.29165649   0.0000E-07
      93.33334351   0.0000E-07
      93.37500000   0.0000E-07
      93.41665649   0.0000E-07
      93.45834351   0.0000E-07
      93.50000000   0.0000E-07
      93.54165649   0.0000E-07
      93.58334351   0.0000E-07
      93.62500000   0.0000E-07
      93.66665649   0.0000E-07
      93.70834351   0.0000E-07
      93.75000000   0.0000E-07
      93.79165649   0.0000E-07
      93.83334351   0.0000E-07
      93.87500000   0.0000E-07
      93.91665649   0.0000E-07
      93.95834351   0.0000E-07
      94.00000000   0.0000E-07
      94.04165649   0.0000E-07
      94.08334351   0.0000E-07
      94.12500000   0.0000E-07
      94.16665649   0.0000E-07
      94.20834351   0.0000E-07
      94.25000000   0.0000E-07
      94.29165649   0.0000E-07
      94.33334351   0.0000E-07
      94.37500000   0.0000E-07
      94.41665649   0.0000E-07
      94.45834351   0.0000E-07
      94.50000000   0.0000E-07
      94.54165649   0.0000E-07
      94.58334351   0.0000E-07
      94.62500000   0.0000E-07
      94.66665649   0.0000E-07
      94.70834351   0.0000E-07
      94.75000000   0.0000E-07
      94.79165649   0.0000E-07
      94.83334351   0.0000E-07
      94.87500000   0.0000E-07
      94.91665649   0.0000E-07
      94.95834351   0.0000E-07
      95.00000000   0.0000E-07
      95.04165649   0.0000E-07
      95.08334351   0.0000E-07
      95.12500000   0.0000E-07
      95.16665649   0.0000E-07
      95.20834351   0.0000E-07
      95.25000000   0.0000E-07
      95.29165649   0.0000E-07
      95.33334351   0.0000E-07
      95.37500000   0.0000E-07
      95.41665649   0.0000E-07
      95.45834351   0.0000E-07
      95.50000000   0.0000E-07
      95.54165649   0.0000E-07
      95.58334351   0.0000E-07
      95.62500000   0.0000E-07
      95.66665649   0.0000E-07
      95.70834351   0.0000E-07
      95.75000000   0.0000E-07
      95.79165649   0.0000E-07
      95.83334351   0.0000E-07
      95.87500000   0.0000E-07
      95.91665649   0.0000E-07
      95.95834351   0.0000E-07
      96.00000000   0.0000E-07
      96.04165649   0.0000E-07
      96.08334351   0.0000E-07
      96.12500000   0.0000E-07
      96.16665649   0.0000E-07
      96.20834351   0.0000E-07
      96.25000000   0.0000E-07
      96.29165649   0.0000E-07
      96.33334351   0.0000E-07
      96.37500000   0.0000E-07
      96.41665649   0.0000E-07
      96.45834351   0.0000E-07
      96.50000000   0.0000E-07
      96.54165649   0.0000E-07
      96.58334351   0.0000E-07
      96.62500000   0.0000E-07
      96.66665649   0.0000E-07
      96.70834351   0.0000E-07
      96.75000000   0.0000E-07
      96.79165649   0.0000E-07
      96.83334351   0.0000E-07
      96.87500000   0.0000E-07
      96.91665649   0.0000E-07
      96.95834351   0.0000E-07
      97.00000000   0.0000E-07
      97.04165649   0.0000E-07
      97.08334351   0.0000E-07
      97.12500000   0.0000E-07
      97.16665649   0.0000E-07
      97.20834351   0.0000E-07
      97.25000000   0.0000E-07
      97.29165649   0.0000E-07
      97.33334351   0.0000E-07
      97.37500000   0.0000E-07
      97.41665649   0.0000E-07
      97.45834351   0.0000E-07
      97.50000000   0.0000E-07
      97.54165649   0.0000E-07
      97.58334351   0.0000E-07
      97.62500000   0.0000E-07
      97.66665649   0.0000E-07
      97.70834351   0.0000E-07
      97.75000000   0.0000E-07
      97.79165649   0.0000E-07
      97.83334351   0.0000E-07
      97.87500000   0.0000E-07
      97.91665649   0.0000E-07
      97.95834351   0.0000E-07
      98.00000000   0.0000E-07
      98.04165649   0.0000E-07
      98.08334351   0.0000E-07
      98.12500000   0.0000E-07
      98.16665649   0.0000E-07
      98.20834351   0.0000E-07
      98.25000000   0.0000E-07
      98.29165649   0.0000E-07
      98.33334351   0.0000E-07
      98.37500000   0.0000E-07
      98.41665649   0.0000E-07
      98.45834351   0.0000E-07
      98.50000000   0.0000E-07
      98.54165649   0.0000E-07
      98.58334351   0.0000E-07
      98.62500000   0.0000E-07
      98.66665649   0.0000E-07
      98.70834351   0.0000E-07
      98.75000000   0.0000E-07
      98.79165649   0.0000E-07
      98.83334351   0.0000E-07
      98.87500000   0.0000E-07
      98.91665649   0.0000E-07
      98.95834351   0.0000E-07
      99.00000000   0.0000E-07
      99.04165649   0.0000E-07
      99.08334351   0.0000E-07
      99.12500000   0.0000E-07
      99.16665649   0.0000E-07
      99.20834351   0.0000E-07
      99.25000000   0.0000E-07
      99.29165649   0.0000E-07
      99.33334351   0.0000E-07
      99.37500000   0.0000E-07
      99.41665649   0.0000E-07
      99.45834351   0.0000E-07
      99.50000000   0.0000E-07
      99.54165649   0.0000E-07
      99.58334351   0.0000E-07
      99.62500000   0.0000E-07
      99.66665649   0.0000E-07
      99.70834351   0.0000E-07
      99.75000000   0.0000E-07
      99.79165649   0.0000E-07
      99.83334351   0.0000E-07
      99.87500000   0.0000E-07
      99.91665649   0.0000E-07
      99.95834351   0.0000E-07
     100.00000000   0.0000E-07
     100.04165649   0.0000E-07
     100.08334351   0.0000E-07
     100.12500000   0.0000E-07
     100.16665649   0.0000E-07
     100.20834351   0.0000E-07
     100.25000000   0.0000E-07
     100.29165649   0.0000E-07
     100.33334351   0.0000E-07
     100.37500000   0.0000E-07
     100.41665649   0.0000E-07
     100.45834351   0.0000E-07
     100.50000000   0.0000E-07
     100.54165649   0.0000E-07
     100.58334351   0.0000E-07
     100.62500000   0.0000E-07
     100.66665649   0.0000E-07
     100.70834351   0.0000E-07
     100.75000000   0.0000E-07
     100.79165649   0.0000E-07
     100.83334351   0.0000E-07
     100.87500000   0.0000E-07
     100.91665649   0.0000E-07
     100.95834351   0.0000E-07
     101.00000000   0.0000E-07
     101.04165649   0.0000E-07
     101.08334351   0.0000E-07
     101.12500000   0.0000E-07
     101.16665649   0.0000E-07
     101.20834351   0.0000E-07
     101.25000000   0.0000E-07
     101.29165649   0.0000E-07
     101.33334351   0.0000E-07
     101.37500000   0.0000E-07
     101.41665649   0.0000E-07
     101.45834351   0.0000E-07
     101.50000000   0.0000E-07
     101.54165649   0.0000E-07
     101.58334351   0.0000E-07
     101.62500000   0.0000E-07
     101.66665649   0.0000E-07
     101.70834351   0.0000E-07
     101.75000000   0.0000E-07
     101.79165649   0.0000E-07
     101.83334351   0.0000E-07
     101.87500000   0.0000E-07
     101.91665649   0.0000E-07
     101.95834351   0.0000E-07
     102.00000000   0.0000E-07
     102.04165649   0.0000E-07
     102.08334351   0.0000E-07
     102.12500000   0.0000E-07
     102.16665649   0.0000E-07
     102.20834351   0.0000E-07
     102.25000000   0.0000E-07
     102.29165649   0.0000E-07
     102.33334351   0.0000E-07
     102.37500000   0.0000E-07
     102.41665649   0.0000E-07
     102.45834351   0.0000E-07
     102.50000000   0.0000E-07
     102.54165649   0.0000E-07
     102.58334351   0.0000E-07
     102.62500000   0.0000E-07
     102.66665649   0.0000E-07
     102.70834351   3.6460E-05
     102.75000000   0.0000E-07
     102.79165649   0.0000E-07
     102.83334351   0.0000E-07
     102.87500000   0.0000E-07
     102.91665649   0.0000E-07
     102.95834351   0.0000E-07
     103.00000000   0.0000E-07
     103.04165649   0.0000E-07
     103.08334351   0.0000E-07
     103.12500000   0.0000E-07
     103.16665649   0.0000E-07
     103.20834351   0.0000E-07
     103.25000000   0.0000E-07
     103.29165649   0.0000E-07
     103.33334351   0.0000E-07
     103.37500000   0.0000E-07
     103.41665649   0.0000E-07
     103.45834351   0.0000E-07
     103.50000000   0.0000E-07
     103.54165649   0.0000E-07
     103.58334351   0.0000E-07
     103.62500000   0.0000E-07
     103.66665649   0.0000E-07
     103.70834351   2.4310E-05
     103.75000000   2.4310E-05
     103.79165649   0.0000E-07
     103.83334351   0.0000E-07
     103.87500000   0.0000E-07
     103.91665649   0.0000E-07
     103.95834351   0.0000E-07
     104.00000000   0.0000E-07
     104.04165649   0.0000E-07
     104.08334351   0.0000E-07
     104.12500000   0.0000E-07
     104.16665649   0.0000E-07
     104.20834351   0.0000E-07
     104.25000000   0.0000E-07
     104.29165649   0.0000E-07
     104.33334351   0.0000E-07
     104.37500000   0.0000E-07
     104.41665649   0.0000E-07
     104.45834351   0.0000E-07
     104.50000000   0.0000E-07
     104.54165649   0.0000E-07
     104.58334351   0.0000E-07
     104.62500000   0.0000E-07
     104.66665649   0.0000E-07
     104.70834351   0.0000E-07
     104.75000000   0.0000E-07
     104.79165649   0.0000E-07
     104.83334351   0.0000E-07
     104.87500000   0.0000E-07
     104.91665649   0.0000E-07
     104.95834351   0.0000E-07
     105.00000000   0.0000E-07
     105.04165649   0.0000E-07
     105.08334351   0.0000E-07
     105.12500000   0.0000E-07
     105.16665649   0.0000E-07
     105.20834351   0.0000E-07
     105.25000000   0.0000E-07
     105.29165649   0.0000E-07
     105.33334351   0.0000E-07
     105.37500000   0.0000E-07
     105.41665649   0.0000E-07
     105.45834351   0.0000E-07
     105.50000000   0.0000E-07
     105.54165649   0.0000E-07
     105.58334351   0.0000E-07
     105.62500000   0.0000E-07
     105.66665649   0.0000E-07
     105.70834351   0.0000E-07
     105.75000000   0.0000E-07
     105.79165649   0.0000E-07
     105.83334351   0.0000E-07
     105.87500000   0.0000E-07
     105.91665649   0.0000E-07
     105.95834351   0.0000E-07
     106.00000000   0.0000E-07
     106.04165649   0.0000E-07
     106.08334351   0.0000E-07
     106.12500000   0.0000E-07
     106.16665649   0.0000E-07
     106.20834351   0.0000E-07
     106.25000000   0.0000E-07
     106.29165649   0.0000E-07
     106.33334351   0.0000E-07
     106.37500000   0.0000E-07
     106.41665649   0.0000E-07
     106.45834351   0.0000E-07
     106.50000000   0.0000E-07
     106.54165649   0.0000E-07
     106.58334351   0.0000E-07
     106.62500000   0.0000E-07
     106.66665649   0.0000E-07
     106.70834351   0.0000E-07
     106.75000000   0.0000E-07
     106.79165649   0.0000E-07
     106.83334351   0.0000E-07
     106.87500000   0.0000E-07
     106.91665649   0.0000E-07
     106.95834351   0.0000E-07
     107.00000000   0.0000E-07
     107.04165649   0.0000E-07
     107.08334351   0.0000E-07
     107.12500000   0.0000E-07
     107.16665649   0.0000E-07
     107.20834351   0.0000E-07
     107.25000000   0.0000E-07
     107.29165649   0.0000E-07
     107.33334351   0.0000E-07
     107.37500000   0.0000E-07
     107.41665649   0.0000E-07
     107.45834351   0.0000E-07
     107.50000000   0.0000E-07
     107.54165649   0.0000E-07
     107.58334351   0.0000E-07
     107.62500000   0.0000E-07
     107.66665649   0.0000E-07
     107.70834351   0.0000E-07
     107.75000000   0.0000E-07
     107.79165649   0.0000E-07
     107.83334351   0.0000E-07
     107.87500000   0.0000E-07
     107.91665649   0.0000E-07
     107.95834351   0.0000E-07
     108.00000000   0.0000E-07
     108.04165649   0.0000E-07
     108.08334351   0.0000E-07
     108.12500000   0.0000E-07
     108.16665649   0.0000E-07
     108.20834351   0.0000E-07
     108.25000000   0.0000E-07
     108.29165649   0.0000E-07
     108.33334351   0.0000E-07
     108.37500000   0.0000E-07
     108.41665649   0.0000E-07
     108.45834351   0.0000E-07
     108.50000000   0.0000E-07
     108.54165649   0.0000E-07
     108.58334351   0.0000E-07
     108.62500000   0.0000E-07
     108.66665649   0.0000E-07
     108.70834351   0.0000E-07
     108.75000000   0.0000E-07
     108.79165649   0.0000E-07
     108.83334351   0.0000E-07
     108.87500000   0.0000E-07
     108.91665649   0.0000E-07
     108.95834351   0.0000E-07
     109.00000000   0.0000E-07
     109.04165649   0.0000E-07
     109.08334351   0.0000E-07
     109.12500000   0.0000E-07
     109.16665649   0.0000E-07
     109.20834351   0.0000E-07
     109.25000000   0.0000E-07
     109.29165649   0.0000E-07
     109.33334351   0.0000E-07
     109.37500000   0.0000E-07
     109.41665649   0.0000E-07
     109.45834351   0.0000E-07
     109.50000000   0.0000E-07
     109.54165649   0.0000E-07
     109.58334351   0.0000E-07
     109.62500000   0.0000E-07
     109.66665649   0.0000E-07
     109.70834351   0.0000E-07
     109.75000000   0.0000E-07
     109.79165649   0.0000E-07
     109.83334351   0.0000E-07
     109.87500000   0.0000E-07
     109.91665649   0.0000E-07
     109.95834351   0.0000E-07
     110.00000000   0.0000E-07
     110.04165649   0.0000E-07
     110.08334351   0.0000E-07
     110.12500000   0.0000E-07
     110.16665649   0.0000E-07
     110.20834351   0.0000E-07
     110.25000000   0.0000E-07
     110.29165649   0.0000E-07
     110.33334351   0.0000E-07
     110.37500000   0.0000E-07
     110.41665649   0.0000E-07
     110.45834351   0.0000E-07
     110.50000000   0.0000E-07
     110.54165649   0.0000E-07
     110.58334351   0.0000E-07
     110.62500000   0.0000E-07
     110.66665649   0.0000E-07
     110.70834351   0.0000E-07
     110.75000000   0.0000E-07
     110.79165649   0.0000E-07
     110.83334351   0.0000E-07
     110.87500000   0.0000E-07
     110.91665649   0.0000E-07
     110.95834351   0.0000E-07
     111.00000000   0.0000E-07
     111.04165649   0.0000E-07
     111.08334351   0.0000E-07
     111.12500000   0.0000E-07
     111.16665649   0.0000E-07
     111.20834351   0.0000E-07
     111.25000000   0.0000E-07
     111.29165649   0.0000E-07
     111.33334351   0.0000E-07
     111.37500000   0.0000E-07
     111.41665649   0.0000E-07
     111.45834351   0.0000E-07
     111.50000000   0.0000E-07
     111.54165649   0.0000E-07
     111.58334351   0.0000E-07
     111.62500000   0.0000E-07
     111.66665649   0.0000E-07
     111.70834351   0.0000E-07
     111.75000000   0.0000E-07
     111.79165649   0.0000E-07
     111.83334351   0.0000E-07
     111.87500000   0.0000E-07
     111.91665649   0.0000E-07
     111.95834351   0.0000E-07
     112.00000000   0.0000E-07
     112.04165649   0.0000E-07
     112.08334351   0.0000E-07
     112.12500000   0.0000E-07
     112.16665649   0.0000E-07
     112.20834351   0.0000E-07
     112.25000000   0.0000E-07
     112.29165649   0.0000E-07
     112.33334351   0.0000E-07
     112.37500000   0.0000E-07
     112.41665649   0.0000E-07
     112.45834351   0.0000E-07
     112.50000000   0.0000E-07
     112.54165649   0.0000E-07
     112.58334351   0.0000E-07
     112.62500000   0.0000E-07
     112.66665649   0.0000E-07
     112.70834351   0.0000E-07
     112.75000000   0.0000E-07
     112.79165649   0.0000E-07
     112.83334351   0.0000E-07
     112.87500000   0.0000E-07
     112.91665649   0.0000E-07
     112.95834351   0.0000E-07
     113.00000000   0.0000E-07
     113.04165649   0.0000E-07
     113.08334351   0.0000E-07
     113.12500000   0.0000E-07
     113.16665649   0.0000E-07
     113.20834351   0.0000E-07
     113.25000000   0.0000E-07
     113.29165649   0.0000E-07
     113.33334351   0.0000E-07
     113.37500000   0.0000E-07
     113.41665649   0.0000E-07
     113.45834351   0.0000E-07
     113.50000000   0.0000E-07
     113.54165649   0.0000E-07
     113.58334351   0.0000E-07
     113.62500000   0.0000E-07
     113.66665649   0.0000E-07
     113.70834351   0.0000E-07
     113.75000000   0.0000E-07
     113.79165649   0.0000E-07
     113.83334351   0.0000E-07
     113.87500000   0.0000E-07
     113.91665649   0.0000E-07
     113.95834351   0.0000E-07
     114.00000000   0.0000E-07
     114.04165649   0.0000E-07
     114.08334351   0.0000E-07
     114.12500000   0.0000E-07
     114.16665649   0.0000E-07
     114.20834351   0.0000E-07
     114.25000000   0.0000E-07
     114.29165649   0.0000E-07
     114.33334351   0.0000E-07
     114.37500000   0.0000E-07
     114.41665649   0.0000E-07
     114.45834351   0.0000E-07
     114.50000000   0.0000E-07
     114.54165649   0.0000E-07
     114.58334351   0.0000E-07
     114.62500000   0.0000E-07
     114.66665649   0.0000E-07
     114.70834351   0.0000E-07
     114.75000000   0.0000E-07
     114.79165649   0.0000E-07
     114.83334351   0.0000E-07
     114.87500000   0.0000E-07
     114.91665649   0.0000E-07
     114.95834351   0.0000E-07
     115.00000000   0.0000E-07
     115.04165649   0.0000E-07
     115.08334351   0.0000E-07
     115.12500000   0.0000E-07
     115.16665649   0.0000E-07
     115.20834351   0.0000E-07
     115.25000000   0.0000E-07
     115.29165649   0.0000E-07
     115.33334351   0.0000E-07
     115.37500000   0.0000E-07
     115.41665649   0.0000E-07
     115.45834351   0.0000E-07
     115.50000000   0.0000E-07
     115.54165649   0.0000E-07
     115.58334351   0.0000E-07
     115.62500000   0.0000E-07
     115.66665649   0.0000E-07
     115.70834351   0.0000E-07
     115.75000000   0.0000E-07
     115.79165649   0.0000E-07
     115.83334351   0.0000E-07
     115.87500000   0.0000E-07
     115.91665649   0.0000E-07
     115.95834351   0.0000E-07
     116.00000000   0.0000E-07
     116.04165649   0.0000E-07
     116.08334351   0.0000E-07
     116.12500000   0.0000E-07
     116.16665649   0.0000E-07
     116.20834351   0.0000E-07
     116.25000000   0.0000E-07
     116.29165649   0.0000E-07
     116.33334351   0.0000E-07
     116.37500000   0.0000E-07
     116.41665649   0.0000E-07
     116.45834351   0.0000E-07
     116.50000000   0.0000E-07
     116.54165649   0.0000E-07
     116.58334351   0.0000E-07
     116.62500000   0.0000E-07
     116.66665649   0.0000E-07
     116.70834351   0.0000E-07
     116.75000000   0.0000E-07
     116.79165649   0.0000E-07
     116.83334351   0.0000E-07
     116.87500000   0.0000E-07
     116.91665649   0.0000E-07
     116.95834351   0.0000E-07
     117.00000000   0.0000E-07
     117.04165649   0.0000E-07
     117.08334351   0.0000E-07
     117.12500000   0.0000E-07
     117.16665649   0.0000E-07
     117.20834351   0.0000E-07
     117.25000000   0.0000E-07
     117.29165649   0.0000E-07
     117.33334351   0.0000E-07
     117.37500000   0.0000E-07
     117.41665649   0.0000E-07
     117.45834351   0.0000E-07
     117.50000000   0.0000E-07
     117.54165649   0.0000E-07
     117.58334351   0.0000E-07
     117.62500000   0.0000E-07
     117.66665649   0.0000E-07
     117.70834351   0.0000E-07
     117.75000000   0.0000E-07
     117.79165649   0.0000E-07
     117.83334351   0.0000E-07
     117.87500000   0.0000E-07
     117.91665649   0.0000E-07
     117.95834351   0.0000E-07
     118.00000000   0.0000E-07
     118.04165649   0.0000E-07
     118.08334351   0.0000E-07
     118.12500000   0.0000E-07
     118.16665649   0.0000E-07
     118.20834351   0.0000E-07
     118.25000000   0.0000E-07
     118.29165649   0.0000E-07
     118.33334351   0.0000E-07
     118.37500000   0.0000E-07
     118.41665649   0.0000E-07
     118.45834351   0.0000E-07
     118.50000000   0.0000E-07
     118.54165649   0.0000E-07
     118.58334351   0.0000E-07
     118.62500000   0.0000E-07
     118.66665649   0.0000E-07
     118.70834351   0.0000E-07
     118.75000000   0.0000E-07
     118.79165649   0.0000E-07
     118.83334351   0.0000E-07
     118.87500000   0.0000E-07
     118.91665649   0.0000E-07
     118.95834351   0.0000E-07
     119.00000000   0.0000E-07
     119.04165649   0.0000E-07
     119.08334351   0.0000E-07
     119.12500000   0.0000E-07
     119.16665649   0.0000E-07
     119.20834351   0.0000E-07
     119.25000000   0.0000E-07
     119.29165649   0.0000E-07
     119.33334351   0.0000E-07
     119.37500000   0.0000E-07
     119.41665649   0.0000E-07
     119.45834351   0.0000E-07
     119.50000000   0.0000E-07
     119.54165649   0.0000E-07
     119.58334351   0.0000E-07
     119.62500000   0.0000E-07
     119.66665649   0.0000E-07
     119.70834351   0.0000E-07
     119.75000000   0.0000E-07
     119.79165649   0.0000E-07
     119.83334351   0.0000E-07
     119.87500000   0.0000E-07
     119.91665649   0.0000E-07
     119.95834351   0.0000E-07
     120.00000000   0.0000E-07
     120.04165649   0.0000E-07
     120.08334351   0.0000E-07
     120.12500000   0.0000E-07
     120.16665649   0.0000E-07
     120.20834351   0.0000E-07
     120.25000000   0.0000E-07
     120.29165649   0.0000E-07
     120.33334351   0.0000E-07
     120.37500000   0.0000E-07
     120.41665649   0.0000E-07
     120.45834351   0.0000E-07
     120.50000000   0.0000E-07
     120.54165649   0.0000E-07
     120.58334351   0.0000E-07
     120.62500000   0.0000E-07
     120.66665649   0.0000E-07
     120.70834351   0.0000E-07
     120.75000000   0.0000E-07
     120.79165649   0.0000E-07
     120.83334351   0.0000E-07
     120.87500000   0.0000E-07
     120.91665649   0.0000E-07
     120.95834351   0.0000E-07
     121.00000000   0.0000E-07
     121.04165649   0.0000E-07
     121.08334351   0.0000E-07
     121.12500000   0.0000E-07
     121.16665649   0.0000E-07
     121.20834351   0.0000E-07
     121.25000000   0.0000E-07
     121.29165649   0.0000E-07
     121.33334351   0.0000E-07
     121.37500000   0.0000E-07
     121.41665649   0.0000E-07
     121.45834351   0.0000E-07
     121.50000000   0.0000E-07
     121.54165649   0.0000E-07
     121.58334351   0.0000E-07
     121.62500000   0.0000E-07
     121.66665649   0.0000E-07
     121.70834351   0.0000E-07
     121.75000000   0.0000E-07
     121.79165649   0.0000E-07
     121.83334351   0.0000E-07
     121.87500000   0.0000E-07
     121.91665649   0.0000E-07
     121.95834351   0.0000E-07
     122.00000000   0.0000E-07
     122.04165649   0.0000E-07
     122.08334351   0.0000E-07
     122.12500000   0.0000E-07
     122.16665649   0.0000E-07
     122.20834351   0.0000E-07
     122.25000000   0.0000E-07
     122.29165649   0.0000E-07
     122.33334351   0.0000E-07
     122.37500000   0.0000E-07
     122.41665649   0.0000E-07
     122.45834351   0.0000E-07
     122.50000000   0.0000E-07
     122.54165649   0.0000E-07
     122.58334351   0.0000E-07
     122.62500000   0.0000E-07
     122.66665649   0.0000E-07
     122.70834351   0.0000E-07
     122.75000000   0.0000E-07
     122.79165649   0.0000E-07
     122.83334351   0.0000E-07
     122.87500000   0.0000E-07
     122.91665649   0.0000E-07
     122.95834351   0.0000E-07
     123.00000000   0.0000E-07
     123.04165649   0.0000E-07
     123.08334351   0.0000E-07
     123.12500000   0.0000E-07
     123.16665649   0.0000E-07
     123.20834351   0.0000E-07
     123.25000000   0.0000E-07
     123.29165649   0.0000E-07
     123.33334351   0.0000E-07
     123.37500000   0.0000E-07
     123.41665649   0.0000E-07
     123.45834351   0.0000E-07
     123.50000000   0.0000E-07
     123.54165649   0.0000E-07
     123.58334351   0.0000E-07
     123.62500000   0.0000E-07
     123.66665649   0.0000E-07
     123.70834351   0.0000E-07
     123.75000000   0.0000E-07
     123.79165649   0.0000E-07
     123.83334351   0.0000E-07
     123.87500000   0.0000E-07
     123.91665649   0.0000E-07
     123.95834351   0.0000E-07
     124.00000000   0.0000E-07
     124.04165649   0.0000E-07
     124.08334351   0.0000E-07
     124.12500000   0.0000E-07
     124.16665649   0.0000E-07
     124.20834351   0.0000E-07
     124.25000000   0.0000E-07
     124.29165649   0.0000E-07
     124.33334351   0.0000E-07
     124.37500000   0.0000E-07
     124.41665649   0.0000E-07
     124.45834351   0.0000E-07
     124.50000000   0.0000E-07
     124.54165649   0.0000E-07
     124.58334351   0.0000E-07
     124.62500000   0.0000E-07
     124.66665649   0.0000E-07
     124.70834351   0.0000E-07
     124.75000000   0.0000E-07
     124.79165649   0.0000E-07
     124.83334351   0.0000E-07
     124.87500000   0.0000E-07
     124.91665649   0.0000E-07
     124.95834351   0.0000E-07
     125.00000000   0.0000E-07
     125.04165649   0.0000E-07
     125.08334351   0.0000E-07
     125.12500000   0.0000E-07
     125.16665649   0.0000E-07
     125.20834351   0.0000E-07
     125.25000000   0.0000E-07
     125.29165649   0.0000E-07
     125.33334351   0.0000E-07
     125.37500000   0.0000E-07
     125.41665649   0.0000E-07
     125.45834351   0.0000E-07
     125.50000000   0.0000E-07
     125.54165649   0.0000E-07
     125.58334351   0.0000E-07
     125.62500000   0.0000E-07
     125.66665649   0.0000E-07
     125.70834351   0.0000E-07
     125.75000000   0.0000E-07
     125.79165649   0.0000E-07
     125.83334351   0.0000E-07
     125.87500000   0.0000E-07
     125.91665649   0.0000E-07
     125.95834351   0.0000E-07
     126.00000000   0.0000E-07
     126.04165649   0.0000E-07
     126.08334351   0.0000E-07
     126.12500000   0.0000E-07
     126.16665649   0.0000E-07
     126.20834351   0.0000E-07
     126.25000000   0.0000E-07
     126.29165649   0.0000E-07
     126.33334351   0.0000E-07
     126.37500000   0.0000E-07
     126.41665649   0.0000E-07
     126.45834351   0.0000E-07
     126.50000000   0.0000E-07
     126.54165649   0.0000E-07
     126.58334351   0.0000E-07
     126.62500000   0.0000E-07
     126.66665649   0.0000E-07
     126.70834351   0.0000E-07
     126.75000000   0.0000E-07
     126.79165649   0.0000E-07
     126.83334351   0.0000E-07
     126.87500000   0.0000E-07
     126.91665649   0.0000E-07
     126.95834351   0.0000E-07
     127.00000000   0.0000E-07
     127.04165649   0.0000E-07
     127.08334351   0.0000E-07
     127.12500000   0.0000E-07
     127.16665649   0.0000E-07
     127.20834351   0.0000E-07
     127.25000000   0.0000E-07
     127.29165649   0.0000E-07
     127.33334351   0.0000E-07
     127.37500000   0.0000E-07
     127.41665649   0.0000E-07
     127.45834351   0.0000E-07
     127.50000000   0.0000E-07
     127.54165649   0.0000E-07
     127.58334351   0.0000E-07
     127.62500000   0.0000E-07
     127.66665649   0.0000E-07
     127.70834351   0.0000E-07
     127.75000000   0.0000E-07
     127.79165649   0.0000E-07
     127.83334351   0.0000E-07
     127.87500000   0.0000E-07
     127.91665649   0.0000E-07
     127.95834351   0.0000E-07
     128.00000000   0.0000E-07
     128.04165649   0.0000E-07
     128.08334351   0.0000E-07
     128.12500000   0.0000E-07
     128.16665649   0.0000E-07
     128.20834351   0.0000E-07
     128.25000000   0.0000E-07
     128.29165649   0.0000E-07
     128.33334351   0.0000E-07
     128.37500000   0.0000E-07
     128.41665649   0.0000E-07
     128.45834351   0.0000E-07
     128.50000000   0.0000E-07
     128.54165649   0.0000E-07
     128.58334351   0.0000E-07
     128.62500000   0.0000E-07
     128.66665649   0.0000E-07
     128.70834351   0.0000E-07
     128.75000000   0.0000E-07
     128.79165649   0.0000E-07
     128.83334351   0.0000E-07
     128.87500000   0.0000E-07
     128.91665649   0.0000E-07
     128.95834351   0.0000E-07
     129.00000000   0.0000E-07
     129.04165649   0.0000E-07
     129.08334351   0.0000E-07
     129.12500000   0.0000E-07
     129.16665649   0.0000E-07
     129.20834351   0.0000E-07
     129.25000000   0.0000E-07
     129.29165649   0.0000E-07
     129.33334351   0.0000E-07
     129.37500000   0.0000E-07
     129.41665649   0.0000E-07
     129.45834351   0.0000E-07
     129.50000000   0.0000E-07
     129.54165649   0.0000E-07
     129.58334351   0.0000E-07
     129.62500000   0.0000E-07
     129.66665649   0.0000E-07
     129.70834351   0.0000E-07
     129.75000000   0.0000E-07
     129.79165649   0.0000E-07
     129.83334351   0.0000E-07
     129.87500000   0.0000E-07
     129.91665649   0.0000E-07
     129.95834351   0.0000E-07
     130.00000000   0.0000E-07
     130.04165649   0.0000E-07
     130.08334351   0.0000E-07
     130.12500000   0.0000E-07
     130.16665649   0.0000E-07
     130.20834351   0.0000E-07
     130.25000000   0.0000E-07
     130.29165649   0.0000E-07
     130.33334351   0.0000E-07
     130.37500000   0.0000E-07
     130.41665649   0.0000E-07
     130.45834351   0.0000E-07
     130.50000000   0.0000E-07
     130.54165649   0.0000E-07
     130.58334351   0.0000E-07
     130.62500000   0.0000E-07
     130.66665649   0.0000E-07
     130.70834351   0.0000E-07
     130.75000000   0.0000E-07
     130.79165649   0.0000E-07
     130.83334351   0.0000E-07
     130.87500000   0.0000E-07
     130.91665649   0.0000E-07
     130.95834351   0.0000E-07
     131.00000000   0.0000E-07
     131.04165649   0.0000E-07
     131.08334351   0.0000E-07
     131.12500000   0.0000E-07
     131.16665649   0.0000E-07
     131.20834351   0.0000E-07
     131.25000000   0.0000E-07
     131.29165649   0.0000E-07
     131.33334351   0.0000E-07
     131.37500000   0.0000E-07
     131.41665649   0.0000E-07
     131.45834351   0.0000E-07
     131.50000000   0.0000E-07
     131.54165649   0.0000E-07
     131.58334351   0.0000E-07
     131.62500000   0.0000E-07
     131.66665649   0.0000E-07
     131.70834351   0.0000E-07
     131.75000000   0.0000E-07
     131.79165649   0.0000E-07
     131.83334351   0.0000E-07
     131.87500000   0.0000E-07
     131.91665649   0.0000E-07
     131.95834351   0.0000E-07
     132.00000000   0.0000E-07
     132.04165649   0.0000E-07
     132.08334351   0.0000E-07
     132.12500000   0.0000E-07
     132.16665649   0.0000E-07
     132.20834351   0.0000E-07
     132.25000000   0.0000E-07
     132.29165649   0.0000E-07
     132.33334351   0.0000E-07
     132.37500000   0.0000E-07
     132.41665649   0.0000E-07
     132.45834351   0.0000E-07
     132.50000000   0.0000E-07
     132.54165649   0.0000E-07
     132.58334351   0.0000E-07
     132.62500000   0.0000E-07
     132.66665649   0.0000E-07
     132.70834351   0.0000E-07
     132.75000000   0.0000E-07
     132.79165649   0.0000E-07
     132.83334351   0.0000E-07
     132.87500000   0.0000E-07
     132.91665649   0.0000E-07
     132.95834351   0.0000E-07
     133.00000000   0.0000E-07
     133.04165649   0.0000E-07
     133.08334351   0.0000E-07
     133.12500000   0.0000E-07
     133.16665649   0.0000E-07
     133.20834351   0.0000E-07
     133.25000000   0.0000E-07
     133.29165649   0.0000E-07
     133.33334351   0.0000E-07
     133.37500000   0.0000E-07
     133.41665649   0.0000E-07
     133.45834351   0.0000E-07
     133.50000000   0.0000E-07
     133.54165649   0.0000E-07
     133.58334351   0.0000E-07
     133.62500000   0.0000E-07
     133.66665649   0.0000E-07
     133.70834351   0.0000E-07
     133.75000000   0.0000E-07
     133.79165649   0.0000E-07
     133.83334351   0.0000E-07
     133.87500000   0.0000E-07
     133.91665649   0.0000E-07
     133.95834351   0.0000E-07
     134.00000000   0.0000E-07
     134.04165649   0.0000E-07
     134.08334351   0.0000E-07
     134.12500000   0.0000E-07
     134.16665649   0.0000E-07
     134.20834351   0.0000E-07
     134.25000000   0.0000E-07
     134.29165649   0.0000E-07
     134.33334351   0.0000E-07
     134.37500000   0.0000E-07
     134.41665649   0.0000E-07
     134.45834351   0.0000E-07
     134.50000000   0.0000E-07
     134.54165649   0.0000E-07
     134.58334351   0.0000E-07
     134.62500000   0.0000E-07
     134.66665649   0.0000E-07
     134.70834351   0.0000E-07
     134.75000000   0.0000E-07
     134.79165649   0.0000E-07
     134.83334351   0.0000E-07
     134.87500000   0.0000E-07
     134.91665649   0.0000E-07
     134.95834351   0.0000E-07
     135.00000000   0.0000E-07
     135.04165649   0.0000E-07
     135.08334351   0.0000E-07
     135.12500000   0.0000E-07
     135.16665649   0.0000E-07
     135.20834351   0.0000E-07
     135.25000000   0.0000E-07
     135.29165649   0.0000E-07
     135.33334351   0.0000E-07
     135.37500000   0.0000E-07
     135.41665649   0.0000E-07
     135.45834351   0.0000E-07
     135.50000000   0.0000E-07
     135.54165649   0.0000E-07
     135.58334351   0.0000E-07
     135.62500000   0.0000E-07
     135.66665649   0.0000E-07
     135.70834351   0.0000E-07
     135.75000000   0.0000E-07
     135.79165649   0.0000E-07
     135.83334351   0.0000E-07
     135.87500000   0.0000E-07
     135.91665649   0.0000E-07
     135.95834351   0.0000E-07
     136.00000000   0.0000E-07
     136.04165649   0.0000E-07
     136.08334351   0.0000E-07
     136.12500000   0.0000E-07
     136.16665649   0.0000E-07
     136.20834351   0.0000E-07
     136.25000000   0.0000E-07
     136.29165649   0.0000E-07
     136.33334351   0.0000E-07
     136.37500000   0.0000E-07
     136.41665649   0.0000E-07
     136.45834351   0.0000E-07
     136.50000000   0.0000E-07
     136.54165649   0.0000E-07
     136.58334351   0.0000E-07
     136.62500000   0.0000E-07
     136.66665649   0.0000E-07
     136.70834351   0.0000E-07
     136.75000000   0.0000E-07
     136.79165649   0.0000E-07
     136.83334351   0.0000E-07
     136.87500000   0.0000E-07
     136.91665649   0.0000E-07
     136.95834351   0.0000E-07
     137.00000000   0.0000E-07
     137.04165649   0.0000E-07
     137.08334351   0.0000E-07
     137.12500000   0.0000E-07
     137.16665649   0.0000E-07
     137.20834351   0.0000E-07
     137.25000000   0.0000E-07
     137.29165649   0.0000E-07
     137.33334351   0.0000E-07
     137.37500000   0.0000E-07
     137.41665649   0.0000E-07
     137.45834351   0.0000E-07
     137.50000000   0.0000E-07
     137.54165649   0.0000E-07
     137.58334351   0.0000E-07
     137.62500000   0.0000E-07
     137.66665649   0.0000E-07
     137.70834351   0.0000E-07
     137.75000000   0.0000E-07
     137.79165649   0.0000E-07
     137.83334351   0.0000E-07
     137.87500000   0.0000E-07
     137.91665649   0.0000E-07
     137.95834351   0.0000E-07
     138.00000000   0.0000E-07
     138.04165649   0.0000E-07
     138.08334351   0.0000E-07
     138.12500000   0.0000E-07
     138.16665649   0.0000E-07
     138.20834351   0.0000E-07
     138.25000000   0.0000E-07
     138.29165649   0.0000E-07
     138.33334351   0.0000E-07
     138.37500000   0.0000E-07
     138.41665649   0.0000E-07
     138.45834351   0.0000E-07
     138.50000000   0.0000E-07
     138.54165649   0.0000E-07
     138.58334351   0.0000E-07
     138.62500000   0.0000E-07
     138.66665649   0.0000E-07
     138.70834351   0.0000E-07
     138.75000000   0.0000E-07
     138.79165649   0.0000E-07
     138.83334351   0.0000E-07
     138.87500000   0.0000E-07
     138.91665649   0.0000E-07
     138.95834351   0.0000E-07
     139.00000000   0.0000E-07
     139.04165649   0.0000E-07
     139.08334351   0.0000E-07
     139.12500000   0.0000E-07
     139.16665649   0.0000E-07
     139.20834351   0.0000E-07
     139.25000000   0.0000E-07
     139.29165649   0.0000E-07
     139.33334351   0.0000E-07
     139.37500000   0.0000E-07
     139.41665649   0.0000E-07
     139.45834351   0.0000E-07
     139.50000000   0.0000E-07
     139.54165649   0.0000E-07
     139.58334351   0.0000E-07
     139.62500000   0.0000E-07
     139.66665649   0.0000E-07
     139.70834351   0.0000E-07
     139.75000000   0.0000E-07
     139.79165649   0.0000E-07
     139.83334351   0.0000E-07
     139.87500000   0.0000E-07
     139.91665649   0.0000E-07
     139.95834351   0.0000E-07
     140.00000000   0.0000E-07
     140.04165649   0.0000E-07
     140.08334351   0.0000E-07
     140.12500000   0.0000E-07
     140.16665649   0.0000E-07
     140.20834351   0.0000E-07
     140.25000000   0.0000E-07
     140.29165649   0.0000E-07
     140.33334351   0.0000E-07
     140.37500000   0.0000E-07
     140.41665649   0.0000E-07
     140.45834351   0.0000E-07
     140.50000000   0.0000E-07
     140.54165649   0.0000E-07
     140.58334351   0.0000E-07
     140.62500000   0.0000E-07
     140.66665649   0.0000E-07
     140.70834351   0.0000E-07
     140.75000000   0.0000E-07
     140.79165649   0.0000E-07
     140.83334351   0.0000E-07
     140.87500000   0.0000E-07
     140.91665649   0.0000E-07
     140.95834351   0.0000E-07
     141.00000000   0.0000E-07
     141.04165649   0.0000E-07
     141.08334351   0.0000E-07
     141.12500000   0.0000E-07
     141.16665649   0.0000E-07
     141.20834351   0.0000E-07
     141.25000000   0.0000E-07
     141.29165649   0.0000E-07
     141.33334351   0.0000E-07
     141.37500000   0.0000E-07
     141.41665649   0.0000E-07
     141.45834351   0.0000E-07
     141.50000000   0.0000E-07
     141.54165649   0.0000E-07
     141.58334351   0.0000E-07
     141.62500000   0.0000E-07
     141.66665649   0.0000E-07
     141.70834351   0.0000E-07
     141.75000000   0.0000E-07
     141.79165649   0.0000E-07
     141.83334351   0.0000E-07
     141.87500000   0.0000E-07
     141.91665649   0.0000E-07
     141.95834351   0.0000E-07
     142.00000000   0.0000E-07
     142.04165649   0.0000E-07
     142.08334351   0.0000E-07
     142.12500000   0.0000E-07
     142.16665649   0.0000E-07
     142.20834351   0.0000E-07
     142.25000000   0.0000E-07
     142.29165649   0.0000E-07
     142.33334351   0.0000E-07
     142.37500000   0.0000E-07
     142.41665649   0.0000E-07
     142.45834351   0.0000E-07
     142.50000000   0.0000E-07
     142.54165649   0.0000E-07
     142.58334351   0.0000E-07
     142.62500000   0.0000E-07
     142.66665649   0.0000E-07
     142.70834351   0.0000E-07
     142.75000000   0.0000E-07
     142.79165649   0.0000E-07
     142.83334351   0.0000E-07
     142.87500000   0.0000E-07
     142.91665649   0.0000E-07
     142.95834351   0.0000E-07
     143.00000000   0.0000E-07
     143.04165649   0.0000E-07
     143.08334351   0.0000E-07
     143.12500000   0.0000E-07
     143.16665649   0.0000E-07
     143.20834351   0.0000E-07
     143.25000000   0.0000E-07
     143.29165649   0.0000E-07
     143.33334351   0.0000E-07
     143.37500000   0.0000E-07
     143.41665649   0.0000E-07
     143.45834351   0.0000E-07
     143.50000000   0.0000E-07
     143.54165649   0.0000E-07
     143.58334351   0.0000E-07
     143.62500000   0.0000E-07
     143.66665649   0.0000E-07
     143.70834351   0.0000E-07
     143.75000000   0.0000E-07
     143.79165649   0.0000E-07
     143.83334351   0.0000E-07
     143.87500000   0.0000E-07
     143.91665649   0.0000E-07
     143.95834351   0.0000E-07
     144.00000000   0.0000E-07
     144.04165649   0.0000E-07
     144.08334351   0.0000E-07
     144.12500000   0.0000E-07
     144.16665649   0.0000E-07
     144.20834351   0.0000E-07
     144.25000000   0.0000E-07
     144.29165649   0.0000E-07
     144.33334351   0.0000E-07
     144.37500000   0.0000E-07
     144.41665649   0.0000E-07
     144.45834351   0.0000E-07
     144.50000000   0.0000E-07
     144.54165649   0.0000E-07
     144.58334351   0.0000E-07
     144.62500000   0.0000E-07
     144.66665649   0.0000E-07
     144.70834351   0.0000E-07
     144.75000000   0.0000E-07
     144.79165649   0.0000E-07
     144.83334351   0.0000E-07
     144.87500000   0.0000E-07
     144.91665649   0.0000E-07
     144.95834351   0.0000E-07
     145.00000000   0.0000E-07
     145.04165649   0.0000E-07
     145.08334351   0.0000E-07
     145.12500000   0.0000E-07
     145.16665649   0.0000E-07
     145.20834351   0.0000E-07
     145.25000000   0.0000E-07
     145.29165649   0.0000E-07
     145.33334351   0.0000E-07
     145.37500000   0.0000E-07
     145.41665649   0.0000E-07
     145.45834351   0.0000E-07
     145.50000000   0.0000E-07
     145.54165649   0.0000E-07
     145.58334351   0.0000E-07
     145.62500000   0.0000E-07
     145.66665649   0.0000E-07
     145.70834351   0.0000E-07
     145.75000000   0.0000E-07
     145.79165649   0.0000E-07
     145.83334351   0.0000E-07
     145.87500000   0.0000E-07
     145.91665649   0.0000E-07
     145.95834351   0.0000E-07
     146.00000000   0.0000E-07
     146.04165649   0.0000E-07
     146.08334351   0.0000E-07
     146.12500000   0.0000E-07
     146.16665649   0.0000E-07
     146.20834351   0.0000E-07
     146.25000000   0.0000E-07
     146.29165649   0.0000E-07
     146.33334351   0.0000E-07
     146.37500000   0.0000E-07
     146.41665649   0.0000E-07
     146.45834351   0.0000E-07
     146.50000000   0.0000E-07
     146.54165649   0.0000E-07
     146.58334351   0.0000E-07
     146.62500000   0.0000E-07
     146.66665649   0.0000E-07
     146.70834351   0.0000E-07
     146.75000000   0.0000E-07
     146.79165649   0.0000E-07
     146.83334351   0.0000E-07
     146.87500000   0.0000E-07
     146.91665649   0.0000E-07
     146.95834351   0.0000E-07
     147.00000000   0.0000E-07
     147.04168701   0.0000E-07
     147.08331299   0.0000E-07
     147.12500000   0.0000E-07
     147.16668701   0.0000E-07
     147.20831299   0.0000E-07
     147.25000000   0.0000E-07
     147.29168701   0.0000E-07
     147.33331299   0.0000E-07
     147.37500000   0.0000E-07
     147.41668701   0.0000E-07
     147.45831299   0.0000E-07
     147.50000000   0.0000E-07
     147.54168701   0.0000E-07
     147.58331299   0.0000E-07
     147.62500000   0.0000E-07
     147.66668701   0.0000E-07
     147.70831299   0.0000E-07
     147.75000000   0.0000E-07
     147.79168701   0.0000E-07
     147.83331299   0.0000E-07
     147.87500000   0.0000E-07
     147.91668701   0.0000E-07
     147.95831299   0.0000E-07
     148.00000000   0.0000E-07
     148.04168701   0.0000E-07
     148.08331299   0.0000E-07
     148.12500000   0.0000E-07
     148.16668701   0.0000E-07
     148.20831299   0.0000E-07
     148.25000000   0.0000E-07
     148.29168701   0.0000E-07
     148.33331299   0.0000E-07
     148.37500000   0.0000E-07
     148.41668701   0.0000E-07
     148.45831299   0.0000E-07
     148.50000000   0.0000E-07
     148.54168701   0.0000E-07
     148.58331299   0.0000E-07
     148.62500000   0.0000E-07
     148.66668701   0.0000E-07
     148.70831299   0.0000E-07
     148.75000000   0.0000E-07
     148.79168701   0.0000E-07
     148.83331299   0.0000E-07
     148.87500000   0.0000E-07
     148.91668701   0.0000E-07
     148.95831299   0.0000E-07
     149.00000000   0.0000E-07
     149.04168701   0.0000E-07
     149.08331299   0.0000E-07
     149.12500000   0.0000E-07
     149.16668701   0.0000E-07
     149.20831299   0.0000E-07
     149.25000000   0.0000E-07
     149.29168701   0.0000E-07
     149.33331299   0.0000E-07
     149.37500000   0.0000E-07
     149.41668701   0.0000E-07
     149.45831299   0.0000E-07
     149.50000000   0.0000E-07
     149.54168701   0.0000E-07
     149.58331299   0.0000E-07
     149.62500000   0.0000E-07
     149.66668701   0.0000E-07
     149.70831299   0.0000E-07
     149.75000000   0.0000E-07
     149.79168701   0.0000E-07
     149.83331299   0.0000E-07
     149.87500000   0.0000E-07
     149.91668701   0.0000E-07
     149.95831299   0.0000E-07
     150.00000000   0.0000E-07
     150.04168701   0.0000E-07
     150.08331299   0.0000E-07
     150.12500000   0.0000E-07
     150.16668701   0.0000E-07
     150.20831299   0.0000E-07
     150.25000000   0.0000E-07
     150.29168701   0.0000E-07
     150.33331299   0.0000E-07
     150.37500000   0.0000E-07
     150.41668701   0.0000E-07
     150.45831299   0.0000E-07
     150.50000000   0.0000E-07
     150.54168701   0.0000E-07
     150.58331299   0.0000E-07
     150.62500000   0.0000E-07
     150.66668701   0.0000E-07
     150.70831299   0.0000E-07
     150.75000000   0.0000E-07
     150.79168701   0.0000E-07
     150.83331299   0.0000E-07
     150.87500000   0.0000E-07
     150.91668701   0.0000E-07
     150.95831299   0.0000E-07
     151.00000000   0.0000E-07
     151.04168701   0.0000E-07
     151.08331299   0.0000E-07
     151.12500000   0.0000E-07
     151.16668701   0.0000E-07
     151.20831299   0.0000E-07
     151.25000000   0.0000E-07
     151.29168701   0.0000E-07
     151.33331299   0.0000E-07
     151.37500000   0.0000E-07
     151.41668701   0.0000E-07
     151.45831299   0.0000E-07
     151.50000000   0.0000E-07
     151.54168701   0.0000E-07
     151.58331299   0.0000E-07
     151.62500000   0.0000E-07
     151.66668701   0.0000E-07
     151.70831299   0.0000E-07
     151.75000000   0.0000E-07
     151.79168701   0.0000E-07
     151.83331299   0.0000E-07
     151.87500000   0.0000E-07
     151.91668701   0.0000E-07
     151.95831299   0.0000E-07
     152.00000000   0.0000E-07
     152.04168701   0.0000E-07
     152.08331299   0.0000E-07
     152.12500000   0.0000E-07
     152.16668701   0.0000E-07
     152.20831299   0.0000E-07
     152.25000000   0.0000E-07
     152.29168701   0.0000E-07
     152.33331299   0.0000E-07
     152.37500000   0.0000E-07
     152.41668701   0.0000E-07
     152.45831299   0.0000E-07
     152.50000000   0.0000E-07
     152.54168701   0.0000E-07
     152.58331299   0.0000E-07
     152.62500000   0.0000E-07
     152.66668701   0.0000E-07
     152.70831299   0.0000E-07
     152.75000000   0.0000E-07
     152.79168701   0.0000E-07
     152.83331299   0.0000E-07
     152.87500000   0.0000E-07
     152.91668701   0.0000E-07
     152.95831299   0.0000E-07
     153.00000000   0.0000E-07
     153.04168701   0.0000E-07
     153.08331299   0.0000E-07
     153.12500000   0.0000E-07
     153.16668701   0.0000E-07
     153.20831299   0.0000E-07
     153.25000000   0.0000E-07
     153.29168701   0.0000E-07
     153.33331299   0.0000E-07
     153.37500000   0.0000E-07
     153.41668701   0.0000E-07
     153.45831299   0.0000E-07
     153.50000000   0.0000E-07
     153.54168701   0.0000E-07
     153.58331299   0.0000E-07
     153.62500000   0.0000E-07
     153.66668701   0.0000E-07
     153.70831299   0.0000E-07
     153.75000000   0.0000E-07
     153.79168701   0.0000E-07
     153.83331299   0.0000E-07
     153.87500000   0.0000E-07
     153.91668701   0.0000E-07
     153.95831299   0.0000E-07
     154.00000000   0.0000E-07
     154.04168701   0.0000E-07
     154.08331299   0.0000E-07
     154.12500000   0.0000E-07
     154.16668701   0.0000E-07
     154.20831299   0.0000E-07
     154.25000000   0.0000E-07
     154.29168701   0.0000E-07
     154.33331299   0.0000E-07
     154.37500000   0.0000E-07
     154.41668701   0.0000E-07
     154.45831299   0.0000E-07
     154.50000000   0.0000E-07
     154.54168701   0.0000E-07
     154.58331299   0.0000E-07
     154.62500000   0.0000E-07
     154.66668701   0.0000E-07
     154.70831299   0.0000E-07
     154.75000000   0.0000E-07
     154.79168701   0.0000E-07
     154.83331299   0.0000E-07
     154.87500000   0.0000E-07
     154.91668701   0.0000E-07
     154.95831299   0.0000E-07
     155.00000000   0.0000E-07
     155.04168701   0.0000E-07
     155.08331299   0.0000E-07
     155.12500000   0.0000E-07
     155.16668701   0.0000E-07
     155.20831299   0.0000E-07
     155.25000000   0.0000E-07
     155.29168701   0.0000E-07
     155.33331299   0.0000E-07
     155.37500000   0.0000E-07
     155.41668701   0.0000E-07
     155.45831299   0.0000E-07
     155.50000000   0.0000E-07
     155.54168701   0.0000E-07
     155.58331299   0.0000E-07
     155.62500000   0.0000E-07
     155.66668701   0.0000E-07
     155.70831299   0.0000E-07
     155.75000000   0.0000E-07
     155.79168701   0.0000E-07
     155.83331299   0.0000E-07
     155.87500000   0.0000E-07
     155.91668701   0.0000E-07
     155.95831299   0.0000E-07
     156.00000000   0.0000E-07
     156.04168701   0.0000E-07
     156.08331299   0.0000E-07
     156.12500000   0.0000E-07
     156.16668701   0.0000E-07
     156.20831299   0.0000E-07
     156.25000000   0.0000E-07
     156.29168701   0.0000E-07
     156.33331299   0.0000E-07
     156.37500000   0.0000E-07
     156.41668701   0.0000E-07
     156.45831299   0.0000E-07
     156.50000000   0.0000E-07
     156.54168701   0.0000E-07
     156.58331299   0.0000E-07
     156.62500000   0.0000E-07
     156.66668701   0.0000E-07
     156.70831299   0.0000E-07
     156.75000000   0.0000E-07
     156.79168701   0.0000E-07
     156.83331299   0.0000E-07
     156.87500000   0.0000E-07
     156.91668701   0.0000E-07
     156.95831299   0.0000E-07
     157.00000000   0.0000E-07
     157.04168701   0.0000E-07
     157.08331299   0.0000E-07
     157.12500000   0.0000E-07
     157.16668701   0.0000E-07
     157.20831299   0.0000E-07
     157.25000000   0.0000E-07
     157.29168701   0.0000E-07
     157.33331299   0.0000E-07
     157.37500000   0.0000E-07
     157.41668701   0.0000E-07
     157.45831299   0.0000E-07
     157.50000000   0.0000E-07
     157.54168701   0.0000E-07
     157.58331299   0.0000E-07
     157.62500000   0.0000E-07
     157.66668701   0.0000E-07
     157.70831299   0.0000E-07
     157.75000000   0.0000E-07
     157.79168701   0.0000E-07
     157.83331299   0.0000E-07
     157.87500000   0.0000E-07
     157.91668701   0.0000E-07
     157.95831299   0.0000E-07
     158.00000000   0.0000E-07
     158.04168701   0.0000E-07
     158.08331299   0.0000E-07
     158.12500000   0.0000E-07
     158.16668701   0.0000E-07
     158.20831299   0.0000E-07
     158.25000000   0.0000E-07
     158.29168701   0.0000E-07
     158.33331299   0.0000E-07
     158.37500000   0.0000E-07
     158.41668701   0.0000E-07
     158.45831299   0.0000E-07
     158.50000000   0.0000E-07
     158.54168701   0.0000E-07
     158.58331299   0.0000E-07
     158.62500000   0.0000E-07
     158.66668701   0.0000E-07
     158.70831299   0.0000E-07
     158.75000000   0.0000E-07
     158.79168701   0.0000E-07
     158.83331299   0.0000E-07
     158.87500000   0.0000E-07
     158.91668701   0.0000E-07
     158.95831299   0.0000E-07
     159.00000000   0.0000E-07
     159.04168701   0.0000E-07
     159.08331299   0.0000E-07
     159.12500000   0.0000E-07
     159.16668701   0.0000E-07
     159.20831299   0.0000E-07
     159.25000000   0.0000E-07
     159.29168701   0.0000E-07
     159.33331299   0.0000E-07
     159.37500000   0.0000E-07
     159.41668701   0.0000E-07
     159.45831299   0.0000E-07
     159.50000000   0.0000E-07
     159.54168701   0.0000E-07
     159.58331299   0.0000E-07
     159.62500000   0.0000E-07
     159.66668701   0.0000E-07
     159.70831299   0.0000E-07
     159.75000000   0.0000E-07
     159.79168701   0.0000E-07
     159.83331299   0.0000E-07
     159.87500000   0.0000E-07
     159.91668701   0.0000E-07
     159.95831299   0.0000E-07
     160.00000000   0.0000E-07
     160.04168701   0.0000E-07
     160.08331299   0.0000E-07
     160.12500000   0.0000E-07
     160.16668701   0.0000E-07
     160.20831299   0.0000E-07
     160.25000000   0.0000E-07
     160.29168701   0.0000E-07
     160.33331299   0.0000E-07
     160.37500000   0.0000E-07
     160.41668701   0.0000E-07
     160.45831299   0.0000E-07
     160.50000000   0.0000E-07
     160.54168701   0.0000E-07
     160.58331299   0.0000E-07
     160.62500000   0.0000E-07
     160.66668701   0.0000E-07
     160.70831299   0.0000E-07
     160.75000000   0.0000E-07
     160.79168701   0.0000E-07
     160.83331299   0.0000E-07
     160.87500000   0.0000E-07
     160.91668701   0.0000E-07
     160.95831299   0.0000E-07
     161.00000000   0.0000E-07
     161.04168701   0.0000E-07
     161.08331299   0.0000E-07
     161.12500000   0.0000E-07
     161.16668701   0.0000E-07
     161.20831299   0.0000E-07
     161.25000000   0.0000E-07
     161.29168701   0.0000E-07
     161.33331299   0.0000E-07
     161.37500000   0.0000E-07
     161.41668701   0.0000E-07
     161.45831299   0.0000E-07
     161.50000000   0.0000E-07
     161.54168701   0.0000E-07
     161.58331299   0.0000E-07
     161.62500000   0.0000E-07
     161.66668701   0.0000E-07
     161.70831299   0.0000E-07
     161.75000000   0.0000E-07
     161.79168701   0.0000E-07
     161.83331299   0.0000E-07
     161.87500000   0.0000E-07
     161.91668701   0.0000E-07
     161.95831299   0.0000E-07
     162.00000000   0.0000E-07
     162.04168701   0.0000E-07
     162.08331299   0.0000E-07
     162.12500000   0.0000E-07
     162.16668701   0.0000E-07
     162.20831299   0.0000E-07
     162.25000000   0.0000E-07
     162.29168701   0.0000E-07
     162.33331299   0.0000E-07
     162.37500000   0.0000E-07
     162.41668701   0.0000E-07
     162.45831299   0.0000E-07
     162.50000000   0.0000E-07
     162.54168701   0.0000E-07
     162.58331299   0.0000E-07
     162.62500000   0.0000E-07
     162.66668701   0.0000E-07
     162.70831299   0.0000E-07
     162.75000000   0.0000E-07
     162.79168701   0.0000E-07
     162.83331299   0.0000E-07
     162.87500000   0.0000E-07
     162.91668701   0.0000E-07
     162.95831299   0.0000E-07
     163.00000000   0.0000E-07
     163.04168701   0.0000E-07
     163.08331299   0.0000E-07
     163.12500000   0.0000E-07
     163.16668701   0.0000E-07
     163.20831299   0.0000E-07
     163.25000000   0.0000E-07
     163.29168701   0.0000E-07
     163.33331299   0.0000E-07
     163.37500000   0.0000E-07
     163.41668701   0.0000E-07
     163.45831299   0.0000E-07
     163.50000000   0.0000E-07
     163.54168701   0.0000E-07
     163.58331299   0.0000E-07
     163.62500000   0.0000E-07
     163.66668701   0.0000E-07
     163.70831299   0.0000E-07
     163.75000000   0.0000E-07
     163.79168701   0.0000E-07
     163.83331299   0.0000E-07
     163.87500000   0.0000E-07
     163.91668701   0.0000E-07
     163.95831299   0.0000E-07
     164.00000000   0.0000E-07
     164.04168701   0.0000E-07
     164.08331299   0.0000E-07
     164.12500000   0.0000E-07
     164.16668701   0.0000E-07
     164.20831299   0.0000E-07
     164.25000000   0.0000E-07
     164.29168701   0.0000E-07
     164.33331299   0.0000E-07
     164.37500000   0.0000E-07
     164.41668701   0.0000E-07
     164.45831299   0.0000E-07
     164.50000000   0.0000E-07
     164.54168701   0.0000E-07
     164.58331299   0.0000E-07
     164.62500000   0.0000E-07
     164.66668701   0.0000E-07
     164.70831299   0.0000E-07
     164.75000000   0.0000E-07
     164.79168701   0.0000E-07
     164.83331299   0.0000E-07
     164.87500000   0.0000E-07
     164.91668701   0.0000E-07
     164.95831299   0.0000E-07
     165.00000000   0.0000E-07
     165.04168701   0.0000E-07
     165.08331299   0.0000E-07
     165.12500000   0.0000E-07
     165.16668701   0.0000E-07
     165.20831299   0.0000E-07
     165.25000000   0.0000E-07
     165.29168701   0.0000E-07
     165.33331299   0.0000E-07
     165.37500000   0.0000E-07
     165.41668701   0.0000E-07
     165.45831299   0.0000E-07
     165.50000000   0.0000E-07
     165.54168701   0.0000E-07
     165.58331299   0.0000E-07
     165.62500000   0.0000E-07
     165.66668701   0.0000E-07
     165.70831299   0.0000E-07
     165.75000000   0.0000E-07
     165.79168701   0.0000E-07
     165.83331299   0.0000E-07
     165.87500000   0.0000E-07
     165.91668701   0.0000E-07
     165.95831299   0.0000E-07
     166.00000000   0.0000E-07
     166.04168701   0.0000E-07
     166.08331299   0.0000E-07
     166.12500000   0.0000E-07
     166.16668701   0.0000E-07
     166.20831299   0.0000E-07
     166.25000000   0.0000E-07
     166.29168701   0.0000E-07
     166.33331299   0.0000E-07
     166.37500000   0.0000E-07
     166.41668701   0.0000E-07
     166.45831299   0.0000E-07
     166.50000000   0.0000E-07
     166.54168701   0.0000E-07
     166.58331299   0.0000E-07
     166.62500000   0.0000E-07
     166.66668701   0.0000E-07
     166.70831299   0.0000E-07
     166.75000000   0.0000E-07
     166.79168701   0.0000E-07
     166.83331299   0.0000E-07
     166.87500000   0.0000E-07
     166.91668701   0.0000E-07
     166.95831299   0.0000E-07
     167.00000000   0.0000E-07
     167.04168701   0.0000E-07
     167.08331299   0.0000E-07
     167.12500000   0.0000E-07
     167.16668701   0.0000E-07
     167.20831299   0.0000E-07
     167.25000000   0.0000E-07
     167.29168701   0.0000E-07
     167.33331299   0.0000E-07
     167.37500000   0.0000E-07
     167.41668701   0.0000E-07
     167.45831299   0.0000E-07
     167.50000000   0.0000E-07
     167.54168701   0.0000E-07
     167.58331299   0.0000E-07
     167.62500000   0.0000E-07
     167.66668701   0.0000E-07
     167.70831299   0.0000E-07
     167.75000000   0.0000E-07
     167.79168701   0.0000E-07
     167.83331299   0.0000E-07
     167.87500000   0.0000E-07
     167.91668701   0.0000E-07
     167.95831299   0.0000E-07
     168.00000000   0.0000E-07
     168.04168701   0.0000E-07
     168.08331299   0.0000E-07
     168.12500000   0.0000E-07
     168.16668701   0.0000E-07
     168.20831299   0.0000E-07
     168.25000000   0.0000E-07
     168.29168701   0.0000E-07
     168.33331299   0.0000E-07
     168.37500000   0.0000E-07
     168.41668701   0.0000E-07
     168.45831299   0.0000E-07
     168.50000000   0.0000E-07
     168.54168701   0.0000E-07
     168.58331299   0.0000E-07
     168.62500000   0.0000E-07
     168.66668701   0.0000E-07
     168.70831299   0.0000E-07
     168.75000000   0.0000E-07
     168.79168701   0.0000E-07
     168.83331299   0.0000E-07
     168.87500000   0.0000E-07
     168.91668701   0.0000E-07
     168.95831299   0.0000E-07
     169.00000000   0.0000E-07
     169.04168701   0.0000E-07
     169.08331299   0.0000E-07
     169.12500000   0.0000E-07
     169.16668701   0.0000E-07
     169.20831299   0.0000E-07
     169.25000000   0.0000E-07
     169.29168701   0.0000E-07
     169.33331299   0.0000E-07
     169.37500000   0.0000E-07
     169.41668701   0.0000E-07
     169.45831299   0.0000E-07
     169.50000000   0.0000E-07
     169.54168701   0.0000E-07
     169.58331299   0.0000E-07
     169.62500000   0.0000E-07
     169.66668701   0.0000E-07
     169.70831299   0.0000E-07
     169.75000000   0.0000E-07
     169.79168701   0.0000E-07
     169.83331299   0.0000E-07
     169.87500000   0.0000E-07
     169.91668701   0.0000E-07
     169.95831299   0.0000E-07
     170.00000000   0.0000E-07
     170.04168701   0.0000E-07
     170.08331299   0.0000E-07
     170.12500000   0.0000E-07
     170.16668701   0.0000E-07
     170.20831299   0.0000E-07
     170.25000000   0.0000E-07
     170.29168701   0.0000E-07
     170.33331299   0.0000E-07
     170.37500000   0.0000E-07
     170.41668701   0.0000E-07
     170.45831299   0.0000E-07
     170.50000000   0.0000E-07
     170.54168701   0.0000E-07
     170.58331299   0.0000E-07
     170.62500000   0.0000E-07
     170.66668701   0.0000E-07
     170.70831299   0.0000E-07
     170.75000000   0.0000E-07
     170.79168701   0.0000E-07
     170.83331299   0.0000E-07
     170.87500000   0.0000E-07
     170.91668701   0.0000E-07
     170.95831299   0.0000E-07
     171.00000000   0.0000E-07
     171.04168701   0.0000E-07
     171.08331299   0.0000E-07
     171.12500000   0.0000E-07
     171.16668701   0.0000E-07
     171.20831299   0.0000E-07
     171.25000000   0.0000E-07
     171.29168701   0.0000E-07
     171.33331299   0.0000E-07
     171.37500000   0.0000E-07
     171.41668701   0.0000E-07
     171.45831299   0.0000E-07
     171.50000000   0.0000E-07
     171.54168701   0.0000E-07
     171.58331299   0.0000E-07
     171.62500000   0.0000E-07
     171.66668701   0.0000E-07
     171.70831299   0.0000E-07
     171.75000000   0.0000E-07
     171.79168701   0.0000E-07
     171.83331299   0.0000E-07
     171.87500000   0.0000E-07
     171.91668701   0.0000E-07
     171.95831299   0.0000E-07
     172.00000000   0.0000E-07
     172.04168701   0.0000E-07
     172.08331299   0.0000E-07
     172.12500000   0.0000E-07
     172.16668701   0.0000E-07
     172.20831299   0.0000E-07
     172.25000000   0.0000E-07
     172.29168701   0.0000E-07
     172.33331299   0.0000E-07
     172.37500000   0.0000E-07
     172.41668701   0.0000E-07
     172.45831299   0.0000E-07
     172.50000000   0.0000E-07
     172.54168701   0.0000E-07
     172.58331299   0.0000E-07
     172.62500000   0.0000E-07
     172.66668701   0.0000E-07
     172.70831299   0.0000E-07
     172.75000000   0.0000E-07
     172.79168701   0.0000E-07
     172.83331299   0.0000E-07
     172.87500000   0.0000E-07
     172.91668701   0.0000E-07
     172.95831299   0.0000E-07
     173.00000000   0.0000E-07
     173.04168701   0.0000E-07
     173.08331299   0.0000E-07
     173.12500000   0.0000E-07
     173.16668701   0.0000E-07
     173.20831299   0.0000E-07
     173.25000000   0.0000E-07
     173.29168701   0.0000E-07
     173.33331299   0.0000E-07
     173.37500000   0.0000E-07
     173.41668701   0.0000E-07
     173.45831299   0.0000E-07
     173.50000000   0.0000E-07
     173.54168701   0.0000E-07
     173.58331299   0.0000E-07
     173.62500000   0.0000E-07
     173.66668701   0.0000E-07
     173.70831299   0.0000E-07
     173.75000000   0.0000E-07
     173.79168701   0.0000E-07
     173.83331299   0.0000E-07
     173.87500000   0.0000E-07
     173.91668701   0.0000E-07
     173.95831299   0.0000E-07
     174.00000000   0.0000E-07
     174.04168701   0.0000E-07
     174.08331299   0.0000E-07
     174.12500000   0.0000E-07
     174.16668701   0.0000E-07
     174.20831299   0.0000E-07
     174.25000000   0.0000E-07
     174.29168701   0.0000E-07
     174.33331299   0.0000E-07
     174.37500000   0.0000E-07
     174.41668701   0.0000E-07
     174.45831299   0.0000E-07
     174.50000000   0.0000E-07
     174.54168701   0.0000E-07
     174.58331299   0.0000E-07
     174.62500000   0.0000E-07
     174.66668701   0.0000E-07
     174.70831299   0.0000E-07
     174.75000000   0.0000E-07
     174.79168701   0.0000E-07
     174.83331299   0.0000E-07
     174.87500000   0.0000E-07
     174.91668701   0.0000E-07
     174.95831299   0.0000E-07
     175.00000000   0.0000E-07
     175.04168701   0.0000E-07
     175.08331299   0.0000E-07
     175.12500000   0.0000E-07
     175.16668701   0.0000E-07
     175.20831299   0.0000E-07
     175.25000000   0.0000E-07
     175.29168701   0.0000E-07
     175.33331299   0.0000E-07
     175.37500000   0.0000E-07
     175.41668701   0.0000E-07
     175.45831299   0.0000E-07
     175.50000000   0.0000E-07
     175.54168701   0.0000E-07
     175.58331299   0.0000E-07
     175.62500000   0.0000E-07
     175.66668701   0.0000E-07
     175.70831299   0.0000E-07
     175.75000000   0.0000E-07
     175.79168701   0.0000E-07
     175.83331299   0.0000E-07
     175.87500000   0.0000E-07
     175.91668701   0.0000E-07
     175.95831299   0.0000E-07
     176.00000000   0.0000E-07
     176.04168701   0.0000E-07
     176.08331299   0.0000E-07
     176.12500000   0.0000E-07
     176.16668701   0.0000E-07
     176.20831299   0.0000E-07
     176.25000000   0.0000E-07
     176.29168701   0.0000E-07
     176.33331299   0.0000E-07
     176.37500000   0.0000E-07
     176.41668701   0.0000E-07
     176.45831299   0.0000E-07
     176.50000000   0.0000E-07
     176.54168701   0.0000E-07
     176.58331299   0.0000E-07
     176.62500000   0.0000E-07
     176.66668701   0.0000E-07
     176.70831299   0.0000E-07
     176.75000000   0.0000E-07
     176.79168701   0.0000E-07
     176.83331299   0.0000E-07
     176.87500000   0.0000E-07
     176.91668701   0.0000E-07
     176.95831299   0.0000E-07
     177.00000000   0.0000E-07
     177.04168701   0.0000E-07
     177.08331299   0.0000E-07
     177.12500000   0.0000E-07
     177.16668701   0.0000E-07
     177.20831299   0.0000E-07
     177.25000000   0.0000E-07
     177.29168701   0.0000E-07
     177.33331299   0.0000E-07
     177.37500000   0.0000E-07
     177.41668701   0.0000E-07
     177.45831299   0.0000E-07
     177.50000000   0.0000E-07
     177.54168701   0.0000E-07
     177.58331299   0.0000E-07
     177.62500000   0.0000E-07
     177.66668701   0.0000E-07
     177.70831299   0.0000E-07
     177.75000000   0.0000E-07
     177.79168701   0.0000E-07
     177.83331299   0.0000E-07
     177.87500000   0.0000E-07
     177.91668701   0.0000E-07
     177.95831299   0.0000E-07
     178.00000000   0.0000E-07
     178.04168701   0.0000E-07
     178.08331299   0.0000E-07
     178.12500000   0.0000E-07
     178.16668701   0.0000E-07
     178.20831299   0.0000E-07
     178.25000000   0.0000E-07
     178.29168701   0.0000E-07
     178.33331299   0.0000E-07
     178.37500000   0.0000E-07
     178.41668701   0.0000E-07
     178.45831299   0.0000E-07
     178.50000000   0.0000E-07
     178.54168701   0.0000E-07
     178.58331299   0.0000E-07
     178.62500000   0.0000E-07
     178.66668701   0.0000E-07
     178.70831299   0.0000E-07
     178.75000000   0.0000E-07
     178.79168701   0.0000E-07
     178.83331299   0.0000E-07
     178.87500000   0.0000E-07
     178.91668701   0.0000E-07
     178.95831299   0.0000E-07
     179.00000000   0.0000E-07
     179.04168701   0.0000E-07
     179.08331299   0.0000E-07
     179.12500000   0.0000E-07
     179.16668701   0.0000E-07
     179.20831299   0.0000E-07
     179.25000000   0.0000E-07
     179.29168701   0.0000E-07
     179.33331299   0.0000E-07
     179.37500000   0.0000E-07
     179.41668701   0.0000E-07
     179.45831299   0.0000E-07
     179.50000000   0.0000E-07
     179.54168701   0.0000E-07
     179.58331299   0.0000E-07
     179.62500000   0.0000E-07
     179.66668701   0.0000E-07
     179.70831299   0.0000E-07
     179.75000000   0.0000E-07
     179.79168701   0.0000E-07
     179.83331299   0.0000E-07
     179.87500000   0.0000E-07
     179.91668701   0.0000E-07
     179.95831299   0.0000E-07
     180.00000000   0.0000E-07
     180.04168701   0.0000E-07
     180.08331299   0.0000E-07
     180.12500000   0.0000E-07
     180.16668701   0.0000E-07
     180.20831299   0.0000E-07
     180.25000000   0.0000E-07
     180.29168701   0.0000E-07
     180.33331299   0.0000E-07
     180.37500000   0.0000E-07
     180.41668701   0.0000E-07
     180.45831299   0.0000E-07
     180.50000000   0.0000E-07
     180.54168701   0.0000E-07
     180.58331299   0.0000E-07
     180.62500000   0.0000E-07
     180.66668701   0.0000E-07
     180.70831299   0.0000E-07
     180.75000000   0.0000E-07
     180.79168701   0.0000E-07
     180.83331299   0.0000E-07
     180.87500000   0.0000E-07
     180.91668701   0.0000E-07
     180.95831299   0.0000E-07
     181.00000000   0.0000E-07
     181.04168701   0.0000E-07
     181.08331299   0.0000E-07
     181.12500000   0.0000E-07
     181.16668701   0.0000E-07
     181.20831299   0.0000E-07
     181.25000000   0.0000E-07
     181.29168701   0.0000E-07
     181.33331299   0.0000E-07
     181.37500000   0.0000E-07
     181.41668701   0.0000E-07
     181.45831299   0.0000E-07
     181.50000000   0.0000E-07
     181.54168701   0.0000E-07
     181.58331299   0.0000E-07
     181.62500000   0.0000E-07
     181.66668701   0.0000E-07
     181.70831299   0.0000E-07
     181.75000000   0.0000E-07
     181.79168701   0.0000E-07
     181.83331299   0.0000E-07
     181.87500000   0.0000E-07
     181.91668701   0.0000E-07
     181.95831299   0.0000E-07
     182.00000000   0.0000E-07
     182.04168701   0.0000E-07
     182.08331299   0.0000E-07
     182.12500000   0.0000E-07
     182.16668701   0.0000E-07
     182.20831299   0.0000E-07
     182.25000000   0.0000E-07
     182.29168701   0.0000E-07
     182.33331299   0.0000E-07
     182.37500000   0.0000E-07
     182.41668701   0.0000E-07
     182.45831299   0.0000E-07
     182.50000000   0.0000E-07
     182.54168701   0.0000E-07
     182.58331299   0.0000E-07
     182.62500000   0.0000E-07
     182.66668701   0.0000E-07
     182.70831299   0.0000E-07
     182.75000000   0.0000E-07
     182.79168701   0.0000E-07
     182.83331299   0.0000E-07
     182.87500000   0.0000E-07
     182.91668701   0.0000E-07
     182.95831299   0.0000E-07
     183.00000000   0.0000E-07
     183.04168701   0.0000E-07
     183.08331299   0.0000E-07
     183.12500000   0.0000E-07
     183.16668701   0.0000E-07
     183.20831299   0.0000E-07
     183.25000000   0.0000E-07
     183.29168701   0.0000E-07
     183.33331299   0.0000E-07
     183.37500000   0.0000E-07
     183.41668701   0.0000E-07
     183.45831299   0.0000E-07
     183.50000000   0.0000E-07
     183.54168701   0.0000E-07
     183.58331299   0.0000E-07
     183.62500000   0.0000E-07
     183.66668701   0.0000E-07
     183.70831299   0.0000E-07
     183.75000000   0.0000E-07
     183.79168701   0.0000E-07
     183.83331299   0.0000E-07
     183.87500000   0.0000E-07
     183.91668701   0.0000E-07
     183.95831299   0.0000E-07
     184.00000000   0.0000E-07
     184.04168701   0.0000E-07
     184.08331299   0.0000E-07
     184.12500000   0.0000E-07
     184.16668701   0.0000E-07
     184.20831299   0.0000E-07
     184.25000000   0.0000E-07
     184.29168701   0.0000E-07
     184.33331299   0.0000E-07
     184.37500000   0.0000E-07
     184.41668701   0.0000E-07
     184.45831299   0.0000E-07
     184.50000000   0.0000E-07
     184.54168701   0.0000E-07
     184.58331299   0.0000E-07
     184.62500000   0.0000E-07
     184.66668701   0.0000E-07
     184.70831299   0.0000E-07
     184.75000000   0.0000E-07
     184.79168701   0.0000E-07
     184.83331299   0.0000E-07
     184.87500000   0.0000E-07
     184.91668701   0.0000E-07
     184.95831299   0.0000E-07
     185.00000000   0.0000E-07
     185.04168701   0.0000E-07
     185.08331299   0.0000E-07
     185.12500000   0.0000E-07
     185.16668701   0.0000E-07
     185.20831299   0.0000E-07
     185.25000000   0.0000E-07
     185.29168701   0.0000E-07
     185.33331299   0.0000E-07
     185.37500000   0.0000E-07
     185.41668701   0.0000E-07
     185.45831299   0.0000E-07
     185.50000000   0.0000E-07
     185.54168701   0.0000E-07
     185.58331299   0.0000E-07
     185.62500000   0.0000E-07
     185.66668701   0.0000E-07
     185.70831299   0.0000E-07
     185.75000000   0.0000E-07
     185.79168701   0.0000E-07
     185.83331299   0.0000E-07
     185.87500000   0.0000E-07
     185.91668701   0.0000E-07
     185.95831299   0.0000E-07
     186.00000000   0.0000E-07
     186.04168701   0.0000E-07
     186.08331299   0.0000E-07
     186.12500000   0.0000E-07
     186.16668701   0.0000E-07
     186.20831299   0.0000E-07
     186.25000000   0.0000E-07
     186.29168701   0.0000E-07
     186.33331299   0.0000E-07
     186.37500000   0.0000E-07
     186.41668701   0.0000E-07
     186.45831299   0.0000E-07
     186.50000000   0.0000E-07
     186.54168701   0.0000E-07
     186.58331299   0.0000E-07
     186.62500000   0.0000E-07
     186.66668701   0.0000E-07
     186.70831299   0.0000E-07
     186.75000000   0.0000E-07
     186.79168701   0.0000E-07
     186.83331299   0.0000E-07
     186.87500000   0.0000E-07
     186.91668701   0.0000E-07
     186.95831299   0.0000E-07
     187.00000000   0.0000E-07
     187.04168701   0.0000E-07
     187.08331299   0.0000E-07
     187.12500000   0.0000E-07
     187.16668701   0.0000E-07
     187.20831299   0.0000E-07
     187.25000000   0.0000E-07
     187.29168701   0.0000E-07
     187.33331299   0.0000E-07
     187.37500000   0.0000E-07
     187.41668701   0.0000E-07
     187.45831299   0.0000E-07
     187.50000000   0.0000E-07
     187.54168701   0.0000E-07
     187.58331299   0.0000E-07
     187.62500000   0.0000E-07
     187.66668701   0.0000E-07
     187.70831299   0.0000E-07
     187.75000000   0.0000E-07
     187.79168701   0.0000E-07
     187.83331299   0.0000E-07
     187.87500000   0.0000E-07
     187.91668701   0.0000E-07
     187.95831299   0.0000E-07
     188.00000000   0.0000E-07
     188.04168701   0.0000E-07
     188.08331299   0.0000E-07
     188.12500000   0.0000E-07
     188.16668701   0.0000E-07
     188.20831299   0.0000E-07
     188.25000000   0.0000E-07
     188.29168701   0.0000E-07
     188.33331299   0.0000E-07
     188.37500000   0.0000E-07
     188.41668701   0.0000E-07
     188.45831299   0.0000E-07
     188.50000000   0.0000E-07
     188.54168701   0.0000E-07
     188.58331299   0.0000E-07
     188.62500000   0.0000E-07
     188.66668701   0.0000E-07
     188.70831299   0.0000E-07
     188.75000000   0.0000E-07
     188.79168701   0.0000E-07
     188.83331299   0.0000E-07
     188.87500000   0.0000E-07
     188.91668701   0.0000E-07
     188.95831299   0.0000E-07
     189.00000000   0.0000E-07
     189.04168701   0.0000E-07
     189.08331299   0.0000E-07
     189.12500000   0.0000E-07
     189.16668701   0.0000E-07
     189.20831299   0.0000E-07
     189.25000000   0.0000E-07
     189.29168701   0.0000E-07
     189.33331299   0.0000E-07
     189.37500000   0.0000E-07
     189.41668701   0.0000E-07
     189.45831299   0.0000E-07
     189.50000000   0.0000E-07
     189.54168701   0.0000E-07
     189.58331299   0.0000E-07
     189.62500000   0.0000E-07
     189.66668701   0.0000E-07
     189.70831299   0.0000E-07
     189.75000000   0.0000E-07
     189.79168701   0.0000E-07
     189.83331299   0.0000E-07
     189.87500000   0.0000E-07
     189.91668701   0.0000E-07
     189.95831299   0.0000E-07
     190.00000000   0.0000E-07
     190.04168701   0.0000E-07
     190.08331299   0.0000E-07
     190.12500000   0.0000E-07
     190.16668701   0.0000E-07
     190.20831299   0.0000E-07
     190.25000000   0.0000E-07
     190.29168701   0.0000E-07
     190.33331299   0.0000E-07
     190.37500000   0.0000E-07
     190.41668701   0.0000E-07
     190.45831299   0.0000E-07
     190.50000000   0.0000E-07
     190.54168701   0.0000E-07
     190.58331299   0.0000E-07
     190.62500000   0.0000E-07
     190.66668701   0.0000E-07
     190.70831299   0.0000E-07
     190.75000000   0.0000E-07
     190.79168701   0.0000E-07
     190.83331299   0.0000E-07
     190.87500000   0.0000E-07
     190.91668701   0.0000E-07
     190.95831299   0.0000E-07
     191.00000000   0.0000E-07
     191.04168701   0.0000E-07
     191.08331299   0.0000E-07
     191.12500000   0.0000E-07
     191.16668701   0.0000E-07
     191.20831299   0.0000E-07
     191.25000000   0.0000E-07
     191.29168701   0.0000E-07
     191.33331299   0.0000E-07
     191.37500000   0.0000E-07
     191.41668701   0.0000E-07
     191.45831299   0.0000E-07
     191.50000000   0.0000E-07
     191.54168701   0.0000E-07
     191.58331299   0.0000E-07
     191.62500000   0.0000E-07
     191.66668701   0.0000E-07
     191.70831299   0.0000E-07
     191.75000000   0.0000E-07
     191.79168701   0.0000E-07
     191.83331299   0.0000E-07
     191.87500000   0.0000E-07
     191.91668701   0.0000E-07
     191.95831299   0.0000E-07
     192.00000000   0.0000E-07
     192.04168701   0.0000E-07
     192.08331299   0.0000E-07
     192.12500000   0.0000E-07
     192.16668701   0.0000E-07
     192.20831299   0.0000E-07
     192.25000000   0.0000E-07
     192.29168701   0.0000E-07
     192.33331299   0.0000E-07
     192.37500000   0.0000E-07
     192.41668701   0.0000E-07
     192.45831299   0.0000E-07
     192.50000000   0.0000E-07
     192.54168701   0.0000E-07
     192.58331299   0.0000E-07
     192.62500000   0.0000E-07
     192.66668701   0.0000E-07
     192.70831299   0.0000E-07
     192.75000000   0.0000E-07
     192.79168701   0.0000E-07
     192.83331299   0.0000E-07
     192.87500000   0.0000E-07
     192.91668701   0.0000E-07
     192.95831299   0.0000E-07
     193.00000000   0.0000E-07
     193.04168701   0.0000E-07
     193.08331299   0.0000E-07
     193.12500000   0.0000E-07
     193.16668701   0.0000E-07
     193.20831299   0.0000E-07
     193.25000000   0.0000E-07
     193.29168701   0.0000E-07
     193.33331299   0.0000E-07
     193.37500000   0.0000E-07
     193.41668701   0.0000E-07
     193.45831299   0.0000E-07
     193.50000000   0.0000E-07
     193.54168701   0.0000E-07
     193.58331299   0.0000E-07
     193.62500000   0.0000E-07
     193.66668701   0.0000E-07
     193.70831299   0.0000E-07
     193.75000000   0.0000E-07
     193.79168701   0.0000E-07
     193.83331299   0.0000E-07
     193.87500000   0.0000E-07
     193.91668701   0.0000E-07
     193.95831299   0.0000E-07
     194.00000000   0.0000E-07
     194.04168701   0.0000E-07
     194.08331299   0.0000E-07
     194.12500000   0.0000E-07
     194.16668701   0.0000E-07
     194.20831299   0.0000E-07
     194.25000000   0.0000E-07
     194.29168701   0.0000E-07
     194.33331299   0.0000E-07
     194.37500000   0.0000E-07
     194.41668701   0.0000E-07
     194.45831299   0.0000E-07
     194.50000000   0.0000E-07
     194.54168701   0.0000E-07
     194.58331299   0.0000E-07
     194.62500000   0.0000E-07
     194.66668701   0.0000E-07
     194.70831299   0.0000E-07
     194.75000000   0.0000E-07
     194.79168701   0.0000E-07
     194.83331299   0.0000E-07
     194.87500000   0.0000E-07
     194.91668701   0.0000E-07
     194.95831299   0.0000E-07
     195.00000000   0.0000E-07
     195.04168701   0.0000E-07
     195.08331299   0.0000E-07
     195.12500000   0.0000E-07
     195.16668701   0.0000E-07
     195.20831299   0.0000E-07
     195.25000000   0.0000E-07
     195.29168701   0.0000E-07
     195.33331299   0.0000E-07
     195.37500000   0.0000E-07
     195.41668701   0.0000E-07
     195.45831299   0.0000E-07
     195.50000000   0.0000E-07
     195.54168701   0.0000E-07
     195.58331299   0.0000E-07
     195.62500000   0.0000E-07
     195.66668701   0.0000E-07
     195.70831299   0.0000E-07
     195.75000000   0.0000E-07
     195.79168701   0.0000E-07
     195.83331299   0.0000E-07
     195.87500000   0.0000E-07
     195.91668701   0.0000E-07
     195.95831299   0.0000E-07
     196.00000000   0.0000E-07
     196.04168701   0.0000E-07
     196.08331299   0.0000E-07
     196.12500000   0.0000E-07
     196.16668701   0.0000E-07
     196.20831299   0.0000E-07
     196.25000000   0.0000E-07
     196.29168701   0.0000E-07
     196.33331299   0.0000E-07
     196.37500000   0.0000E-07
     196.41668701   0.0000E-07
     196.45831299   0.0000E-07
     196.50000000   0.0000E-07
     196.54168701   0.0000E-07
     196.58331299   0.0000E-07
     196.62500000   0.0000E-07
     196.66668701   0.0000E-07
     196.70831299   0.0000E-07
     196.75000000   0.0000E-07
     196.79168701   0.0000E-07
     196.83331299   0.0000E-07
     196.87500000   0.0000E-07
     196.91668701   0.0000E-07
     196.95831299   0.0000E-07
     197.00000000   0.0000E-07
     197.04168701   0.0000E-07
     197.08331299   0.0000E-07
     197.12500000   0.0000E-07
     197.16668701   0.0000E-07
     197.20831299   0.0000E-07
     197.25000000   0.0000E-07
     197.29168701   0.0000E-07
     197.33331299   0.0000E-07
     197.37500000   0.0000E-07
     197.41668701   0.0000E-07
     197.45831299   0.0000E-07
     197.50000000   0.0000E-07
     197.54168701   0.0000E-07
     197.58331299   0.0000E-07
     197.62500000   0.0000E-07
     197.66668701   0.0000E-07
     197.70831299   0.0000E-07
     197.75000000   0.0000E-07
     197.79168701   0.0000E-07
     197.83331299   0.0000E-07
     197.87500000   0.0000E-07
     197.91668701   0.0000E-07
     197.95831299   0.0000E-07
     198.00000000   0.0000E-07
     198.04168701   0.0000E-07
     198.08331299   0.0000E-07
     198.12500000   0.0000E-07
     198.16668701   0.0000E-07
     198.20831299   0.0000E-07
     198.25000000   0.0000E-07
     198.29168701   0.0000E-07
     198.33331299   0.0000E-07
     198.37500000   0.0000E-07
     198.41668701   0.0000E-07
     198.45831299   0.0000E-07
     198.50000000   0.0000E-07
     198.54168701   0.0000E-07
     198.58331299   0.0000E-07
     198.62500000   0.0000E-07
     198.66668701   0.0000E-07
     198.70831299   0.0000E-07
     198.75000000   0.0000E-07
     198.79168701   0.0000E-07
     198.83331299   0.0000E-07
     198.87500000   0.0000E-07
     198.91668701   0.0000E-07
     198.95831299   0.0000E-07
     199.00000000   0.0000E-07
     199.04168701   0.0000E-07
     199.08331299   0.0000E-07
     199.12500000   0.0000E-07
     199.16668701   0.0000E-07
     199.20831299   0.0000E-07
     199.25000000   0.0000E-07
     199.29168701   0.0000E-07
     199.33331299   0.0000E-07
     199.37500000   0.0000E-07
     199.41668701   0.0000E-07
     199.45831299   0.0000E-07
     199.50000000   0.0000E-07
     199.54168701   0.0000E-07
     199.58331299   0.0000E-07
     199.62500000   0.0000E-07
     199.66668701   0.0000E-07
     199.70831299   0.0000E-07
     199.75000000   0.0000E-07
     199.79168701   0.0000E-07
     199.83331299   0.0000E-07
     199.87500000   0.0000E-07
     199.91668701   0.0000E-07
     199.95831299   0.0000E-07
     200.00000000   0.0000E-07
     200.04168701   0.0000E-07
     200.08331299   0.0000E-07
     200.12500000   0.0000E-07
     200.16668701   0.0000E-07
     200.20831299   0.0000E-07
     200.25000000   0.0000E-07
     200.29168701   0.0000E-07
     200.33331299   0.0000E-07
     200.37500000   0.0000E-07
     200.41668701   0.0000E-07
     200.45831299   0.0000E-07
     200.50000000   0.0000E-07
     200.54168701   0.0000E-07
     200.58331299   0.0000E-07
     200.62500000   0.0000E-07
     200.66668701   0.0000E-07
     200.70831299   0.0000E-07
     200.75000000   0.0000E-07
     200.79168701   0.0000E-07
     200.83331299   0.0000E-07
     200.87500000   0.0000E-07
     200.91668701   0.0000E-07
     200.95831299   0.0000E-07
     201.00000000   0.0000E-07
     201.04168701   0.0000E-07
     201.08331299   0.0000E-07
     201.12500000   0.0000E-07
     201.16668701   0.0000E-07
     201.20831299   0.0000E-07
     201.25000000   0.0000E-07
     201.29168701   0.0000E-07
     201.33331299   0.0000E-07
     201.37500000   0.0000E-07
     201.41668701   0.0000E-07
     201.45831299   0.0000E-07
     201.50000000   0.0000E-07
     201.54168701   0.0000E-07
     201.58331299   0.0000E-07
     201.62500000   0.0000E-07
     201.66668701   0.0000E-07
     201.70831299   0.0000E-07
     201.75000000   0.0000E-07
     201.79168701   0.0000E-07
     201.83331299   0.0000E-07
     201.87500000   0.0000E-07
     201.91668701   0.0000E-07
     201.95831299   0.0000E-07
     202.00000000   0.0000E-07
     202.04168701   0.0000E-07
     202.08331299   0.0000E-07
     202.12500000   0.0000E-07
     202.16668701   0.0000E-07
     202.20831299   0.0000E-07
     202.25000000   0.0000E-07
     202.29168701   0.0000E-07
     202.33331299   0.0000E-07
     202.37500000   0.0000E-07
     202.41668701   0.0000E-07
     202.45831299   0.0000E-07
     202.50000000   0.0000E-07
     202.54168701   0.0000E-07
     202.58331299   0.0000E-07
     202.62500000   0.0000E-07
     202.66668701   0.0000E-07
     202.70831299   0.0000E-07
     202.75000000   0.0000E-07
     202.79168701   0.0000E-07
     202.83331299   0.0000E-07
     202.87500000   0.0000E-07
     202.91668701   0.0000E-07
     202.95831299   0.0000E-07
     203.00000000   0.0000E-07
     203.04168701   0.0000E-07
     203.08331299   0.0000E-07
     203.12500000   0.0000E-07
     203.16668701   0.0000E-07
     203.20831299   0.0000E-07
     203.25000000   0.0000E-07
     203.29168701   0.0000E-07
     203.33331299   0.0000E-07
     203.37500000   0.0000E-07
     203.41668701   0.0000E-07
     203.45831299   0.0000E-07
     203.50000000   0.0000E-07
     203.54168701   0.0000E-07
     203.58331299   0.0000E-07
     203.62500000   0.0000E-07
     203.66668701   0.0000E-07
     203.70831299   0.0000E-07
     203.75000000   0.0000E-07
     203.79168701   0.0000E-07
     203.83331299   0.0000E-07
     203.87500000   0.0000E-07
     203.91668701   0.0000E-07
     203.95831299   0.0000E-07
     204.00000000   0.0000E-07
     204.04168701   0.0000E-07
     204.08331299   0.0000E-07
     204.12500000   0.0000E-07
     204.16668701   0.0000E-07
     204.20831299   0.0000E-07
     204.25000000   0.0000E-07
     204.29168701   0.0000E-07
     204.33331299   0.0000E-07
     204.37500000   0.0000E-07
     204.41668701   0.0000E-07
     204.45831299   0.0000E-07
     204.50000000   0.0000E-07
     204.54168701   0.0000E-07
     204.58331299   0.0000E-07
     204.62500000   0.0000E-07
     204.66668701   0.0000E-07
     204.70831299   0.0000E-07
     204.75000000   0.0000E-07
     204.79168701   0.0000E-07
     204.83331299   0.0000E-07
     204.87500000   0.0000E-07
     204.91668701   0.0000E-07
     204.95831299   0.0000E-07
     205.00000000   0.0000E-07
     205.04168701   0.0000E-07
     205.08331299   0.0000E-07
     205.12500000   0.0000E-07
     205.16668701   0.0000E-07
     205.20831299   0.0000E-07
     205.25000000   0.0000E-07
     205.29168701   0.0000E-07
     205.33331299   0.0000E-07
     205.37500000   0.0000E-07
     205.41668701   0.0000E-07
     205.45831299   0.0000E-07
     205.50000000   0.0000E-07
     205.54168701   0.0000E-07
     205.58331299   0.0000E-07
     205.62500000   0.0000E-07
     205.66668701   0.0000E-07
     205.70831299   0.0000E-07
     205.75000000   0.0000E-07
     205.79168701   0.0000E-07
     205.83331299   0.0000E-07
     205.87500000   0.0000E-07
     205.91668701   0.0000E-07
     205.95831299   0.0000E-07
     206.00000000   0.0000E-07
     206.04168701   0.0000E-07
     206.08331299   0.0000E-07
     206.12500000   0.0000E-07
     206.16668701   0.0000E-07
     206.20831299   0.0000E-07
     206.25000000   0.0000E-07
     206.29168701   0.0000E-07
     206.33331299   0.0000E-07
     206.37500000   0.0000E-07
     206.41668701   0.0000E-07
     206.45831299   0.0000E-07
     206.50000000   0.0000E-07
     206.54168701   0.0000E-07
     206.58331299   0.0000E-07
     206.62500000   0.0000E-07
     206.66668701   0.0000E-07
     206.70831299   0.0000E-07
     206.75000000   0.0000E-07
     206.79168701   0.0000E-07
     206.83331299   0.0000E-07
     206.87500000   0.0000E-07
     206.91668701   0.0000E-07
     206.95831299   0.0000E-07
     207.00000000   0.0000E-07
     207.04168701   0.0000E-07
     207.08331299   0.0000E-07
     207.12500000   0.0000E-07
     207.16668701   0.0000E-07
     207.20831299   0.0000E-07
     207.25000000   0.0000E-07
     207.29168701   0.0000E-07
     207.33331299   0.0000E-07
     207.37500000   0.0000E-07
     207.41668701   0.0000E-07
     207.45831299   0.0000E-07
     207.50000000   0.0000E-07
     207.54168701   0.0000E-07
     207.58331299   0.0000E-07
     207.62500000   0.0000E-07
     207.66668701   0.0000E-07
     207.70831299   0.0000E-07
     207.75000000   0.0000E-07
     207.79168701   0.0000E-07
     207.83331299   0.0000E-07
     207.87500000   0.0000E-07
     207.91668701   0.0000E-07
     207.95831299   0.0000E-07
     208.00000000   0.0000E-07
     208.04168701   0.0000E-07
     208.08331299   0.0000E-07
     208.12500000   0.0000E-07
     208.16668701   0.0000E-07
     208.20831299   0.0000E-07
     208.25000000   0.0000E-07
     208.29168701   0.0000E-07
     208.33331299   0.0000E-07
     208.37500000   0.0000E-07
     208.41668701   0.0000E-07
     208.45831299   0.0000E-07
     208.50000000   0.0000E-07
     208.54168701   0.0000E-07
     208.58331299   0.0000E-07
     208.62500000   0.0000E-07
     208.66668701   0.0000E-07
     208.70831299   0.0000E-07
     208.75000000   0.0000E-07
     208.79168701   0.0000E-07
     208.83331299   0.0000E-07
     208.87500000   0.0000E-07
     208.91668701   0.0000E-07
     208.95831299   0.0000E-07
     209.00000000   0.0000E-07
     209.04168701   0.0000E-07
     209.08331299   0.0000E-07
     209.12500000   0.0000E-07
     209.16668701   0.0000E-07
     209.20831299   0.0000E-07
     209.25000000   0.0000E-07
     209.29168701   0.0000E-07
     209.33331299   0.0000E-07
     209.37500000   0.0000E-07
     209.41668701   0.0000E-07
     209.45831299   0.0000E-07
     209.50000000   0.0000E-07
     209.54168701   0.0000E-07
     209.58331299   0.0000E-07
     209.62500000   0.0000E-07
     209.66668701   0.0000E-07
     209.70831299   0.0000E-07
     209.75000000   0.0000E-07
     209.79168701   0.0000E-07
     209.83331299   0.0000E-07
     209.87500000   0.0000E-07
     209.91668701   0.0000E-07
     209.95831299   0.0000E-07
     210.00000000   0.0000E-07
     210.04168701   0.0000E-07
     210.08331299   0.0000E-07
     210.12500000   0.0000E-07
     210.16668701   0.0000E-07
     210.20831299   0.0000E-07
     210.25000000   0.0000E-07
     210.29168701   0.0000E-07
     210.33331299   0.0000E-07
     210.37500000   0.0000E-07
     210.41668701   0.0000E-07
     210.45831299   0.0000E-07
     210.50000000   0.0000E-07
     210.54168701   0.0000E-07
     210.58331299   0.0000E-07
     210.62500000   0.0000E-07
     210.66668701   0.0000E-07
     210.70831299   0.0000E-07
     210.75000000   0.0000E-07
     210.79168701   0.0000E-07
     210.83331299   0.0000E-07
     210.87500000   0.0000E-07
     210.91668701   0.0000E-07
     210.95831299   0.0000E-07
     211.00000000   0.0000E-07
     211.04168701   0.0000E-07
     211.08331299   0.0000E-07
     211.12500000   0.0000E-07
     211.16668701   0.0000E-07
     211.20831299   0.0000E-07
     211.25000000   0.0000E-07
     211.29168701   0.0000E-07
     211.33331299   0.0000E-07
     211.37500000   0.0000E-07
     211.41668701   0.0000E-07
     211.45831299   0.0000E-07
     211.50000000   0.0000E-07
     211.54168701   0.0000E-07
     211.58331299   0.0000E-07
     211.62500000   0.0000E-07
     211.66668701   0.0000E-07
     211.70831299   0.0000E-07
     211.75000000   0.0000E-07
     211.79168701   0.0000E-07
     211.83331299   0.0000E-07
     211.87500000   0.0000E-07
     211.91668701   0.0000E-07
     211.95831299   0.0000E-07
     212.00000000   0.0000E-07
     212.04168701   0.0000E-07
     212.08331299   0.0000E-07
     212.12500000   0.0000E-07
     212.16668701   0.0000E-07
     212.20831299   0.0000E-07
     212.25000000   0.0000E-07
     212.29168701   0.0000E-07
     212.33331299   0.0000E-07
     212.37500000   0.0000E-07
     212.41668701   0.0000E-07
     212.45831299   0.0000E-07
     212.50000000   0.0000E-07
     212.54168701   0.0000E-07
     212.58331299   0.0000E-07
     212.62500000   0.0000E-07
     212.66668701   0.0000E-07
     212.70831299   0.0000E-07
     212.75000000   0.0000E-07
     212.79168701   0.0000E-07
     212.83331299   0.0000E-07
     212.87500000   0.0000E-07
     212.91668701   0.0000E-07
     212.95831299   0.0000E-07
     213.00000000   0.0000E-07
     213.04168701   0.0000E-07
     213.08331299   0.0000E-07
     213.12500000   0.0000E-07
     213.16668701   0.0000E-07
     213.20831299   0.0000E-07
     213.25000000   0.0000E-07
     213.29168701   0.0000E-07
     213.33331299   0.0000E-07
     213.37500000   0.0000E-07
     213.41668701   0.0000E-07
     213.45831299   0.0000E-07
     213.50000000   0.0000E-07
     213.54168701   0.0000E-07
     213.58331299   0.0000E-07
     213.62500000   0.0000E-07
     213.66668701   0.0000E-07
     213.70831299   0.0000E-07
     213.75000000   0.0000E-07
     213.79168701   0.0000E-07
     213.83331299   0.0000E-07
     213.87500000   0.0000E-07
     213.91668701   0.0000E-07
     213.95831299   0.0000E-07
     214.00000000   0.0000E-07
     214.04168701   0.0000E-07
     214.08331299   0.0000E-07
     214.12500000   0.0000E-07
     214.16668701   0.0000E-07
     214.20831299   0.0000E-07
     214.25000000   0.0000E-07
     214.29168701   0.0000E-07
     214.33331299   0.0000E-07
     214.37500000   0.0000E-07
     214.41668701   0.0000E-07
     214.45831299   0.0000E-07
     214.50000000   0.0000E-07
     214.54168701   0.0000E-07
     214.58331299   0.0000E-07
     214.62500000   0.0000E-07
     214.66668701   0.0000E-07
     214.70831299   0.0000E-07
     214.75000000   0.0000E-07
     214.79168701   0.0000E-07
     214.83331299   0.0000E-07
     214.87500000   0.0000E-07
     214.91668701   0.0000E-07
     214.95831299   0.0000E-07
     215.00000000   0.0000E-07
     215.04168701   0.0000E-07
     215.08331299   0.0000E-07
     215.12500000   0.0000E-07
     215.16668701   0.0000E-07
     215.20831299   0.0000E-07
     215.25000000   0.0000E-07
     215.29168701   0.0000E-07
     215.33331299   0.0000E-07
     215.37500000   0.0000E-07
     215.41668701   0.0000E-07
     215.45831299   0.0000E-07
     215.50000000   0.0000E-07
     215.54168701   0.0000E-07
     215.58331299   0.0000E-07
     215.62500000   0.0000E-07
     215.66668701   0.0000E-07
     215.70831299   0.0000E-07
     215.75000000   0.0000E-07
     215.79168701   0.0000E-07
     215.83331299   0.0000E-07
     215.87500000   0.0000E-07
     215.91668701   0.0000E-07
     215.95831299   0.0000E-07
     216.00000000   0.0000E-07
     216.04168701   0.0000E-07
     216.08331299   0.0000E-07
     216.12500000   0.0000E-07
     216.16668701   0.0000E-07
     216.20831299   0.0000E-07
     216.25000000   0.0000E-07
     216.29168701   0.0000E-07
     216.33331299   0.0000E-07
     216.37500000   0.0000E-07
     216.41668701   0.0000E-07
     216.45831299   0.0000E-07
     216.50000000   0.0000E-07
     216.54168701   0.0000E-07
     216.58331299   0.0000E-07
     216.62500000   0.0000E-07
     216.66668701   0.0000E-07
     216.70831299   0.0000E-07
     216.75000000   0.0000E-07
     216.79168701   0.0000E-07
     216.83331299   0.0000E-07
     216.87500000   0.0000E-07
     216.91668701   0.0000E-07
     216.95831299   0.0000E-07
     217.00000000   0.0000E-07
     217.04168701   0.0000E-07
     217.08331299   0.0000E-07
     217.12500000   0.0000E-07
     217.16668701   0.0000E-07
     217.20831299   0.0000E-07
     217.25000000   0.0000E-07
     217.29168701   0.0000E-07
     217.33331299   0.0000E-07
     217.37500000   0.0000E-07
     217.41668701   0.0000E-07
     217.45831299   0.0000E-07
     217.50000000   0.0000E-07
     217.54168701   0.0000E-07
     217.58331299   0.0000E-07
     217.62500000   0.0000E-07
     217.66668701   0.0000E-07
     217.70831299   0.0000E-07
     217.75000000   0.0000E-07
     217.79168701   0.0000E-07
     217.83331299   0.0000E-07
     217.87500000   0.0000E-07
     217.91668701   0.0000E-07
     217.95831299   0.0000E-07
     218.00000000   0.0000E-07
     218.04168701   0.0000E-07
     218.08331299   0.0000E-07
     218.12500000   0.0000E-07
     218.16668701   0.0000E-07
     218.20831299   0.0000E-07
     218.25000000   0.0000E-07
     218.29168701   0.0000E-07
     218.33331299   0.0000E-07
     218.37500000   0.0000E-07
     218.41668701   0.0000E-07
     218.45831299   0.0000E-07
     218.50000000   0.0000E-07
     218.54168701   0.0000E-07
     218.58331299   0.0000E-07
     218.62500000   0.0000E-07
     218.66668701   0.0000E-07
     218.70831299   0.0000E-07
     218.75000000   0.0000E-07
     218.79168701   0.0000E-07
     218.83331299   0.0000E-07
     218.87500000   0.0000E-07
     218.91668701   0.0000E-07
     218.95831299   0.0000E-07
     219.00000000   0.0000E-07
     219.04168701   0.0000E-07
     219.08331299   0.0000E-07
     219.12500000   0.0000E-07
     219.16668701   0.0000E-07
     219.20831299   0.0000E-07
     219.25000000   0.0000E-07
     219.29168701   0.0000E-07
     219.33331299   0.0000E-07
     219.37500000   0.0000E-07
     219.41668701   0.0000E-07
     219.45831299   0.0000E-07
     219.50000000   0.0000E-07
     219.54168701   0.0000E-07
     219.58331299   0.0000E-07
     219.62500000   0.0000E-07
     219.66668701   0.0000E-07
     219.70831299   0.0000E-07
     219.75000000   0.0000E-07
     219.79168701   0.0000E-07
     219.83331299   0.0000E-07
     219.87500000   0.0000E-07
     219.91668701   0.0000E-07
     219.95831299   0.0000E-07
     220.00000000   0.0000E-07
     220.04168701   0.0000E-07
     220.08331299   0.0000E-07
     220.12500000   0.0000E-07
     220.16668701   0.0000E-07
     220.20831299   0.0000E-07
     220.25000000   0.0000E-07
     220.29168701   0.0000E-07
     220.33331299   0.0000E-07
     220.37500000   0.0000E-07
     220.41668701   0.0000E-07
     220.45831299   0.0000E-07
     220.50000000   0.0000E-07
     220.54168701   0.0000E-07
     220.58331299   0.0000E-07
     220.62500000   0.0000E-07
     220.66668701   0.0000E-07
     220.70831299   0.0000E-07
     220.75000000   0.0000E-07
     220.79168701   0.0000E-07
     220.83331299   0.0000E-07
     220.87500000   0.0000E-07
     220.91668701   0.0000E-07
     220.95831299   0.0000E-07
     221.00000000   0.0000E-07
     221.04168701   0.0000E-07
     221.08331299   0.0000E-07
     221.12500000   0.0000E-07
     221.16668701   0.0000E-07
     221.20831299   0.0000E-07
     221.25000000   0.0000E-07
     221.29168701   0.0000E-07
     221.33331299   0.0000E-07
     221.37500000   0.0000E-07
     221.41668701   0.0000E-07
     221.45831299   0.0000E-07
     221.50000000   0.0000E-07
     221.54168701   0.0000E-07
     221.58331299   0.0000E-07
     221.62500000   0.0000E-07
     221.66668701   0.0000E-07
     221.70831299   0.0000E-07
     221.75000000   0.0000E-07
     221.79168701   0.0000E-07
     221.83331299   0.0000E-07
     221.87500000   0.0000E-07
     221.91668701   0.0000E-07
     221.95831299   0.0000E-07
     222.00000000   0.0000E-07
     222.04168701   0.0000E-07
     222.08331299   0.0000E-07
     222.12500000   0.0000E-07
     222.16668701   0.0000E-07
     222.20831299   0.0000E-07
     222.25000000   0.0000E-07
     222.29168701   0.0000E-07
     222.33331299   0.0000E-07
     222.37500000   0.0000E-07
     222.41668701   0.0000E-07
     222.45831299   0.0000E-07
     222.50000000   0.0000E-07
     222.54168701   0.0000E-07
     222.58331299   0.0000E-07
     222.62500000   0.0000E-07
     222.66668701   0.0000E-07
     222.70831299   0.0000E-07
     222.75000000   0.0000E-07
     222.79168701   0.0000E-07
     222.83331299   0.0000E-07
     222.87500000   0.0000E-07
     222.91668701   0.0000E-07
     222.95831299   0.0000E-07
     223.00000000   0.0000E-07
     223.04168701   0.0000E-07
     223.08331299   0.0000E-07
     223.12500000   0.0000E-07
     223.16668701   0.0000E-07
     223.20831299   0.0000E-07
     223.25000000   0.0000E-07
     223.29168701   0.0000E-07
     223.33331299   0.0000E-07
     223.37500000   0.0000E-07
     223.41668701   0.0000E-07
     223.45831299   0.0000E-07
     223.50000000   0.0000E-07
     223.54168701   0.0000E-07
     223.58331299   0.0000E-07
     223.62500000   0.0000E-07
     223.66668701   0.0000E-07
     223.70831299   0.0000E-07
     223.75000000   0.0000E-07
     223.79168701   0.0000E-07
     223.83331299   0.0000E-07
     223.87500000   0.0000E-07
     223.91668701   0.0000E-07
     223.95831299   0.0000E-07
     224.00000000   0.0000E-07
     224.04168701   0.0000E-07
     224.08331299   0.0000E-07
     224.12500000   0.0000E-07
     224.16668701   0.0000E-07
     224.20831299   0.0000E-07
     224.25000000   0.0000E-07
     224.29168701   0.0000E-07
     224.33331299   0.0000E-07
     224.37500000   0.0000E-07
     224.41668701   0.0000E-07
     224.45831299   0.0000E-07
     224.50000000   0.0000E-07
     224.54168701   0.0000E-07
     224.58331299   0.0000E-07
     224.62500000   0.0000E-07
     224.66668701   0.0000E-07
     224.70831299   0.0000E-07
     224.75000000   0.0000E-07
     224.79168701   0.0000E-07
     224.83331299   0.0000E-07
     224.87500000   0.0000E-07
     224.91668701   0.0000E-07
     224.95831299   0.0000E-07
     225.00000000   0.0000E-07
     225.04168701   0.0000E-07
     225.08331299   0.0000E-07
     225.12500000   0.0000E-07
     225.16668701   0.0000E-07
     225.20831299   0.0000E-07
     225.25000000   0.0000E-07
     225.29168701   0.0000E-07
     225.33331299   0.0000E-07
     225.37500000   0.0000E-07
     225.41668701   0.0000E-07
     225.45831299   0.0000E-07
     225.50000000   0.0000E-07
     225.54168701   0.0000E-07
     225.58331299   0.0000E-07
     225.62500000   0.0000E-07
     225.66668701   0.0000E-07
     225.70831299   0.0000E-07
     225.75000000   0.0000E-07
     225.79168701   0.0000E-07
     225.83331299   0.0000E-07
     225.87500000   0.0000E-07
     225.91668701   0.0000E-07
     225.95831299   0.0000E-07
     226.00000000   0.0000E-07
     226.04168701   0.0000E-07
     226.08331299   0.0000E-07
     226.12500000   0.0000E-07
     226.16668701   0.0000E-07
     226.20831299   0.0000E-07
     226.25000000   0.0000E-07
     226.29168701   0.0000E-07
     226.33331299   0.0000E-07
     226.37500000   0.0000E-07
     226.41668701   0.0000E-07
     226.45831299   0.0000E-07
     226.50000000   0.0000E-07
     226.54168701   0.0000E-07
     226.58331299   0.0000E-07
     226.62500000   0.0000E-07
     226.66668701   0.0000E-07
     226.70831299   0.0000E-07
     226.75000000   0.0000E-07
     226.79168701   0.0000E-07
     226.83331299   0.0000E-07
     226.87500000   0.0000E-07
     226.91668701   0.0000E-07
     226.95831299   0.0000E-07
     227.00000000   0.0000E-07
     227.04168701   0.0000E-07
     227.08331299   0.0000E-07
     227.12500000   0.0000E-07
     227.16668701   0.0000E-07
     227.20831299   0.0000E-07
     227.25000000   0.0000E-07
     227.29168701   0.0000E-07
     227.33331299   0.0000E-07
     227.37500000   0.0000E-07
     227.41668701   0.0000E-07
     227.45831299   0.0000E-07
     227.50000000   0.0000E-07
     227.54168701   0.0000E-07
     227.58331299   0.0000E-07
     227.62500000   0.0000E-07
     227.66668701   0.0000E-07
     227.70831299   0.0000E-07
     227.75000000   0.0000E-07
     227.79168701   0.0000E-07
     227.83331299   0.0000E-07
     227.87500000   0.0000E-07
     227.91668701   0.0000E-07
     227.95831299   0.0000E-07
     228.00000000   0.0000E-07
     228.04168701   0.0000E-07
     228.08331299   0.0000E-07
     228.12500000   0.0000E-07
     228.16668701   0.0000E-07
     228.20831299   0.0000E-07
     228.25000000   0.0000E-07
     228.29168701   0.0000E-07
     228.33331299   0.0000E-07
     228.37500000   0.0000E-07
     228.41668701   0.0000E-07
     228.45831299   0.0000E-07
     228.50000000   0.0000E-07
     228.54168701   0.0000E-07
     228.58331299   0.0000E-07
     228.62500000   0.0000E-07
     228.66668701   0.0000E-07
     228.70831299   0.0000E-07
     228.75000000   0.0000E-07
     228.79168701   0.0000E-07
     228.83331299   0.0000E-07
     228.87500000   0.0000E-07
     228.91668701   0.0000E-07
     228.95831299   0.0000E-07
     229.00000000   0.0000E-07
     229.04168701   0.0000E-07
     229.08331299   0.0000E-07
     229.12500000   0.0000E-07
     229.16668701   0.0000E-07
     229.20831299   0.0000E-07
     229.25000000   0.0000E-07
     229.29168701   0.0000E-07
     229.33331299   0.0000E-07
     229.37500000   0.0000E-07
     229.41668701   0.0000E-07
     229.45831299   0.0000E-07
     229.50000000   0.0000E-07
     229.54168701   0.0000E-07
     229.58331299   0.0000E-07
     229.62500000   0.0000E-07
     229.66668701   0.0000E-07
     229.70831299   0.0000E-07
     229.75000000   0.0000E-07
     229.79168701   0.0000E-07
     229.83331299   0.0000E-07
     229.87500000   0.0000E-07
     229.91668701   0.0000E-07
     229.95831299   0.0000E-07
     230.00000000   0.0000E-07
     230.04168701   0.0000E-07
     230.08331299   0.0000E-07
     230.12500000   0.0000E-07
     230.16668701   0.0000E-07
     230.20831299   0.0000E-07
     230.25000000   0.0000E-07
     230.29168701   0.0000E-07
     230.33331299   0.0000E-07
     230.37500000   0.0000E-07
     230.41668701   0.0000E-07
     230.45831299   0.0000E-07
     230.50000000   0.0000E-07
     230.54168701   0.0000E-07
     230.58331299   0.0000E-07
     230.62500000   0.0000E-07
     230.66668701   0.0000E-07
     230.70831299   0.0000E-07
     230.75000000   0.0000E-07
     230.79168701   0.0000E-07
     230.83331299   0.0000E-07
     230.87500000   0.0000E-07
     230.91668701   0.0000E-07
     230.95831299   0.0000E-07
     231.00000000   0.0000E-07
     231.04168701   0.0000E-07
     231.08331299   0.0000E-07
     231.12500000   0.0000E-07
     231.16668701   0.0000E-07
     231.20831299   0.0000E-07
     231.25000000   0.0000E-07
     231.29168701   0.0000E-07
     231.33331299   0.0000E-07
     231.37500000   0.0000E-07
     231.41668701   0.0000E-07
     231.45831299   0.0000E-07
     231.50000000   0.0000E-07
     231.54168701   0.0000E-07
     231.58331299   0.0000E-07
     231.62500000   0.0000E-07
     231.66668701   0.0000E-07
     231.70831299   0.0000E-07
     231.75000000   0.0000E-07
     231.79168701   0.0000E-07
     231.83331299   0.0000E-07
     231.87500000   0.0000E-07
     231.91668701   0.0000E-07
     231.95831299   0.0000E-07
     232.00000000   0.0000E-07
     232.04168701   0.0000E-07
     232.08331299   0.0000E-07
     232.12500000   0.0000E-07
     232.16668701   0.0000E-07
     232.20831299   0.0000E-07
     232.25000000   0.0000E-07
     232.29168701   0.0000E-07
     232.33331299   0.0000E-07
     232.37500000   0.0000E-07
     232.41668701   0.0000E-07
     232.45831299   0.0000E-07
     232.50000000   0.0000E-07
     232.54168701   0.0000E-07
     232.58331299   0.0000E-07
     232.62500000   0.0000E-07
     232.66668701   0.0000E-07
     232.70831299   0.0000E-07
     232.75000000   0.0000E-07
     232.79168701   0.0000E-07
     232.83331299   0.0000E-07
     232.87500000   0.0000E-07
     232.91668701   0.0000E-07
     232.95831299   0.0000E-07
     233.00000000   0.0000E-07
     233.04168701   0.0000E-07
     233.08331299   0.0000E-07
     233.12500000   0.0000E-07
     233.16668701   0.0000E-07
     233.20831299   0.0000E-07
     233.25000000   0.0000E-07
     233.29168701   0.0000E-07
     233.33331299   0.0000E-07
     233.37500000   0.0000E-07
     233.41668701   0.0000E-07
     233.45831299   0.0000E-07
     233.50000000   0.0000E-07
     233.54168701   0.0000E-07
     233.58331299   0.0000E-07
     233.62500000   0.0000E-07
     233.66668701   0.0000E-07
     233.70831299   0.0000E-07
     233.75000000   0.0000E-07
     233.79168701   0.0000E-07
     233.83331299   0.0000E-07
     233.87500000   0.0000E-07
     233.91668701   0.0000E-07
     233.95831299   0.0000E-07
     234.00000000   0.0000E-07
     234.04168701   0.0000E-07
     234.08331299   0.0000E-07
     234.12500000   0.0000E-07
     234.16668701   0.0000E-07
     234.20831299   0.0000E-07
     234.25000000   0.0000E-07
     234.29168701   0.0000E-07
     234.33331299   0.0000E-07
     234.37500000   0.0000E-07
     234.41668701   0.0000E-07
     234.45831299   0.0000E-07
     234.50000000   0.0000E-07
     234.54168701   0.0000E-07
     234.58331299   0.0000E-07
     234.62500000   0.0000E-07
     234.66668701   0.0000E-07
     234.70831299   0.0000E-07
     234.75000000   0.0000E-07
     234.79168701   0.0000E-07
     234.83331299   0.0000E-07
     234.87500000   0.0000E-07
     234.91668701   0.0000E-07
     234.95831299   0.0000E-07
     235.00000000   0.0000E-07
     235.04168701   0.0000E-07
     235.08331299   0.0000E-07
     235.12500000   0.0000E-07
     235.16668701   0.0000E-07
     235.20831299   0.0000E-07
     235.25000000   0.0000E-07
     235.29168701   0.0000E-07
     235.33331299   0.0000E-07
     235.37500000   0.0000E-07
     235.41668701   0.0000E-07
     235.45831299   0.0000E-07
     235.50000000   0.0000E-07
     235.54168701   0.0000E-07
     235.58331299   0.0000E-07
     235.62500000   0.0000E-07
     235.66668701   0.0000E-07
     235.70831299   0.0000E-07
     235.75000000   0.0000E-07
     235.79168701   0.0000E-07
     235.83331299   0.0000E-07
     235.87500000   0.0000E-07
     235.91668701   0.0000E-07
     235.95831299   0.0000E-07
     236.00000000   0.0000E-07
     236.04168701   0.0000E-07
     236.08331299   0.0000E-07
     236.12500000   0.0000E-07
     236.16668701   0.0000E-07
     236.20831299   0.0000E-07
     236.25000000   0.0000E-07
     236.29168701   0.0000E-07
     236.33331299   0.0000E-07
     236.37500000   0.0000E-07
     236.41668701   0.0000E-07
     236.45831299   0.0000E-07
     236.50000000   0.0000E-07
     236.54168701   0.0000E-07
     236.58331299   0.0000E-07
     236.62500000   0.0000E-07
     236.66668701   0.0000E-07
     236.70831299   0.0000E-07
     236.75000000   0.0000E-07
     236.79168701   0.0000E-07
     236.83331299   0.0000E-07
     236.87500000   0.0000E-07
     236.91668701   0.0000E-07
     236.95831299   0.0000E-07
     237.00000000   0.0000E-07
     237.04168701   0.0000E-07
     237.08331299   0.0000E-07
     237.12500000   0.0000E-07
     237.16668701   0.0000E-07
     237.20831299   0.0000E-07
     237.25000000   0.0000E-07
     237.29168701   0.0000E-07
     237.33331299   0.0000E-07
     237.37500000   0.0000E-07
     237.41668701   0.0000E-07
     237.45831299   0.0000E-07
     237.50000000   0.0000E-07
     237.54168701   0.0000E-07
     237.58331299   0.0000E-07
     237.62500000   0.0000E-07
     237.66668701   0.0000E-07
     237.70831299   0.0000E-07
     237.75000000   0.0000E-07
     237.79168701   0.0000E-07
     237.83331299   0.0000E-07
     237.87500000   0.0000E-07
     237.91668701   0.0000E-07
     237.95831299   0.0000E-07
     238.00000000   0.0000E-07
     238.04168701   0.0000E-07
     238.08331299   0.0000E-07
     238.12500000   0.0000E-07
     238.16668701   0.0000E-07
     238.20831299   0.0000E-07
     238.25000000   0.0000E-07
     238.29168701   0.0000E-07
     238.33331299   0.0000E-07
     238.37500000   0.0000E-07
     238.41668701   0.0000E-07
     238.45831299   0.0000E-07
     238.50000000   0.0000E-07
     238.54168701   0.0000E-07
     238.58331299   0.0000E-07
     238.62500000   0.0000E-07
     238.66668701   0.0000E-07
     238.70831299   0.0000E-07
     238.75000000   0.0000E-07
     238.79168701   0.0000E-07
     238.83331299   0.0000E-07
     238.87500000   0.0000E-07
     238.91668701   0.0000E-07
     238.95831299   0.0000E-07
     239.00000000   0.0000E-07
     239.04168701   0.0000E-07
     239.08331299   0.0000E-07
     239.12500000   0.0000E-07
     239.16668701   0.0000E-07
     239.20831299   0.0000E-07
     239.25000000   0.0000E-07
     239.29168701   0.0000E-07
     239.33331299   0.0000E-07
     239.37500000   0.0000E-07
     239.41668701   0.0000E-07
     239.45831299   0.0000E-07
     239.50000000   0.0000E-07
     239.54168701   0.0000E-07
     239.58331299   0.0000E-07
     239.62500000   0.0000E-07
     239.66668701   0.0000E-07
     239.70831299   0.0000E-07
     239.75000000   0.0000E-07
     239.79168701   0.0000E-07
     239.83331299   0.0000E-07
     239.87500000   0.0000E-07
     239.91668701   0.0000E-07
     239.95831299   0.0000E-07
     240.00000000   0.0000E-07
     240.04168701   0.0000E-07
     240.08331299   0.0000E-07
     240.12500000   0.0000E-07
     240.16668701   0.0000E-07
     240.20831299   0.0000E-07
     240.25000000   0.0000E-07
     240.29168701   0.0000E-07
     240.33331299   0.0000E-07
     240.37500000   0.0000E-07
     240.41668701   0.0000E-07
     240.45831299   0.0000E-07
     240.50000000   0.0000E-07
     240.54168701   0.0000E-07
     240.58331299   0.0000E-07
     240.62500000   0.0000E-07
     240.66668701   0.0000E-07
     240.70831299   0.0000E-07
     240.75000000   0.0000E-07
     240.79168701   0.0000E-07
     240.83331299   0.0000E-07
     240.87500000   0.0000E-07
     240.91668701   0.0000E-07
     240.95831299   0.0000E-07
     241.00000000   0.0000E-07
     241.04168701   0.0000E-07
     241.08331299   0.0000E-07
     241.12500000   0.0000E-07
     241.16668701   0.0000E-07
     241.20831299   0.0000E-07
     241.25000000   0.0000E-07
     241.29168701   0.0000E-07
     241.33331299   0.0000E-07
     241.37500000   0.0000E-07
     241.41668701   0.0000E-07
     241.45831299   0.0000E-07
     241.50000000   0.0000E-07
     241.54168701   0.0000E-07
     241.58331299   0.0000E-07
     241.62500000   0.0000E-07
     241.66668701   0.0000E-07
     241.70831299   0.0000E-07
     241.75000000   0.0000E-07
     241.79168701   0.0000E-07
     241.83331299   0.0000E-07
     241.87500000   0.0000E-07
     241.91668701   0.0000E-07
     241.95831299   0.0000E-07
     242.00000000   0.0000E-07
     242.04168701   0.0000E-07
     242.08331299   0.0000E-07
     242.12500000   0.0000E-07
     242.16668701   0.0000E-07
     242.20831299   0.0000E-07
     242.25000000   0.0000E-07
     242.29168701   0.0000E-07
     242.33331299   0.0000E-07
     242.37500000   0.0000E-07
     242.41668701   0.0000E-07
     242.45831299   0.0000E-07
     242.50000000   0.0000E-07
     242.54168701   0.0000E-07
     242.58331299   0.0000E-07
     242.62500000   0.0000E-07
     242.66668701   0.0000E-07
     242.70831299   0.0000E-07
     242.75000000   0.0000E-07
     242.79168701   0.0000E-07
     242.83331299   0.0000E-07
     242.87500000   0.0000E-07
     242.91668701   0.0000E-07
     242.95831299   0.0000E-07
     243.00000000   0.0000E-07
     243.04168701   0.0000E-07
     243.08331299   0.0000E-07
     243.12500000   0.0000E-07
     243.16668701   0.0000E-07
     243.20831299   0.0000E-07
     243.25000000   0.0000E-07
     243.29168701   0.0000E-07
     243.33331299   0.0000E-07
     243.37500000   0.0000E-07
     243.41668701   0.0000E-07
     243.45831299   0.0000E-07
     243.50000000   0.0000E-07
     243.54168701   0.0000E-07
     243.58331299   0.0000E-07
     243.62500000   0.0000E-07
     243.66668701   0.0000E-07
     243.70831299   0.0000E-07
     243.75000000   0.0000E-07
     243.79168701   0.0000E-07
     243.83331299   0.0000E-07
     243.87500000   0.0000E-07
     243.91668701   0.0000E-07
     243.95831299   0.0000E-07
     244.00000000   0.0000E-07
     244.04168701   0.0000E-07
     244.08331299   0.0000E-07
     244.12500000   0.0000E-07
     244.16668701   0.0000E-07
     244.20831299   0.0000E-07
     244.25000000   0.0000E-07
     244.29168701   0.0000E-07
     244.33331299   0.0000E-07
     244.37500000   0.0000E-07
     244.41668701   0.0000E-07
     244.45831299   0.0000E-07
     244.50000000   0.0000E-07
     244.54168701   0.0000E-07
     244.58331299   0.0000E-07
     244.62500000   0.0000E-07
     244.66668701   0.0000E-07
     244.70831299   0.0000E-07
     244.75000000   0.0000E-07
     244.79168701   0.0000E-07
     244.83331299   0.0000E-07
     244.87500000   0.0000E-07
     244.91668701   0.0000E-07
     244.95831299   0.0000E-07
     245.00000000   0.0000E-07
     245.04168701   0.0000E-07
     245.08331299   0.0000E-07
     245.12500000   0.0000E-07
     245.16668701   0.0000E-07
     245.20831299   0.0000E-07
     245.25000000   0.0000E-07
     245.29168701   0.0000E-07
     245.33331299   0.0000E-07
     245.37500000   0.0000E-07
     245.41668701   0.0000E-07
     245.45831299   0.0000E-07
     245.50000000   0.0000E-07
     245.54168701   0.0000E-07
     245.58331299   0.0000E-07
     245.62500000   0.0000E-07
     245.66668701   0.0000E-07
     245.70831299   0.0000E-07
     245.75000000   0.0000E-07
     245.79168701   0.0000E-07
     245.83331299   0.0000E-07
     245.87500000   0.0000E-07
     245.91668701   0.0000E-07
     245.95831299   0.0000E-07
     246.00000000   0.0000E-07
     246.04168701   0.0000E-07
     246.08331299   0.0000E-07
     246.12500000   0.0000E-07
     246.16668701   0.0000E-07
     246.20831299   0.0000E-07
     246.25000000   0.0000E-07
     246.29168701   0.0000E-07
     246.33331299   0.0000E-07
     246.37500000   0.0000E-07
     246.41668701   0.0000E-07
     246.45831299   0.0000E-07
     246.50000000   0.0000E-07
     246.54168701   0.0000E-07
     246.58331299   0.0000E-07
     246.62500000   0.0000E-07
     246.66668701   0.0000E-07
     246.70831299   0.0000E-07
     246.75000000   0.0000E-07
     246.79168701   0.0000E-07
     246.83331299   0.0000E-07
     246.87500000   0.0000E-07
     246.91668701   0.0000E-07
     246.95831299   0.0000E-07
     247.00000000   0.0000E-07
     247.04168701   0.0000E-07
     247.08331299   0.0000E-07
     247.12500000   0.0000E-07
     247.16668701   0.0000E-07
     247.20831299   0.0000E-07
     247.25000000   0.0000E-07
     247.29168701   0.0000E-07
     247.33331299   0.0000E-07
     247.37500000   0.0000E-07
     247.41668701   0.0000E-07
     247.45831299   0.0000E-07
     247.50000000   0.0000E-07
     247.54168701   0.0000E-07
     247.58331299   0.0000E-07
     247.62500000   0.0000E-07
     247.66668701   0.0000E-07
     247.70831299   0.0000E-07
     247.75000000   0.0000E-07
     247.79168701   0.0000E-07
     247.83331299   0.0000E-07
     247.87500000   0.0000E-07
     247.91668701   0.0000E-07
     247.95831299   0.0000E-07
     248.00000000   0.0000E-07
     248.04168701   0.0000E-07
     248.08331299   0.0000E-07
     248.12500000   0.0000E-07
     248.16668701   0.0000E-07
     248.20831299   0.0000E-07
     248.25000000   0.0000E-07
     248.29168701   0.0000E-07
     248.33331299   0.0000E-07
     248.37500000   0.0000E-07
     248.41668701   0.0000E-07
     248.45831299   0.0000E-07
     248.50000000   0.0000E-07
     248.54168701   0.0000E-07
     248.58331299   0.0000E-07
     248.62500000   0.0000E-07
     248.66668701   0.0000E-07
     248.70831299   0.0000E-07
     248.75000000   0.0000E-07
     248.79168701   0.0000E-07
     248.83331299   0.0000E-07
     248.87500000   0.0000E-07
     248.91668701   0.0000E-07
     248.95831299   0.0000E-07
     249.00000000   0.0000E-07
     249.04168701   0.0000E-07
     249.08331299   0.0000E-07
     249.12500000   0.0000E-07
     249.16668701   0.0000E-07
     249.20831299   0.0000E-07
     249.25000000   0.0000E-07
     249.29168701   0.0000E-07
     249.33331299   0.0000E-07
     249.37500000   0.0000E-07
     249.41668701   0.0000E-07
     249.45831299   0.0000E-07
     249.50000000   0.0000E-07
     249.54168701   0.0000E-07
     249.58331299   0.0000E-07
     249.62500000   0.0000E-07
     249.66668701   0.0000E-07
     249.70831299   0.0000E-07
     249.75000000   0.0000E-07
     249.79168701   0.0000E-07
     249.83331299   0.0000E-07
     249.87500000   0.0000E-07
     249.91668701   0.0000E-07
     249.95831299   0.0000E-07
     250.00000000   0.0000E-07
     250.04168701   0.0000E-07
     250.08331299   0.0000E-07
     250.12500000   0.0000E-07
     250.16668701   0.0000E-07
     250.20831299   0.0000E-07
     250.25000000   0.0000E-07
     250.29168701   0.0000E-07
     250.33331299   0.0000E-07
     250.37500000   0.0000E-07
     250.41668701   0.0000E-07
     250.45831299   0.0000E-07
     250.50000000   0.0000E-07
     250.54168701   0.0000E-07
     250.58331299   0.0000E-07
     250.62500000   0.0000E-07
     250.66668701   0.0000E-07
     250.70831299   0.0000E-07
     250.75000000   0.0000E-07
     250.79168701   0.0000E-07
     250.83331299   0.0000E-07
     250.87500000   0.0000E-07
     250.91668701   0.0000E-07
     250.95831299   0.0000E-07
     251.00000000   0.0000E-07
     251.04168701   0.0000E-07
     251.08331299   0.0000E-07
     251.12500000   0.0000E-07
     251.16668701   0.0000E-07
     251.20831299   0.0000E-07
     251.25000000   0.0000E-07
     251.29168701   0.0000E-07
     251.33331299   0.0000E-07
     251.37500000   0.0000E-07
     251.41668701   0.0000E-07
     251.45831299   0.0000E-07
     251.50000000   0.0000E-07
     251.54168701   0.0000E-07
     251.58331299   0.0000E-07
     251.62500000   0.0000E-07
     251.66668701   0.0000E-07
     251.70831299   0.0000E-07
     251.75000000   0.0000E-07
     251.79168701   0.0000E-07
     251.83331299   0.0000E-07
     251.87500000   0.0000E-07
     251.91668701   0.0000E-07
     251.95831299   0.0000E-07
     252.00000000   0.0000E-07
     252.04168701   0.0000E-07
     252.08331299   0.0000E-07
     252.12500000   0.0000E-07
     252.16668701   0.0000E-07
     252.20831299   0.0000E-07
     252.25000000   0.0000E-07
     252.29168701   0.0000E-07
     252.33331299   0.0000E-07
     252.37500000   0.0000E-07
     252.41668701   0.0000E-07
     252.45831299   0.0000E-07
     252.50000000   0.0000E-07
     252.54168701   0.0000E-07
     252.58331299   0.0000E-07
     252.62500000   0.0000E-07
     252.66668701   0.0000E-07
     252.70831299   0.0000E-07
     252.75000000   0.0000E-07
     252.79168701   0.0000E-07
     252.83331299   0.0000E-07
     252.87500000   0.0000E-07
     252.91668701   0.0000E-07
     252.95831299   0.0000E-07
     253.00000000   0.0000E-07
     253.04168701   0.0000E-07
     253.08331299   0.0000E-07
     253.12500000   0.0000E-07
     253.16668701   0.0000E-07
     253.20831299   0.0000E-07
     253.25000000   0.0000E-07
     253.29168701   0.0000E-07
     253.33331299   0.0000E-07
     253.37500000   0.0000E-07
     253.41668701   0.0000E-07
     253.45831299   0.0000E-07
     253.50000000   0.0000E-07
     253.54168701   0.0000E-07
     253.58331299   0.0000E-07
     253.62500000   0.0000E-07
     253.66668701   0.0000E-07
     253.70831299   0.0000E-07
     253.75000000   0.0000E-07
     253.79168701   0.0000E-07
     253.83331299   0.0000E-07
     253.87500000   0.0000E-07
     253.91668701   0.0000E-07
     253.95831299   0.0000E-07
     254.00000000   0.0000E-07
     254.04168701   0.0000E-07
     254.08331299   0.0000E-07
     254.12500000   0.0000E-07
     254.16668701   0.0000E-07
     254.20831299   0.0000E-07
     254.25000000   0.0000E-07
     254.29168701   0.0000E-07
     254.33331299   0.0000E-07
     254.37500000   0.0000E-07
     254.41668701   0.0000E-07
     254.45831299   0.0000E-07
     254.50000000   0.0000E-07
     254.54168701   0.0000E-07
     254.58331299   0.0000E-07
     254.62500000   0.0000E-07
     254.66668701   0.0000E-07
     254.70831299   0.0000E-07
     254.75000000   0.0000E-07
     254.79168701   0.0000E-07
     254.83331299   0.0000E-07
     254.87500000   0.0000E-07
     254.91668701   0.0000E-07
     254.95831299   0.0000E-07
     255.00000000   0.0000E-07
     255.04168701   0.0000E-07
     255.08331299   0.0000E-07
     255.12500000   0.0000E-07
     255.16668701   0.0000E-07
     255.20831299   0.0000E-07
     255.25000000   0.0000E-07
     255.29168701   0.0000E-07
     255.33331299   0.0000E-07
     255.37500000   0.0000E-07
     255.41668701   0.0000E-07
     255.45831299   0.0000E-07
     255.50000000   0.0000E-07
     255.54168701   0.0000E-07
     255.58331299   0.0000E-07
     255.62500000   0.0000E-07
     255.66668701   0.0000E-07
     255.70831299   0.0000E-07
     255.75000000   0.0000E-07
     255.79168701   0.0000E-07
     255.83331299   0.0000E-07
     255.87500000   0.0000E-07
     255.91668701   0.0000E-07
     255.95831299   0.0000E-07
     256.00000000   0.0000E-07
     256.04168701   0.0000E-07
     256.08331299   0.0000E-07
     256.12500000   0.0000E-07
     256.16668701   0.0000E-07
     256.20831299   0.0000E-07
     256.25000000   0.0000E-07
     256.29168701   0.0000E-07
     256.33331299   0.0000E-07
     256.37500000   0.0000E-07
     256.41668701   0.0000E-07
     256.45831299   0.0000E-07
     256.50000000   0.0000E-07
     256.54168701   0.0000E-07
     256.58331299   0.0000E-07
     256.62500000   0.0000E-07
     256.66668701   0.0000E-07
     256.70831299   0.0000E-07
     256.75000000   0.0000E-07
     256.79168701   0.0000E-07
     256.83331299   0.0000E-07
     256.87500000   0.0000E-07
     256.91668701   0.0000E-07
     256.95831299   0.0000E-07
     257.00000000   0.0000E-07
     257.04168701   0.0000E-07
     257.08331299   0.0000E-07
     257.12500000   0.0000E-07
     257.16668701   0.0000E-07
     257.20831299   0.0000E-07
     257.25000000   0.0000E-07
     257.29168701   0.0000E-07
     257.33331299   0.0000E-07
     257.37500000   0.0000E-07
     257.41668701   0.0000E-07
     257.45831299   0.0000E-07
     257.50000000   0.0000E-07
     257.54168701   0.0000E-07
     257.58331299   0.0000E-07
     257.62500000   0.0000E-07
     257.66668701   0.0000E-07
     257.70831299   0.0000E-07
     257.75000000   0.0000E-07
     257.79168701   0.0000E-07
     257.83331299   0.0000E-07
     257.87500000   0.0000E-07
     257.91668701   0.0000E-07
     257.95831299   0.0000E-07
     258.00000000   0.0000E-07
     258.04168701   0.0000E-07
     258.08331299   0.0000E-07
     258.12500000   0.0000E-07
     258.16668701   0.0000E-07
     258.20831299   0.0000E-07
     258.25000000   0.0000E-07
     258.29168701   0.0000E-07
     258.33331299   0.0000E-07
     258.37500000   0.0000E-07
     258.41668701   0.0000E-07
     258.45831299   0.0000E-07
     258.50000000   0.0000E-07
     258.54168701   0.0000E-07
     258.58331299   0.0000E-07
     258.62500000   0.0000E-07
     258.66668701   0.0000E-07
     258.70831299   0.0000E-07
     258.75000000   0.0000E-07
     258.79168701   0.0000E-07
     258.83331299   0.0000E-07
     258.87500000   0.0000E-07
     258.91668701   0.0000E-07
     258.95831299   0.0000E-07
     259.00000000   0.0000E-07
     259.04168701   0.0000E-07
     259.08331299   0.0000E-07
     259.12500000   0.0000E-07
     259.16668701   0.0000E-07
     259.20831299   0.0000E-07
     259.25000000   0.0000E-07
     259.29168701   0.0000E-07
     259.33331299   0.0000E-07
     259.37500000   0.0000E-07
     259.41668701   0.0000E-07
     259.45831299   0.0000E-07
     259.50000000   0.0000E-07
     259.54168701   0.0000E-07
     259.58331299   0.0000E-07
     259.62500000   0.0000E-07
     259.66668701   0.0000E-07
     259.70831299   0.0000E-07
     259.75000000   0.0000E-07
     259.79168701   0.0000E-07
     259.83331299   0.0000E-07
     259.87500000   0.0000E-07
     259.91668701   0.0000E-07
     259.95831299   0.0000E-07
     260.00000000   0.0000E-07
     260.04168701   0.0000E-07
     260.08331299   0.0000E-07
     260.12500000   0.0000E-07
     260.16668701   0.0000E-07
     260.20831299   0.0000E-07
     260.25000000   0.0000E-07
     260.29168701   0.0000E-07
     260.33331299   0.0000E-07
     260.37500000   0.0000E-07
     260.41668701   0.0000E-07
     260.45831299   0.0000E-07
     260.50000000   0.0000E-07
     260.54168701   0.0000E-07
     260.58331299   0.0000E-07
     260.62500000   0.0000E-07
     260.66668701   0.0000E-07
     260.70831299   0.0000E-07
     260.75000000   0.0000E-07
     260.79168701   0.0000E-07
     260.83331299   0.0000E-07
     260.87500000   0.0000E-07
     260.91668701   0.0000E-07
     260.95831299   0.0000E-07
     261.00000000   0.0000E-07
     261.04168701   0.0000E-07
     261.08331299   0.0000E-07
     261.12500000   0.0000E-07
     261.16668701   0.0000E-07
     261.20831299   0.0000E-07
     261.25000000   0.0000E-07
     261.29168701   0.0000E-07
     261.33331299   0.0000E-07
     261.37500000   0.0000E-07
     261.41668701   0.0000E-07
     261.45831299   0.0000E-07
     261.50000000   0.0000E-07
     261.54168701   0.0000E-07
     261.58331299   0.0000E-07
     261.62500000   0.0000E-07
     261.66668701   0.0000E-07
     261.70831299   0.0000E-07
     261.75000000   0.0000E-07
     261.79168701   0.0000E-07
     261.83331299   0.0000E-07
     261.87500000   0.0000E-07
     261.91668701   0.0000E-07
     261.95831299   0.0000E-07
     262.00000000   0.0000E-07
     262.04168701   0.0000E-07
     262.08331299   0.0000E-07
     262.12500000   0.0000E-07
     262.16668701   0.0000E-07
     262.20831299   0.0000E-07
     262.25000000   0.0000E-07
     262.29168701   0.0000E-07
     262.33331299   0.0000E-07
     262.37500000   0.0000E-07
     262.41668701   0.0000E-07
     262.45831299   0.0000E-07
     262.50000000   0.0000E-07
     262.54168701   0.0000E-07
     262.58331299   0.0000E-07
     262.62500000   0.0000E-07
     262.66668701   0.0000E-07
     262.70831299   0.0000E-07
     262.75000000   0.0000E-07
     262.79168701   0.0000E-07
     262.83331299   0.0000E-07
     262.87500000   0.0000E-07
     262.91668701   0.0000E-07
     262.95831299   0.0000E-07
     263.00000000   0.0000E-07
     263.04168701   0.0000E-07
     263.08331299   0.0000E-07
     263.12500000   0.0000E-07
     263.16668701   0.0000E-07
     263.20831299   0.0000E-07
     263.25000000   0.0000E-07
     263.29168701   0.0000E-07
     263.33331299   0.0000E-07
     263.37500000   0.0000E-07
     263.41668701   0.0000E-07
     263.45831299   0.0000E-07
     263.50000000   0.0000E-07
     263.54168701   0.0000E-07
     263.58331299   0.0000E-07
     263.62500000   0.0000E-07
     263.66668701   0.0000E-07
     263.70831299   0.0000E-07
     263.75000000   0.0000E-07
     263.79168701   0.0000E-07
     263.83331299   0.0000E-07
     263.87500000   0.0000E-07
     263.91668701   0.0000E-07
     263.95831299   0.0000E-07
     264.00000000   0.0000E-07
     264.04168701   0.0000E-07
     264.08331299   0.0000E-07
     264.12500000   0.0000E-07
     264.16668701   0.0000E-07
     264.20831299   0.0000E-07
     264.25000000   0.0000E-07
     264.29168701   0.0000E-07
     264.33331299   0.0000E-07
     264.37500000   0.0000E-07
     264.41668701   0.0000E-07
     264.45831299   0.0000E-07
     264.50000000   0.0000E-07
     264.54168701   0.0000E-07
     264.58331299   0.0000E-07
     264.62500000   0.0000E-07
     264.66668701   0.0000E-07
     264.70831299   0.0000E-07
     264.75000000   0.0000E-07
     264.79168701   0.0000E-07
     264.83331299   0.0000E-07
     264.87500000   0.0000E-07
     264.91668701   0.0000E-07
     264.95831299   0.0000E-07
     265.00000000   0.0000E-07
     265.04168701   0.0000E-07
     265.08331299   0.0000E-07
     265.12500000   0.0000E-07
     265.16668701   0.0000E-07
     265.20831299   0.0000E-07
     265.25000000   0.0000E-07
     265.29168701   0.0000E-07
     265.33331299   0.0000E-07
     265.37500000   0.0000E-07
     265.41668701   0.0000E-07
     265.45831299   0.0000E-07
     265.50000000   0.0000E-07
     265.54168701   0.0000E-07
     265.58331299   0.0000E-07
     265.62500000   0.0000E-07
     265.66668701   0.0000E-07
     265.70831299   0.0000E-07
     265.75000000   0.0000E-07
     265.79168701   0.0000E-07
     265.83331299   0.0000E-07
     265.87500000   0.0000E-07
     265.91668701   0.0000E-07
     265.95831299   0.0000E-07
     266.00000000   0.0000E-07
     266.04168701   0.0000E-07
     266.08331299   0.0000E-07
     266.12500000   0.0000E-07
     266.16668701   0.0000E-07
     266.20831299   0.0000E-07
     266.25000000   0.0000E-07
     266.29168701   0.0000E-07
     266.33331299   0.0000E-07
     266.37500000   0.0000E-07
     266.41668701   0.0000E-07
     266.45831299   0.0000E-07
     266.50000000   0.0000E-07
     266.54168701   0.0000E-07
     266.58331299   0.0000E-07
     266.62500000   0.0000E-07
     266.66668701   0.0000E-07
     266.70831299   0.0000E-07
     266.75000000   0.0000E-07
     266.79168701   0.0000E-07
     266.83331299   0.0000E-07
     266.87500000   0.0000E-07
     266.91668701   0.0000E-07
     266.95831299   0.0000E-07
     267.00000000   0.0000E-07
     267.04168701   0.0000E-07
     267.08331299   0.0000E-07
     267.12500000   0.0000E-07
     267.16668701   0.0000E-07
     267.20831299   0.0000E-07
     267.25000000   0.0000E-07
     267.29168701   0.0000E-07
     267.33331299   0.0000E-07
     267.37500000   0.0000E-07
     267.41668701   0.0000E-07
     267.45831299   0.0000E-07
     267.50000000   0.0000E-07
     267.54168701   0.0000E-07
     267.58331299   0.0000E-07
     267.62500000   0.0000E-07
     267.66668701   0.0000E-07
     267.70831299   0.0000E-07
     267.75000000   0.0000E-07
     267.79168701   0.0000E-07
     267.83331299   0.0000E-07
     267.87500000   0.0000E-07
     267.91668701   0.0000E-07
     267.95831299   0.0000E-07
     268.00000000   0.0000E-07
     268.04168701   0.0000E-07
     268.08331299   0.0000E-07
     268.12500000   0.0000E-07
     268.16668701   0.0000E-07
     268.20831299   0.0000E-07
     268.25000000   0.0000E-07
     268.29168701   0.0000E-07
     268.33331299   0.0000E-07
     268.37500000   0.0000E-07
     268.41668701   0.0000E-07
     268.45831299   0.0000E-07
     268.50000000   0.0000E-07
     268.54168701   0.0000E-07
     268.58331299   0.0000E-07
     268.62500000   0.0000E-07
     268.66668701   0.0000E-07
     268.70831299   0.0000E-07
     268.75000000   0.0000E-07
     268.79168701   0.0000E-07
     268.83331299   0.0000E-07
     268.87500000   0.0000E-07
     268.91668701   0.0000E-07
     268.95831299   0.0000E-07
     269.00000000   0.0000E-07
     269.04168701   0.0000E-07
     269.08331299   0.0000E-07
     269.12500000   0.0000E-07
     269.16668701   0.0000E-07
     269.20831299   0.0000E-07
     269.25000000   0.0000E-07
     269.29168701   0.0000E-07
     269.33331299   0.0000E-07
     269.37500000   0.0000E-07
     269.41668701   0.0000E-07
     269.45831299   0.0000E-07
     269.50000000   0.0000E-07
     269.54168701   0.0000E-07
     269.58331299   0.0000E-07
     269.62500000   0.0000E-07
     269.66668701   0.0000E-07
     269.70831299   0.0000E-07
     269.75000000   0.0000E-07
     269.79168701   0.0000E-07
     269.83331299   0.0000E-07
     269.87500000   0.0000E-07
     269.91668701   0.0000E-07
     269.95831299   0.0000E-07
     270.00000000   0.0000E-07
     270.04168701   0.0000E-07
     270.08331299   0.0000E-07
     270.12500000   0.0000E-07
     270.16668701   0.0000E-07
     270.20831299   0.0000E-07
     270.25000000   0.0000E-07
     270.29168701   0.0000E-07
     270.33331299   0.0000E-07
     270.37500000   0.0000E-07
     270.41668701   0.0000E-07
     270.45831299   0.0000E-07
     270.50000000   0.0000E-07
     270.54168701   0.0000E-07
     270.58331299   0.0000E-07
     270.62500000   0.0000E-07
     270.66668701   0.0000E-07
     270.70831299   0.0000E-07
     270.75000000   0.0000E-07
     270.79168701   0.0000E-07
     270.83331299   0.0000E-07
     270.87500000   0.0000E-07
     270.91668701   0.0000E-07
     270.95831299   0.0000E-07
     271.00000000   0.0000E-07
     271.04168701   0.0000E-07
     271.08331299   0.0000E-07
     271.12500000   0.0000E-07
     271.16668701   0.0000E-07
     271.20831299   0.0000E-07
     271.25000000   0.0000E-07
     271.29168701   0.0000E-07
     271.33331299   0.0000E-07
     271.37500000   0.0000E-07
     271.41668701   0.0000E-07
     271.45831299   0.0000E-07
     271.50000000   0.0000E-07
     271.54168701   0.0000E-07
     271.58331299   0.0000E-07
     271.62500000   0.0000E-07
     271.66668701   0.0000E-07
     271.70831299   0.0000E-07
     271.75000000   0.0000E-07
     271.79168701   0.0000E-07
     271.83331299   0.0000E-07
     271.87500000   0.0000E-07
     271.91668701   0.0000E-07
     271.95831299   0.0000E-07
     272.00000000   0.0000E-07
     272.04168701   0.0000E-07
     272.08331299   0.0000E-07
     272.12500000   0.0000E-07
     272.16668701   0.0000E-07
     272.20831299   0.0000E-07
     272.25000000   0.0000E-07
     272.29168701   0.0000E-07
     272.33331299   0.0000E-07
     272.37500000   0.0000E-07
     272.41668701   0.0000E-07
     272.45831299   0.0000E-07
     272.50000000   0.0000E-07
     272.54168701   0.0000E-07
     272.58331299   0.0000E-07
     272.62500000   0.0000E-07
     272.66668701   0.0000E-07
     272.70831299   0.0000E-07
     272.75000000   0.0000E-07
     272.79168701   0.0000E-07
     272.83331299   0.0000E-07
     272.87500000   0.0000E-07
     272.91668701   0.0000E-07
     272.95831299   0.0000E-07
     273.00000000   0.0000E-07
     273.04168701   0.0000E-07
     273.08331299   0.0000E-07
     273.12500000   0.0000E-07
     273.16668701   0.0000E-07
     273.20831299   0.0000E-07
     273.25000000   0.0000E-07
     273.29168701   0.0000E-07
     273.33331299   0.0000E-07
     273.37500000   0.0000E-07
     273.41668701   0.0000E-07
     273.45831299   0.0000E-07
     273.50000000   0.0000E-07
     273.54168701   0.0000E-07
     273.58331299   0.0000E-07
     273.62500000   0.0000E-07
     273.66668701   0.0000E-07
     273.70831299   0.0000E-07
     273.75000000   0.0000E-07
     273.79168701   0.0000E-07
     273.83331299   0.0000E-07
     273.87500000   0.0000E-07
     273.91668701   0.0000E-07
     273.95831299   0.0000E-07
     274.00000000   0.0000E-07
     274.04165649   0.0000E-07
     274.08334351   0.0000E-07
     274.12500000   0.0000E-07
     274.16665649   0.0000E-07
     274.20834351   0.0000E-07
     274.25000000   0.0000E-07
     274.29165649   0.0000E-07
     274.33334351   0.0000E-07
     274.37500000   0.0000E-07
     274.41665649   0.0000E-07
     274.45834351   0.0000E-07
     274.50000000   0.0000E-07
     274.54165649   0.0000E-07
     274.58334351   0.0000E-07
     274.62500000   0.0000E-07
     274.66665649   0.0000E-07
     274.70834351   0.0000E-07
     274.75000000   0.0000E-07
     274.79165649   0.0000E-07
     274.83334351   0.0000E-07
     274.87500000   0.0000E-07
     274.91665649   0.0000E-07
     274.95834351   0.0000E-07
     275.00000000   0.0000E-07
     275.04165649   0.0000E-07
     275.08334351   0.0000E-07
     275.12500000   0.0000E-07
     275.16665649   0.0000E-07
     275.20834351   0.0000E-07
     275.25000000   0.0000E-07
     275.29165649   0.0000E-07
     275.33334351   0.0000E-07
     275.37500000   0.0000E-07
     275.41665649   0.0000E-07
     275.45834351   0.0000E-07
     275.50000000   0.0000E-07
     275.54165649   0.0000E-07
     275.58334351   0.0000E-07
     275.62500000   0.0000E-07
     275.66665649   0.0000E-07
     275.70834351   0.0000E-07
     275.75000000   0.0000E-07
     275.79165649   0.0000E-07
     275.83334351   0.0000E-07
     275.87500000   0.0000E-07
     275.91665649   0.0000E-07
     275.95834351   0.0000E-07
     276.00000000   0.0000E-07
     276.04165649   0.0000E-07
     276.08334351   0.0000E-07
     276.12500000   0.0000E-07
     276.16665649   0.0000E-07
     276.20834351   0.0000E-07
     276.25000000   0.0000E-07
     276.29165649   0.0000E-07
     276.33334351   0.0000E-07
     276.37500000   0.0000E-07
     276.41665649   0.0000E-07
     276.45834351   0.0000E-07
     276.50000000   0.0000E-07
     276.54165649   0.0000E-07
     276.58334351   0.0000E-07
     276.62500000   0.0000E-07
     276.66665649   0.0000E-07
     276.70834351   0.0000E-07
     276.75000000   0.0000E-07
     276.79165649   0.0000E-07
     276.83334351   0.0000E-07
     276.87500000   0.0000E-07
     276.91665649   0.0000E-07
     276.95834351   0.0000E-07
     277.00000000   0.0000E-07
     277.04165649   0.0000E-07
     277.08334351   0.0000E-07
     277.12500000   0.0000E-07
     277.16665649   0.0000E-07
     277.20834351   0.0000E-07
     277.25000000   0.0000E-07
     277.29165649   0.0000E-07
     277.33334351   0.0000E-07
     277.37500000   0.0000E-07
     277.41665649   0.0000E-07
     277.45834351   0.0000E-07
     277.50000000   0.0000E-07
     277.54165649   0.0000E-07
     277.58334351   0.0000E-07
     277.62500000   0.0000E-07
     277.66665649   0.0000E-07
     277.70834351   0.0000E-07
     277.75000000   0.0000E-07
     277.79165649   0.0000E-07
     277.83334351   0.0000E-07
     277.87500000   0.0000E-07
     277.91665649   0.0000E-07
     277.95834351   0.0000E-07
     278.00000000   0.0000E-07
     278.04165649   0.0000E-07
     278.08334351   0.0000E-07
     278.12500000   0.0000E-07
     278.16665649   0.0000E-07
     278.20834351   0.0000E-07
     278.25000000   0.0000E-07
     278.29165649   0.0000E-07
     278.33334351   0.0000E-07
     278.37500000   0.0000E-07
     278.41665649   0.0000E-07
     278.45834351   0.0000E-07
     278.50000000   0.0000E-07
     278.54165649   0.0000E-07
     278.58334351   0.0000E-07
     278.62500000   0.0000E-07
     278.66665649   0.0000E-07
     278.70834351   0.0000E-07
     278.75000000   0.0000E-07
     278.79165649   0.0000E-07
     278.83334351   0.0000E-07
     278.87500000   0.0000E-07
     278.91665649   0.0000E-07
     278.95834351   0.0000E-07
     279.00000000   0.0000E-07
     279.04165649   0.0000E-07
     279.08334351   0.0000E-07
     279.12500000   0.0000E-07
     279.16665649   0.0000E-07
     279.20834351   0.0000E-07
     279.25000000   0.0000E-07
     279.29165649   0.0000E-07
     279.33334351   0.0000E-07
     279.37500000   0.0000E-07
     279.41665649   0.0000E-07
     279.45834351   0.0000E-07
     279.50000000   0.0000E-07
     279.54165649   0.0000E-07
     279.58334351   0.0000E-07
     279.62500000   0.0000E-07
     279.66665649   0.0000E-07
     279.70834351   0.0000E-07
     279.75000000   0.0000E-07
     279.79165649   0.0000E-07
     279.83334351   0.0000E-07
     279.87500000   0.0000E-07
     279.91665649   0.0000E-07
     279.95834351   0.0000E-07
     280.00000000   0.0000E-07
     280.04165649   0.0000E-07
     280.08334351   0.0000E-07
     280.12500000   0.0000E-07
     280.16665649   0.0000E-07
     280.20834351   0.0000E-07
     280.25000000   0.0000E-07
     280.29165649   0.0000E-07
     280.33334351   0.0000E-07
     280.37500000   0.0000E-07
     280.41665649   0.0000E-07
     280.45834351   0.0000E-07
     280.50000000   0.0000E-07
     280.54165649   0.0000E-07
     280.58334351   0.0000E-07
     280.62500000   0.0000E-07
     280.66665649   0.0000E-07
     280.70834351   0.0000E-07
     280.75000000   0.0000E-07
     280.79165649   0.0000E-07
     280.83334351   0.0000E-07
     280.87500000   0.0000E-07
     280.91665649   0.0000E-07
     280.95834351   0.0000E-07
     281.00000000   0.0000E-07
     281.04165649   0.0000E-07
     281.08334351   0.0000E-07
     281.12500000   0.0000E-07
     281.16665649   0.0000E-07
     281.20834351   0.0000E-07
     281.25000000   0.0000E-07
     281.29165649   0.0000E-07
     281.33334351   0.0000E-07
     281.37500000   0.0000E-07
     281.41665649   0.0000E-07
     281.45834351   0.0000E-07
     281.50000000   0.0000E-07
     281.54165649   0.0000E-07
     281.58334351   0.0000E-07
     281.62500000   0.0000E-07
     281.66665649   0.0000E-07
     281.70834351   0.0000E-07
     281.75000000   0.0000E-07
     281.79165649   0.0000E-07
     281.83334351   0.0000E-07
     281.87500000   0.0000E-07
     281.91665649   0.0000E-07
     281.95834351   0.0000E-07
     282.00000000   0.0000E-07
     282.04165649   0.0000E-07
     282.08334351   0.0000E-07
     282.12500000   0.0000E-07
     282.16665649   0.0000E-07
     282.20834351   0.0000E-07
     282.25000000   0.0000E-07
     282.29165649   0.0000E-07
     282.33334351   0.0000E-07
     282.37500000   0.0000E-07
     282.41665649   0.0000E-07
     282.45834351   0.0000E-07
     282.50000000   0.0000E-07
     282.54165649   0.0000E-07
     282.58334351   0.0000E-07
     282.62500000   0.0000E-07
     282.66665649   0.0000E-07
     282.70834351   0.0000E-07
     282.75000000   0.0000E-07
     282.79165649   0.0000E-07
     282.83334351   0.0000E-07
     282.87500000   0.0000E-07
     282.91665649   0.0000E-07
     282.95834351   0.0000E-07
     283.00000000   0.0000E-07
     283.04165649   0.0000E-07
     283.08334351   0.0000E-07
     283.12500000   0.0000E-07
     283.16665649   0.0000E-07
     283.20834351   0.0000E-07
     283.25000000   0.0000E-07
     283.29165649   0.0000E-07
     283.33334351   0.0000E-07
     283.37500000   0.0000E-07
     283.41665649   0.0000E-07
     283.45834351   0.0000E-07
     283.50000000   0.0000E-07
     283.54165649   0.0000E-07
     283.58334351   0.0000E-07
     283.62500000   0.0000E-07
     283.66665649   0.0000E-07
     283.70834351   0.0000E-07
     283.75000000   0.0000E-07
     283.79165649   0.0000E-07
     283.83334351   0.0000E-07
     283.87500000   0.0000E-07
     283.91665649   0.0000E-07
     283.95834351   0.0000E-07
     284.00000000   0.0000E-07
     284.04165649   0.0000E-07
     284.08334351   0.0000E-07
     284.12500000   0.0000E-07
     284.16665649   0.0000E-07
     284.20834351   0.0000E-07
     284.25000000   0.0000E-07
     284.29165649   0.0000E-07
     284.33334351   0.0000E-07
     284.37500000   0.0000E-07
     284.41665649   0.0000E-07
     284.45834351   0.0000E-07
     284.50000000   0.0000E-07
     284.54165649   0.0000E-07
     284.58334351   0.0000E-07
     284.62500000   0.0000E-07
     284.66665649   0.0000E-07
     284.70834351   0.0000E-07
     284.75000000   0.0000E-07
     284.79165649   0.0000E-07
     284.83334351   0.0000E-07
     284.87500000   0.0000E-07
     284.91665649   0.0000E-07
     284.95834351   0.0000E-07
     285.00000000   0.0000E-07
     285.04165649   0.0000E-07
     285.08334351   0.0000E-07
     285.12500000   0.0000E-07
     285.16665649   0.0000E-07
     285.20834351   0.0000E-07
     285.25000000   0.0000E-07
     285.29165649   0.0000E-07
     285.33334351   0.0000E-07
     285.37500000   0.0000E-07
     285.41665649   0.0000E-07
     285.45834351   0.0000E-07
     285.50000000   0.0000E-07
     285.54165649   0.0000E-07
     285.58334351   0.0000E-07
     285.62500000   0.0000E-07
     285.66665649   0.0000E-07
     285.70834351   0.0000E-07
     285.75000000   0.0000E-07
     285.79165649   0.0000E-07
     285.83334351   0.0000E-07
     285.87500000   0.0000E-07
     285.91665649   0.0000E-07
     285.95834351   0.0000E-07
     286.00000000   0.0000E-07
     286.04165649   0.0000E-07
     286.08334351   0.0000E-07
     286.12500000   0.0000E-07
     286.16665649   0.0000E-07
     286.20834351   0.0000E-07
     286.25000000   0.0000E-07
     286.29165649   0.0000E-07
     286.33334351   0.0000E-07
     286.37500000   0.0000E-07
     286.41665649   0.0000E-07
     286.45834351   0.0000E-07
     286.50000000   0.0000E-07
     286.54165649   0.0000E-07
     286.58334351   0.0000E-07
     286.62500000   0.0000E-07
     286.66665649   0.0000E-07
     286.70834351   0.0000E-07
     286.75000000   0.0000E-07
     286.79165649   0.0000E-07
     286.83334351   0.0000E-07
     286.87500000   0.0000E-07
     286.91665649   0.0000E-07
     286.95834351   0.0000E-07
     287.00000000   0.0000E-07
     287.04165649   0.0000E-07
     287.08334351   0.0000E-07
     287.12500000   0.0000E-07
     287.16665649   0.0000E-07
     287.20834351   0.0000E-07
     287.25000000   0.0000E-07
     287.29165649   0.0000E-07
     287.33334351   0.0000E-07
     287.37500000   0.0000E-07
     287.41665649   0.0000E-07
     287.45834351   0.0000E-07
     287.50000000   0.0000E-07
     287.54165649   0.0000E-07
     287.58334351   0.0000E-07
     287.62500000   0.0000E-07
     287.66665649   0.0000E-07
     287.70834351   0.0000E-07
     287.75000000   0.0000E-07
     287.79165649   0.0000E-07
     287.83334351   0.0000E-07
     287.87500000   0.0000E-07
     287.91665649   0.0000E-07
     287.95834351   0.0000E-07
     288.00000000   0.0000E-07
     288.04165649   0.0000E-07
     288.08334351   0.0000E-07
     288.12500000   0.0000E-07
     288.16665649   0.0000E-07
     288.20834351   0.0000E-07
     288.25000000   0.0000E-07
     288.29165649   0.0000E-07
     288.33334351   0.0000E-07
     288.37500000   0.0000E-07
     288.41665649   0.0000E-07
     288.45834351   0.0000E-07
     288.50000000   0.0000E-07
     288.54165649   0.0000E-07
     288.58334351   0.0000E-07
     288.62500000   0.0000E-07
     288.66665649   0.0000E-07
     288.70834351   0.0000E-07
     288.75000000   0.0000E-07
     288.79165649   0.0000E-07
     288.83334351   0.0000E-07
     288.87500000   0.0000E-07
     288.91665649   0.0000E-07
     288.95834351   0.0000E-07
     289.00000000   0.0000E-07
     289.04165649   0.0000E-07
     289.08334351   0.0000E-07
     289.12500000   0.0000E-07
     289.16665649   0.0000E-07
     289.20834351   0.0000E-07
     289.25000000   0.0000E-07
     289.29165649   0.0000E-07
     289.33334351   0.0000E-07
     289.37500000   0.0000E-07
     289.41665649   0.0000E-07
     289.45834351   0.0000E-07
     289.50000000   0.0000E-07
     289.54165649   0.0000E-07
     289.58334351   0.0000E-07
     289.62500000   0.0000E-07
     289.66665649   0.0000E-07
     289.70834351   0.0000E-07
     289.75000000   0.0000E-07
     289.79165649   0.0000E-07
     289.83334351   0.0000E-07
     289.87500000   0.0000E-07
     289.91665649   0.0000E-07
     289.95834351   0.0000E-07
     290.00000000   0.0000E-07
     290.04165649   0.0000E-07
     290.08334351   0.0000E-07
     290.12500000   0.0000E-07
     290.16665649   0.0000E-07
     290.20834351   0.0000E-07
     290.25000000   0.0000E-07
     290.29165649   0.0000E-07
     290.33334351   0.0000E-07
     290.37500000   0.0000E-07
     290.41665649   0.0000E-07
     290.45834351   0.0000E-07
     290.50000000   0.0000E-07
     290.54165649   0.0000E-07
     290.58334351   0.0000E-07
     290.62500000   0.0000E-07
     290.66665649   0.0000E-07
     290.70834351   0.0000E-07
     290.75000000   0.0000E-07
     290.79165649   0.0000E-07
     290.83334351   0.0000E-07
     290.87500000   0.0000E-07
     290.91665649   0.0000E-07
     290.95834351   0.0000E-07
     291.00000000   0.0000E-07
     291.04165649   0.0000E-07
     291.08334351   0.0000E-07
     291.12500000   0.0000E-07
     291.16665649   0.0000E-07
     291.20834351   0.0000E-07
     291.25000000   0.0000E-07
     291.29165649   0.0000E-07
     291.33334351   0.0000E-07
     291.37500000   0.0000E-07
     291.41665649   0.0000E-07
     291.45834351   0.0000E-07
     291.50000000   0.0000E-07
     291.54165649   0.0000E-07
     291.58334351   0.0000E-07
     291.62500000   0.0000E-07
     291.66665649   0.0000E-07
     291.70834351   0.0000E-07
     291.75000000   0.0000E-07
     291.79165649   0.0000E-07
     291.83334351   0.0000E-07
     291.87500000   0.0000E-07
     291.91665649   0.0000E-07
     291.95834351   0.0000E-07
     292.00000000   0.0000E-07
     292.04165649   0.0000E-07
     292.08334351   0.0000E-07
     292.12500000   0.0000E-07
     292.16665649   0.0000E-07
     292.20834351   0.0000E-07
     292.25000000   0.0000E-07
     292.29165649   0.0000E-07
     292.33334351   0.0000E-07
     292.37500000   0.0000E-07
     292.41665649   0.0000E-07
     292.45834351   0.0000E-07
     292.50000000   0.0000E-07
     292.54165649   0.0000E-07
     292.58334351   0.0000E-07
     292.62500000   0.0000E-07
     292.66665649   0.0000E-07
     292.70834351   0.0000E-07
     292.75000000   0.0000E-07
     292.79165649   0.0000E-07
     292.83334351   0.0000E-07
     292.87500000   0.0000E-07
     292.91665649   0.0000E-07
     292.95834351   0.0000E-07
     293.00000000   0.0000E-07
     293.04165649   0.0000E-07
     293.08334351   0.0000E-07
     293.12500000   0.0000E-07
     293.16665649   0.0000E-07
     293.20834351   0.0000E-07
     293.25000000   0.0000E-07
     293.29165649   0.0000E-07
     293.33334351   0.0000E-07
     293.37500000   0.0000E-07
     293.41665649   0.0000E-07
     293.45834351   0.0000E-07
     293.50000000   0.0000E-07
     293.54165649   0.0000E-07
     293.58334351   0.0000E-07
     293.62500000   0.0000E-07
     293.66665649   0.0000E-07
     293.70834351   0.0000E-07
     293.75000000   0.0000E-07
     293.79165649   0.0000E-07
     293.83334351   0.0000E-07
     293.87500000   0.0000E-07
     293.91665649   0.0000E-07
     293.95834351   0.0000E-07
     294.00000000   0.0000E-07
     294.04165649   0.0000E-07
     294.08334351   0.0000E-07
     294.12500000   0.0000E-07
     294.16665649   0.0000E-07
     294.20834351   0.0000E-07
     294.25000000   0.0000E-07
     294.29165649   0.0000E-07
     294.33334351   0.0000E-07
     294.37500000   0.0000E-07
     294.41665649   0.0000E-07
     294.45834351   0.0000E-07
     294.50000000   0.0000E-07
     294.54165649   0.0000E-07
     294.58334351   0.0000E-07
     294.62500000   0.0000E-07
     294.66665649   0.0000E-07
     294.70834351   0.0000E-07
     294.75000000   0.0000E-07
     294.79165649   0.0000E-07
     294.83334351   0.0000E-07
     294.87500000   0.0000E-07
     294.91665649   0.0000E-07
     294.95834351   0.0000E-07
     295.00000000   0.0000E-07
     295.04165649   0.0000E-07
     295.08334351   0.0000E-07
     295.12500000   0.0000E-07
     295.16665649   0.0000E-07
     295.20834351   0.0000E-07
     295.25000000   0.0000E-07
     295.29165649   0.0000E-07
     295.33334351   0.0000E-07
     295.37500000   0.0000E-07
     295.41665649   0.0000E-07
     295.45834351   0.0000E-07
     295.50000000   0.0000E-07
     295.54165649   0.0000E-07
     295.58334351   0.0000E-07
     295.62500000   0.0000E-07
     295.66665649   0.0000E-07
     295.70834351   0.0000E-07
     295.75000000   0.0000E-07
     295.79165649   0.0000E-07
     295.83334351   0.0000E-07
     295.87500000   0.0000E-07
     295.91665649   0.0000E-07
     295.95834351   0.0000E-07
     296.00000000   0.0000E-07
     296.04165649   0.0000E-07
     296.08334351   0.0000E-07
     296.12500000   0.0000E-07
     296.16665649   0.0000E-07
     296.20834351   0.0000E-07
     296.25000000   0.0000E-07
     296.29165649   0.0000E-07
     296.33334351   0.0000E-07
     296.37500000   0.0000E-07
     296.41665649   0.0000E-07
     296.45834351   0.0000E-07
     296.50000000   0.0000E-07
     296.54165649   0.0000E-07
     296.58334351   0.0000E-07
     296.62500000   0.0000E-07
     296.66665649   0.0000E-07
     296.70834351   0.0000E-07
     296.75000000   0.0000E-07
     296.79165649   0.0000E-07
     296.83334351   0.0000E-07
     296.87500000   0.0000E-07
     296.91665649   0.0000E-07
     296.95834351   0.0000E-07
     297.00000000   0.0000E-07
     297.04165649   0.0000E-07
     297.08334351   0.0000E-07
     297.12500000   0.0000E-07
     297.16665649   0.0000E-07
     297.20834351   0.0000E-07
     297.25000000   0.0000E-07
     297.29165649   0.0000E-07
     297.33334351   0.0000E-07
     297.37500000   0.0000E-07
     297.41665649   0.0000E-07
     297.45834351   0.0000E-07
     297.50000000   0.0000E-07
     297.54165649   0.0000E-07
     297.58334351   0.0000E-07
     297.62500000   0.0000E-07
     297.66665649   0.0000E-07
     297.70834351   0.0000E-07
     297.75000000   0.0000E-07
     297.79165649   0.0000E-07
     297.83334351   0.0000E-07
     297.87500000   0.0000E-07
     297.91665649   0.0000E-07
     297.95834351   0.0000E-07
     298.00000000   0.0000E-07
     298.04165649   0.0000E-07
     298.08334351   0.0000E-07
     298.12500000   0.0000E-07
     298.16665649   0.0000E-07
     298.20834351   0.0000E-07
     298.25000000   0.0000E-07
     298.29165649   0.0000E-07
     298.33334351   0.0000E-07
     298.37500000   0.0000E-07
     298.41665649   0.0000E-07
     298.45834351   0.0000E-07
     298.50000000   0.0000E-07
     298.54165649   0.0000E-07
     298.58334351   0.0000E-07
     298.62500000   0.0000E-07
     298.66665649   0.0000E-07
     298.70834351   0.0000E-07
     298.75000000   0.0000E-07
     298.79165649   0.0000E-07
     298.83334351   0.0000E-07
     298.87500000   0.0000E-07
     298.91665649   0.0000E-07
     298.95834351   0.0000E-07
     299.00000000   0.0000E-07
     299.04165649   0.0000E-07
     299.08334351   0.0000E-07
     299.12500000   0.0000E-07
     299.16665649   0.0000E-07
     299.20834351   0.0000E-07
     299.25000000   0.0000E-07
     299.29165649   0.0000E-07
     299.33334351   0.0000E-07
     299.37500000   0.0000E-07
     299.41665649   0.0000E-07
     299.45834351   0.0000E-07
     299.50000000   0.0000E-07
     299.54165649   0.0000E-07
     299.58334351   0.0000E-07
     299.62500000   0.0000E-07
     299.66665649   0.0000E-07
     299.70834351   0.0000E-07
     299.75000000   0.0000E-07
     299.79165649   0.0000E-07
     299.83334351   0.0000E-07
     299.87500000   0.0000E-07
     299.91665649   0.0000E-07
     299.95834351   0.0000E-07
     300.00000000   0.0000E-07
     300.04165649   0.0000E-07
     300.08334351   0.0000E-07
     300.12500000   0.0000E-07
     300.16665649   0.0000E-07
     300.20834351   0.0000E-07
     300.25000000   0.0000E-07
     300.29165649   0.0000E-07
     300.33334351   0.0000E-07
     300.37500000   0.0000E-07
     300.41665649   0.0000E-07
     300.45834351   0.0000E-07
     300.50000000   0.0000E-07
     300.54165649   0.0000E-07
     300.58334351   0.0000E-07
     300.62500000   0.0000E-07
     300.66665649   0.0000E-07
     300.70834351   0.0000E-07
     300.75000000   0.0000E-07
     300.79165649   0.0000E-07
     300.83334351   0.0000E-07
     300.87500000   0.0000E-07
     300.91665649   0.0000E-07
     300.95834351   0.0000E-07
     301.00000000   0.0000E-07
     301.04165649   0.0000E-07
     301.08334351   0.0000E-07
     301.12500000   0.0000E-07
     301.16665649   0.0000E-07
     301.20834351   0.0000E-07
     301.25000000   0.0000E-07
     301.29165649   0.0000E-07
     301.33334351   0.0000E-07
     301.37500000   0.0000E-07
     301.41665649   0.0000E-07
     301.45834351   0.0000E-07
     301.50000000   0.0000E-07
     301.54165649   0.0000E-07
     301.58334351   0.0000E-07
     301.62500000   0.0000E-07
     301.66665649   0.0000E-07
     301.70834351   0.0000E-07
     301.75000000   0.0000E-07
     301.79165649   0.0000E-07
     301.83334351   0.0000E-07
     301.87500000   0.0000E-07
     301.91665649   0.0000E-07
     301.95834351   0.0000E-07
     302.00000000   0.0000E-07
     302.04165649   0.0000E-07
     302.08334351   0.0000E-07
     302.12500000   0.0000E-07
     302.16665649   0.0000E-07
     302.20834351   0.0000E-07
     302.25000000   0.0000E-07
     302.29165649   0.0000E-07
     302.33334351   0.0000E-07
     302.37500000   0.0000E-07
     302.41665649   0.0000E-07
     302.45834351   0.0000E-07
     302.50000000   0.0000E-07
     302.54165649   0.0000E-07
     302.58334351   0.0000E-07
     302.62500000   0.0000E-07
     302.66665649   0.0000E-07
     302.70834351   0.0000E-07
     302.75000000   0.0000E-07
     302.79165649   0.0000E-07
     302.83334351   0.0000E-07
     302.87500000   0.0000E-07
     302.91665649   0.0000E-07
     302.95834351   0.0000E-07
     303.00000000   0.0000E-07
     303.04165649   0.0000E-07
     303.08334351   0.0000E-07
     303.12500000   0.0000E-07
     303.16665649   0.0000E-07
     303.20834351   0.0000E-07
     303.25000000   0.0000E-07
     303.29165649   0.0000E-07
     303.33334351   0.0000E-07
     303.37500000   0.0000E-07
     303.41665649   0.0000E-07
     303.45834351   0.0000E-07
     303.50000000   0.0000E-07
     303.54165649   0.0000E-07
     303.58334351   0.0000E-07
     303.62500000   0.0000E-07
     303.66665649   0.0000E-07
     303.70834351   0.0000E-07
     303.75000000   0.0000E-07
     303.79165649   0.0000E-07
     303.83334351   0.0000E-07
     303.87500000   0.0000E-07
     303.91665649   0.0000E-07
     303.95834351   0.0000E-07
     304.00000000   0.0000E-07
     304.04165649   0.0000E-07
     304.08334351   0.0000E-07
     304.12500000   0.0000E-07
     304.16665649   0.0000E-07
     304.20834351   0.0000E-07
     304.25000000   0.0000E-07
     304.29165649   0.0000E-07
     304.33334351   0.0000E-07
     304.37500000   0.0000E-07
     304.41665649   0.0000E-07
     304.45834351   0.0000E-07
     304.50000000   0.0000E-07
     304.54165649   0.0000E-07
     304.58334351   0.0000E-07
     304.62500000   0.0000E-07
     304.66665649   0.0000E-07
     304.70834351   0.0000E-07
     304.75000000   0.0000E-07
     304.79165649   0.0000E-07
     304.83334351   0.0000E-07
     304.87500000   0.0000E-07
     304.91665649   0.0000E-07
     304.95834351   0.0000E-07
     305.00000000   0.0000E-07
     305.04165649   0.0000E-07
     305.08334351   0.0000E-07
     305.12500000   0.0000E-07
     305.16665649   0.0000E-07
     305.20834351   0.0000E-07
     305.25000000   0.0000E-07
     305.29165649   0.0000E-07
     305.33334351   0.0000E-07
     305.37500000   0.0000E-07
     305.41665649   0.0000E-07
     305.45834351   0.0000E-07
     305.50000000   0.0000E-07
     305.54165649   0.0000E-07
     305.58334351   0.0000E-07
     305.62500000   0.0000E-07
     305.66665649   0.0000E-07
     305.70834351   0.0000E-07
     305.75000000   0.0000E-07
     305.79165649   0.0000E-07
     305.83334351   0.0000E-07
     305.87500000   0.0000E-07
     305.91665649   0.0000E-07
     305.95834351   0.0000E-07
     306.00000000   0.0000E-07
     306.04165649   0.0000E-07
     306.08334351   0.0000E-07
     306.12500000   0.0000E-07
     306.16665649   0.0000E-07
     306.20834351   0.0000E-07
     306.25000000   0.0000E-07
     306.29165649   0.0000E-07
     306.33334351   0.0000E-07
     306.37500000   0.0000E-07
     306.41665649   0.0000E-07
     306.45834351   0.0000E-07
     306.50000000   0.0000E-07
     306.54165649   0.0000E-07
     306.58334351   0.0000E-07
     306.62500000   0.0000E-07
     306.66665649   0.0000E-07
     306.70834351   0.0000E-07
     306.75000000   0.0000E-07
     306.79165649   0.0000E-07
     306.83334351   0.0000E-07
     306.87500000   0.0000E-07
     306.91665649   0.0000E-07
     306.95834351   0.0000E-07
     307.00000000   0.0000E-07
     307.04165649   0.0000E-07
     307.08334351   0.0000E-07
     307.12500000   0.0000E-07
     307.16665649   0.0000E-07
     307.20834351   0.0000E-07
     307.25000000   0.0000E-07
     307.29165649   0.0000E-07
     307.33334351   0.0000E-07
     307.37500000   0.0000E-07
     307.41665649   0.0000E-07
     307.45834351   0.0000E-07
     307.50000000   0.0000E-07
     307.54165649   0.0000E-07
     307.58334351   0.0000E-07
     307.62500000   0.0000E-07
     307.66665649   0.0000E-07
     307.70834351   0.0000E-07
     307.75000000   0.0000E-07
     307.79165649   0.0000E-07
     307.83334351   0.0000E-07
     307.87500000   0.0000E-07
     307.91665649   0.0000E-07
     307.95834351   0.0000E-07
     308.00000000   0.0000E-07
     308.04165649   0.0000E-07
     308.08334351   0.0000E-07
     308.12500000   0.0000E-07
     308.16665649   0.0000E-07
     308.20834351   0.0000E-07
     308.25000000   0.0000E-07
     308.29165649   0.0000E-07
     308.33334351   0.0000E-07
     308.37500000   0.0000E-07
     308.41665649   0.0000E-07
     308.45834351   0.0000E-07
     308.50000000   0.0000E-07
     308.54165649   0.0000E-07
     308.58334351   0.0000E-07
     308.62500000   0.0000E-07
     308.66665649   0.0000E-07
     308.70834351   0.0000E-07
     308.75000000   0.0000E-07
     308.79165649   0.0000E-07
     308.83334351   0.0000E-07
     308.87500000   0.0000E-07
     308.91665649   0.0000E-07
     308.95834351   0.0000E-07
     309.00000000   0.0000E-07
     309.04165649   0.0000E-07
     309.08334351   0.0000E-07
     309.12500000   0.0000E-07
     309.16665649   0.0000E-07
     309.20834351   0.0000E-07
     309.25000000   0.0000E-07
     309.29165649   0.0000E-07
     309.33334351   0.0000E-07
     309.37500000   0.0000E-07
     309.41665649   0.0000E-07
     309.45834351   0.0000E-07
     309.50000000   0.0000E-07
     309.54165649   0.0000E-07
     309.58334351   0.0000E-07
     309.62500000   0.0000E-07
     309.66665649   0.0000E-07
     309.70834351   0.0000E-07
     309.75000000   0.0000E-07
     309.79165649   0.0000E-07
     309.83334351   0.0000E-07
     309.87500000   0.0000E-07
     309.91665649   0.0000E-07
     309.95834351   0.0000E-07
     310.00000000   0.0000E-07
     310.04165649   0.0000E-07
     310.08334351   0.0000E-07
     310.12500000   0.0000E-07
     310.16665649   0.0000E-07
     310.20834351   0.0000E-07
     310.25000000   0.0000E-07
     310.29165649   0.0000E-07
     310.33334351   0.0000E-07
     310.37500000   0.0000E-07
     310.41665649   0.0000E-07
     310.45834351   0.0000E-07
     310.50000000   0.0000E-07
     310.54165649   0.0000E-07
     310.58334351   0.0000E-07
     310.62500000   0.0000E-07
     310.66665649   0.0000E-07
     310.70834351   0.0000E-07
     310.75000000   0.0000E-07
     310.79165649   0.0000E-07
     310.83334351   0.0000E-07
     310.87500000   0.0000E-07
     310.91665649   0.0000E-07
     310.95834351   0.0000E-07
     311.00000000   0.0000E-07
     311.04165649   0.0000E-07
     311.08334351   0.0000E-07
     311.12500000   0.0000E-07
     311.16665649   0.0000E-07
     311.20834351   0.0000E-07
     311.25000000   0.0000E-07
     311.29165649   0.0000E-07
     311.33334351   0.0000E-07
     311.37500000   0.0000E-07
     311.41665649   0.0000E-07
     311.45834351   0.0000E-07
     311.50000000   0.0000E-07
     311.54165649   0.0000E-07
     311.58334351   0.0000E-07
     311.62500000   0.0000E-07
     311.66665649   0.0000E-07
     311.70834351   0.0000E-07
     311.75000000   0.0000E-07
     311.79165649   0.0000E-07
     311.83334351   0.0000E-07
     311.87500000   0.0000E-07
     311.91665649   0.0000E-07
     311.95834351   0.0000E-07
     312.00000000   0.0000E-07
     312.04165649   0.0000E-07
     312.08334351   0.0000E-07
     312.12500000   0.0000E-07
     312.16665649   0.0000E-07
     312.20834351   0.0000E-07
     312.25000000   0.0000E-07
     312.29165649   0.0000E-07
     312.33334351   0.0000E-07
     312.37500000   0.0000E-07
     312.41665649   0.0000E-07
     312.45834351   0.0000E-07
     312.50000000   0.0000E-07
     312.54165649   0.0000E-07
     312.58334351   0.0000E-07
     312.62500000   0.0000E-07
     312.66665649   0.0000E-07
     312.70834351   0.0000E-07
     312.75000000   0.0000E-07
     312.79165649   0.0000E-07
     312.83334351   0.0000E-07
     312.87500000   0.0000E-07
     312.91665649   0.0000E-07
     312.95834351   0.0000E-07
     313.00000000   0.0000E-07
     313.04165649   0.0000E-07
     313.08334351   0.0000E-07
     313.12500000   0.0000E-07
     313.16665649   0.0000E-07
     313.20834351   0.0000E-07
     313.25000000   0.0000E-07
     313.29165649   0.0000E-07
     313.33334351   0.0000E-07
     313.37500000   0.0000E-07
     313.41665649   0.0000E-07
     313.45834351   0.0000E-07
     313.50000000   0.0000E-07
     313.54165649   0.0000E-07
     313.58334351   0.0000E-07
     313.62500000   0.0000E-07
     313.66665649   0.0000E-07
     313.70834351   0.0000E-07
     313.75000000   0.0000E-07
     313.79165649   0.0000E-07
     313.83334351   0.0000E-07
     313.87500000   0.0000E-07
     313.91665649   0.0000E-07
     313.95834351   0.0000E-07
     314.00000000   0.0000E-07
     314.04165649   0.0000E-07
     314.08334351   0.0000E-07
     314.12500000   0.0000E-07
     314.16665649   0.0000E-07
     314.20834351   0.0000E-07
     314.25000000   0.0000E-07
     314.29165649   0.0000E-07
     314.33334351   0.0000E-07
     314.37500000   0.0000E-07
     314.41665649   0.0000E-07
     314.45834351   0.0000E-07
     314.50000000   0.0000E-07
     314.54165649   0.0000E-07
     314.58334351   0.0000E-07
     314.62500000   0.0000E-07
     314.66665649   0.0000E-07
     314.70834351   0.0000E-07
     314.75000000   0.0000E-07
     314.79165649   0.0000E-07
     314.83334351   0.0000E-07
     314.87500000   0.0000E-07
     314.91665649   0.0000E-07
     314.95834351   0.0000E-07
     315.00000000   0.0000E-07
     315.04165649   0.0000E-07
     315.08334351   0.0000E-07
     315.12500000   0.0000E-07
     315.16665649   0.0000E-07
     315.20834351   0.0000E-07
     315.25000000   0.0000E-07
     315.29165649   0.0000E-07
     315.33334351   0.0000E-07
     315.37500000   0.0000E-07
     315.41665649   0.0000E-07
     315.45834351   0.0000E-07
     315.50000000   0.0000E-07
     315.54165649   0.0000E-07
     315.58334351   0.0000E-07
     315.62500000   0.0000E-07
     315.66665649   0.0000E-07
     315.70834351   0.0000E-07
     315.75000000   0.0000E-07
     315.79165649   0.0000E-07
     315.83334351   0.0000E-07
     315.87500000   0.0000E-07
     315.91665649   0.0000E-07
     315.95834351   0.0000E-07
     316.00000000   0.0000E-07
     316.04165649   0.0000E-07
     316.08334351   0.0000E-07
     316.12500000   0.0000E-07
     316.16665649   0.0000E-07
     316.20834351   0.0000E-07
     316.25000000   0.0000E-07
     316.29165649   0.0000E-07
     316.33334351   0.0000E-07
     316.37500000   0.0000E-07
     316.41665649   0.0000E-07
     316.45834351   0.0000E-07
     316.50000000   0.0000E-07
     316.54165649   0.0000E-07
     316.58334351   0.0000E-07
     316.62500000   0.0000E-07
     316.66665649   0.0000E-07
     316.70834351   0.0000E-07
     316.75000000   0.0000E-07
     316.79165649   0.0000E-07
     316.83334351   0.0000E-07
     316.87500000   0.0000E-07
     316.91665649   0.0000E-07
     316.95834351   0.0000E-07
     317.00000000   0.0000E-07
     317.04165649   0.0000E-07
     317.08334351   0.0000E-07
     317.12500000   0.0000E-07
     317.16665649   0.0000E-07
     317.20834351   0.0000E-07
     317.25000000   0.0000E-07
     317.29165649   0.0000E-07
     317.33334351   0.0000E-07
     317.37500000   0.0000E-07
     317.41665649   0.0000E-07
     317.45834351   0.0000E-07
     317.50000000   0.0000E-07
     317.54165649   0.0000E-07
     317.58334351   0.0000E-07
     317.62500000   0.0000E-07
     317.66665649   0.0000E-07
     317.70834351   0.0000E-07
     317.75000000   0.0000E-07
     317.79165649   0.0000E-07
     317.83334351   0.0000E-07
     317.87500000   0.0000E-07
     317.91665649   0.0000E-07
     317.95834351   0.0000E-07
     318.00000000   0.0000E-07
     318.04165649   0.0000E-07
     318.08334351   0.0000E-07
     318.12500000   0.0000E-07
     318.16665649   0.0000E-07
     318.20834351   0.0000E-07
     318.25000000   0.0000E-07
     318.29165649   0.0000E-07
     318.33334351   0.0000E-07
     318.37500000   0.0000E-07
     318.41665649   0.0000E-07
     318.45834351   0.0000E-07
     318.50000000   0.0000E-07
     318.54165649   0.0000E-07
     318.58334351   0.0000E-07
     318.62500000   0.0000E-07
     318.66665649   0.0000E-07
     318.70834351   0.0000E-07
     318.75000000   0.0000E-07
     318.79165649   0.0000E-07
     318.83334351   0.0000E-07
     318.87500000   0.0000E-07
     318.91665649   0.0000E-07
     318.95834351   0.0000E-07
     319.00000000   0.0000E-07
     319.04165649   0.0000E-07
     319.08334351   0.0000E-07
     319.12500000   0.0000E-07
     319.16665649   0.0000E-07
     319.20834351   0.0000E-07
     319.25000000   0.0000E-07
     319.29165649   0.0000E-07
     319.33334351   0.0000E-07
     319.37500000   0.0000E-07
     319.41665649   0.0000E-07
     319.45834351   0.0000E-07
     319.50000000   0.0000E-07
     319.54165649   0.0000E-07
     319.58334351   0.0000E-07
     319.62500000   0.0000E-07
     319.66665649   0.0000E-07
     319.70834351   0.0000E-07
     319.75000000   0.0000E-07
     319.79165649   0.0000E-07
     319.83334351   0.0000E-07
     319.87500000   0.0000E-07
     319.91665649   0.0000E-07
     319.95834351   0.0000E-07
     320.00000000   0.0000E-07
     320.04165649   0.0000E-07
     320.08334351   0.0000E-07
     320.12500000   0.0000E-07
     320.16665649   0.0000E-07
     320.20834351   0.0000E-07
     320.25000000   0.0000E-07
     320.29165649   0.0000E-07
     320.33334351   0.0000E-07
     320.37500000   0.0000E-07
     320.41665649   0.0000E-07
     320.45834351   0.0000E-07
     320.50000000   0.0000E-07
     320.54165649   0.0000E-07
     320.58334351   0.0000E-07
     320.62500000   0.0000E-07
     320.66665649   0.0000E-07
     320.70834351   0.0000E-07
     320.75000000   0.0000E-07
     320.79165649   0.0000E-07
     320.83334351   0.0000E-07
     320.87500000   0.0000E-07
     320.91665649   0.0000E-07
     320.95834351   0.0000E-07
     321.00000000   0.0000E-07
     321.04165649   0.0000E-07
     321.08334351   0.0000E-07
     321.12500000   0.0000E-07
     321.16665649   0.0000E-07
     321.20834351   0.0000E-07
     321.25000000   0.0000E-07
     321.29165649   0.0000E-07
     321.33334351   0.0000E-07
     321.37500000   0.0000E-07
     321.41665649   0.0000E-07
     321.45834351   0.0000E-07
     321.50000000   0.0000E-07
     321.54165649   0.0000E-07
     321.58334351   0.0000E-07
     321.62500000   0.0000E-07
     321.66665649   0.0000E-07
     321.70834351   0.0000E-07
     321.75000000   0.0000E-07
     321.79165649   0.0000E-07
     321.83334351   0.0000E-07
     321.87500000   0.0000E-07
     321.91665649   0.0000E-07
     321.95834351   0.0000E-07
     322.00000000   0.0000E-07
     322.04165649   0.0000E-07
     322.08334351   0.0000E-07
     322.12500000   0.0000E-07
     322.16665649   0.0000E-07
     322.20834351   0.0000E-07
     322.25000000   0.0000E-07
     322.29165649   0.0000E-07
     322.33334351   0.0000E-07
     322.37500000   0.0000E-07
     322.41665649   0.0000E-07
     322.45834351   0.0000E-07
     322.50000000   0.0000E-07
     322.54165649   0.0000E-07
     322.58334351   0.0000E-07
     322.62500000   0.0000E-07
     322.66665649   0.0000E-07
     322.70834351   0.0000E-07
     322.75000000   0.0000E-07
     322.79165649   0.0000E-07
     322.83334351   0.0000E-07
     322.87500000   0.0000E-07
     322.91665649   0.0000E-07
     322.95834351   0.0000E-07
     323.00000000   0.0000E-07
     323.04165649   0.0000E-07
     323.08334351   0.0000E-07
     323.12500000   0.0000E-07
     323.16665649   0.0000E-07
     323.20834351   0.0000E-07
     323.25000000   0.0000E-07
     323.29165649   0.0000E-07
     323.33334351   0.0000E-07
     323.37500000   0.0000E-07
     323.41665649   0.0000E-07
     323.45834351   0.0000E-07
     323.50000000   0.0000E-07
     323.54165649   0.0000E-07
     323.58334351   0.0000E-07
     323.62500000   0.0000E-07
     323.66665649   0.0000E-07
     323.70834351   0.0000E-07
     323.75000000   0.0000E-07
     323.79165649   0.0000E-07
     323.83334351   0.0000E-07
     323.87500000   0.0000E-07
     323.91665649   0.0000E-07
     323.95834351   0.0000E-07
     324.00000000   0.0000E-07
     324.04165649   0.0000E-07
     324.08334351   0.0000E-07
     324.12500000   0.0000E-07
     324.16665649   0.0000E-07
     324.20834351   0.0000E-07
     324.25000000   0.0000E-07
     324.29165649   0.0000E-07
     324.33334351   0.0000E-07
     324.37500000   0.0000E-07
     324.41665649   0.0000E-07
     324.45834351   0.0000E-07
     324.50000000   0.0000E-07
     324.54165649   0.0000E-07
     324.58334351   0.0000E-07
     324.62500000   0.0000E-07
     324.66665649   0.0000E-07
     324.70834351   0.0000E-07
     324.75000000   0.0000E-07
     324.79165649   0.0000E-07
     324.83334351   0.0000E-07
     324.87500000   0.0000E-07
     324.91665649   0.0000E-07
     324.95834351   0.0000E-07
     325.00000000   0.0000E-07
     325.04165649   0.0000E-07
     325.08334351   0.0000E-07
     325.12500000   0.0000E-07
     325.16665649   0.0000E-07
     325.20834351   0.0000E-07
     325.25000000   0.0000E-07
     325.29165649   0.0000E-07
     325.33334351   0.0000E-07
     325.37500000   0.0000E-07
     325.41665649   0.0000E-07
     325.45834351   0.0000E-07
     325.50000000   0.0000E-07
     325.54165649   0.0000E-07
     325.58334351   0.0000E-07
     325.62500000   0.0000E-07
     325.66665649   0.0000E-07
     325.70834351   0.0000E-07
     325.75000000   0.0000E-07
     325.79165649   0.0000E-07
     325.83334351   0.0000E-07
     325.87500000   0.0000E-07
     325.91665649   0.0000E-07
     325.95834351   0.0000E-07
     326.00000000   0.0000E-07
     326.04165649   0.0000E-07
     326.08334351   0.0000E-07
     326.12500000   0.0000E-07
     326.16665649   0.0000E-07
     326.20834351   0.0000E-07
     326.25000000   0.0000E-07
     326.29165649   0.0000E-07
     326.33334351   0.0000E-07
     326.37500000   0.0000E-07
     326.41665649   0.0000E-07
     326.45834351   0.0000E-07
     326.50000000   0.0000E-07
     326.54165649   0.0000E-07
     326.58334351   0.0000E-07
     326.62500000   0.0000E-07
     326.66665649   0.0000E-07
     326.70834351   0.0000E-07
     326.75000000   0.0000E-07
     326.79165649   0.0000E-07
     326.83334351   0.0000E-07
     326.87500000   0.0000E-07
     326.91665649   0.0000E-07
     326.95834351   0.0000E-07
     327.00000000   0.0000E-07
     327.04165649   0.0000E-07
     327.08334351   0.0000E-07
     327.12500000   0.0000E-07
     327.16665649   0.0000E-07
     327.20834351   0.0000E-07
     327.25000000   0.0000E-07
     327.29165649   0.0000E-07
     327.33334351   0.0000E-07
     327.37500000   0.0000E-07
     327.41665649   0.0000E-07
     327.45834351   0.0000E-07
     327.50000000   0.0000E-07
     327.54165649   0.0000E-07
     327.58334351   0.0000E-07
     327.62500000   0.0000E-07
     327.66665649   0.0000E-07
     327.70834351   0.0000E-07
     327.75000000   0.0000E-07
     327.79165649   0.0000E-07
     327.83334351   0.0000E-07
     327.87500000   0.0000E-07
     327.91665649   0.0000E-07
     327.95834351   0.0000E-07
     328.00000000   0.0000E-07
     328.04165649   0.0000E-07
     328.08334351   0.0000E-07
     328.12500000   0.0000E-07
     328.16665649   0.0000E-07
     328.20834351   0.0000E-07
     328.25000000   0.0000E-07
     328.29165649   0.0000E-07
     328.33334351   0.0000E-07
     328.37500000   0.0000E-07
     328.41665649   0.0000E-07
     328.45834351   0.0000E-07
     328.50000000   0.0000E-07
     328.54165649   0.0000E-07
     328.58334351   0.0000E-07
     328.62500000   0.0000E-07
     328.66665649   0.0000E-07
     328.70834351   0.0000E-07
     328.75000000   0.0000E-07
     328.79165649   0.0000E-07
     328.83334351   0.0000E-07
     328.87500000   0.0000E-07
     328.91665649   0.0000E-07
     328.95834351   0.0000E-07
     329.00000000   0.0000E-07
     329.04165649   0.0000E-07
     329.08334351   0.0000E-07
     329.12500000   0.0000E-07
     329.16665649   0.0000E-07
     329.20834351   0.0000E-07
     329.25000000   0.0000E-07
     329.29165649   0.0000E-07
     329.33334351   0.0000E-07
     329.37500000   0.0000E-07
     329.41665649   0.0000E-07
     329.45834351   0.0000E-07
     329.50000000   0.0000E-07
     329.54165649   0.0000E-07
     329.58334351   0.0000E-07
     329.62500000   0.0000E-07
     329.66665649   0.0000E-07
     329.70834351   0.0000E-07
     329.75000000   0.0000E-07
     329.79165649   0.0000E-07
     329.83334351   0.0000E-07
     329.87500000   0.0000E-07
     329.91665649   0.0000E-07
     329.95834351   0.0000E-07
     330.00000000   0.0000E-07
     330.04165649   0.0000E-07
     330.08334351   0.0000E-07
     330.12500000   0.0000E-07
     330.16665649   0.0000E-07
     330.20834351   0.0000E-07
     330.25000000   0.0000E-07
     330.29165649   0.0000E-07
     330.33334351   0.0000E-07
     330.37500000   0.0000E-07
     330.41665649   0.0000E-07
     330.45834351   0.0000E-07
     330.50000000   0.0000E-07
     330.54165649   0.0000E-07
     330.58334351   0.0000E-07
     330.62500000   0.0000E-07
     330.66665649   0.0000E-07
     330.70834351   0.0000E-07
     330.75000000   0.0000E-07
     330.79165649   0.0000E-07
     330.83334351   0.0000E-07
     330.87500000   0.0000E-07
     330.91665649   0.0000E-07
     330.95834351   0.0000E-07
     331.00000000   0.0000E-07
     331.04165649   0.0000E-07
     331.08334351   0.0000E-07
     331.12500000   0.0000E-07
     331.16665649   0.0000E-07
     331.20834351   0.0000E-07
     331.25000000   0.0000E-07
     331.29165649   0.0000E-07
     331.33334351   0.0000E-07
     331.37500000   0.0000E-07
     331.41665649   0.0000E-07
     331.45834351   0.0000E-07
     331.50000000   0.0000E-07
     331.54165649   0.0000E-07
     331.58334351   0.0000E-07
     331.62500000   0.0000E-07
     331.66665649   0.0000E-07
     331.70834351   0.0000E-07
     331.75000000   0.0000E-07
     331.79165649   0.0000E-07
     331.83334351   0.0000E-07
     331.87500000   0.0000E-07
     331.91665649   0.0000E-07
     331.95834351   0.0000E-07
     332.00000000   0.0000E-07
     332.04165649   0.0000E-07
     332.08334351   0.0000E-07
     332.12500000   0.0000E-07
     332.16665649   0.0000E-07
     332.20834351   0.0000E-07
     332.25000000   0.0000E-07
     332.29165649   0.0000E-07
     332.33334351   0.0000E-07
     332.37500000   0.0000E-07
     332.41665649   0.0000E-07
     332.45834351   0.0000E-07
     332.50000000   0.0000E-07
     332.54165649   0.0000E-07
     332.58334351   0.0000E-07
     332.62500000   0.0000E-07
     332.66665649   0.0000E-07
     332.70834351   0.0000E-07
     332.75000000   0.0000E-07
     332.79165649   0.0000E-07
     332.83334351   0.0000E-07
     332.87500000   0.0000E-07
     332.91665649   0.0000E-07
     332.95834351   0.0000E-07
     333.00000000   0.0000E-07
     333.04165649   0.0000E-07
     333.08334351   0.0000E-07
     333.12500000   0.0000E-07
     333.16665649   0.0000E-07
     333.20834351   0.0000E-07
     333.25000000   0.0000E-07
     333.29165649   0.0000E-07
     333.33334351   0.0000E-07
     333.37500000   0.0000E-07
     333.41665649   0.0000E-07
     333.45834351   0.0000E-07
     333.50000000   0.0000E-07
     333.54165649   0.0000E-07
     333.58334351   0.0000E-07
     333.62500000   0.0000E-07
     333.66665649   0.0000E-07
     333.70834351   0.0000E-07
     333.75000000   0.0000E-07
     333.79165649   0.0000E-07
     333.83334351   0.0000E-07
     333.87500000   0.0000E-07
     333.91665649   0.0000E-07
     333.95834351   0.0000E-07
     334.00000000   0.0000E-07
     334.04165649   0.0000E-07
     334.08334351   0.0000E-07
     334.12500000   0.0000E-07
     334.16665649   0.0000E-07
     334.20834351   0.0000E-07
     334.25000000   0.0000E-07
     334.29165649   0.0000E-07
     334.33334351   0.0000E-07
     334.37500000   0.0000E-07
     334.41665649   0.0000E-07
     334.45834351   0.0000E-07
     334.50000000   0.0000E-07
     334.54165649   0.0000E-07
     334.58334351   0.0000E-07
     334.62500000   0.0000E-07
     334.66665649   0.0000E-07
     334.70834351   0.0000E-07
     334.75000000   0.0000E-07
     334.79165649   0.0000E-07
     334.83334351   0.0000E-07
     334.87500000   0.0000E-07
     334.91665649   0.0000E-07
     334.95834351   0.0000E-07
     335.00000000   0.0000E-07
     335.04165649   0.0000E-07
     335.08334351   0.0000E-07
     335.12500000   0.0000E-07
     335.16665649   0.0000E-07
     335.20834351   0.0000E-07
     335.25000000   0.0000E-07
     335.29165649   0.0000E-07
     335.33334351   0.0000E-07
     335.37500000   0.0000E-07
     335.41665649   0.0000E-07
     335.45834351   0.0000E-07
     335.50000000   0.0000E-07
     335.54165649   0.0000E-07
     335.58334351   0.0000E-07
     335.62500000   0.0000E-07
     335.66665649   0.0000E-07
     335.70834351   0.0000E-07
     335.75000000   0.0000E-07
     335.79165649   0.0000E-07
     335.83334351   0.0000E-07
     335.87500000   0.0000E-07
     335.91665649   0.0000E-07
     335.95834351   0.0000E-07
     336.00000000   0.0000E-07
     336.04165649   0.0000E-07
     336.08334351   0.0000E-07
     336.12500000   0.0000E-07
     336.16665649   0.0000E-07
     336.20834351   0.0000E-07
     336.25000000   0.0000E-07
     336.29165649   0.0000E-07
     336.33334351   0.0000E-07
     336.37500000   0.0000E-07
     336.41665649   0.0000E-07
     336.45834351   0.0000E-07
     336.50000000   0.0000E-07
     336.54165649   0.0000E-07
     336.58334351   0.0000E-07
     336.62500000   0.0000E-07
     336.66665649   0.0000E-07
     336.70834351   0.0000E-07
     336.75000000   0.0000E-07
     336.79165649   0.0000E-07
     336.83334351   0.0000E-07
     336.87500000   0.0000E-07
     336.91665649   0.0000E-07
     336.95834351   0.0000E-07
     337.00000000   0.0000E-07
     337.04165649   0.0000E-07
     337.08334351   0.0000E-07
     337.12500000   0.0000E-07
     337.16665649   0.0000E-07
     337.20834351   0.0000E-07
     337.25000000   0.0000E-07
     337.29165649   0.0000E-07
     337.33334351   0.0000E-07
     337.37500000   0.0000E-07
     337.41665649   0.0000E-07
     337.45834351   0.0000E-07
     337.50000000   0.0000E-07
     337.54165649   0.0000E-07
     337.58334351   0.0000E-07
     337.62500000   0.0000E-07
     337.66665649   0.0000E-07
     337.70834351   0.0000E-07
     337.75000000   0.0000E-07
     337.79165649   0.0000E-07
     337.83334351   0.0000E-07
     337.87500000   0.0000E-07
     337.91665649   0.0000E-07
     337.95834351   0.0000E-07
     338.00000000   0.0000E-07
     338.04165649   0.0000E-07
     338.08334351   0.0000E-07
     338.12500000   0.0000E-07
     338.16665649   0.0000E-07
     338.20834351   0.0000E-07
     338.25000000   0.0000E-07
     338.29165649   0.0000E-07
     338.33334351   0.0000E-07
     338.37500000   0.0000E-07
     338.41665649   0.0000E-07
     338.45834351   0.0000E-07
     338.50000000   0.0000E-07
     338.54165649   0.0000E-07
     338.58334351   0.0000E-07
     338.62500000   0.0000E-07
     338.66665649   0.0000E-07
     338.70834351   0.0000E-07
     338.75000000   0.0000E-07
     338.79165649   0.0000E-07
     338.83334351   0.0000E-07
     338.87500000   0.0000E-07
     338.91665649   0.0000E-07
     338.95834351   0.0000E-07
     339.00000000   0.0000E-07
     339.04165649   0.0000E-07
     339.08334351   0.0000E-07
     339.12500000   0.0000E-07
     339.16665649   0.0000E-07
     339.20834351   0.0000E-07
     339.25000000   0.0000E-07
     339.29165649   0.0000E-07
     339.33334351   0.0000E-07
     339.37500000   0.0000E-07
     339.41665649   0.0000E-07
     339.45834351   0.0000E-07
     339.50000000   0.0000E-07
     339.54165649   0.0000E-07
     339.58334351   0.0000E-07
     339.62500000   0.0000E-07
     339.66665649   0.0000E-07
     339.70834351   0.0000E-07
     339.75000000   0.0000E-07
     339.79165649   0.0000E-07
     339.83334351   0.0000E-07
     339.87500000   0.0000E-07
     339.91665649   0.0000E-07
     339.95834351   0.0000E-07
     340.00000000   0.0000E-07
     340.04165649   0.0000E-07
     340.08334351   0.0000E-07
     340.12500000   0.0000E-07
     340.16665649   0.0000E-07
     340.20834351   0.0000E-07
     340.25000000   0.0000E-07
     340.29165649   0.0000E-07
     340.33334351   0.0000E-07
     340.37500000   0.0000E-07
     340.41665649   0.0000E-07
     340.45834351   0.0000E-07
     340.50000000   0.0000E-07
     340.54165649   0.0000E-07
     340.58334351   0.0000E-07
     340.62500000   0.0000E-07
     340.66665649   0.0000E-07
     340.70834351   0.0000E-07
     340.75000000   0.0000E-07
     340.79165649   0.0000E-07
     340.83334351   0.0000E-07
     340.87500000   0.0000E-07
     340.91665649   0.0000E-07
     340.95834351   0.0000E-07
     341.00000000   0.0000E-07
     341.04165649   0.0000E-07
     341.08334351   0.0000E-07
     341.12500000   0.0000E-07
     341.16665649   0.0000E-07
     341.20834351   0.0000E-07
     341.25000000   0.0000E-07
     341.29165649   0.0000E-07
     341.33334351   0.0000E-07
     341.37500000   0.0000E-07
     341.41665649   0.0000E-07
     341.45834351   0.0000E-07
     341.50000000   0.0000E-07
     341.54165649   0.0000E-07
     341.58334351   0.0000E-07
     341.62500000   0.0000E-07
     341.66665649   0.0000E-07
     341.70834351   0.0000E-07
     341.75000000   0.0000E-07
     341.79165649   0.0000E-07
     341.83334351   0.0000E-07
     341.87500000   0.0000E-07
     341.91665649   0.0000E-07
     341.95834351   0.0000E-07
     342.00000000   0.0000E-07
     342.04165649   0.0000E-07
     342.08334351   0.0000E-07
     342.12500000   0.0000E-07
     342.16665649   0.0000E-07
     342.20834351   0.0000E-07
     342.25000000   0.0000E-07
     342.29165649   0.0000E-07
     342.33334351   0.0000E-07
     342.37500000   0.0000E-07
     342.41665649   0.0000E-07
     342.45834351   0.0000E-07
     342.50000000   0.0000E-07
     342.54165649   0.0000E-07
     342.58334351   0.0000E-07
     342.62500000   0.0000E-07
     342.66665649   0.0000E-07
     342.70834351   0.0000E-07
     342.75000000   0.0000E-07
     342.79165649   0.0000E-07
     342.83334351   0.0000E-07
     342.87500000   0.0000E-07
     342.91665649   0.0000E-07
     342.95834351   0.0000E-07
     343.00000000   0.0000E-07
     343.04165649   0.0000E-07
     343.08334351   0.0000E-07
     343.12500000   0.0000E-07
     343.16665649   0.0000E-07
     343.20834351   0.0000E-07
     343.25000000   0.0000E-07
     343.29165649   0.0000E-07
     343.33334351   0.0000E-07
     343.37500000   0.0000E-07
     343.41665649   0.0000E-07
     343.45834351   0.0000E-07
     343.50000000   0.0000E-07
     343.54165649   0.0000E-07
     343.58334351   0.0000E-07
     343.62500000   0.0000E-07
     343.66665649   0.0000E-07
     343.70834351   0.0000E-07
     343.75000000   0.0000E-07
     343.79165649   0.0000E-07
     343.83334351   0.0000E-07
     343.87500000   0.0000E-07
     343.91665649   0.0000E-07
     343.95834351   0.0000E-07
     344.00000000   0.0000E-07
     344.04165649   0.0000E-07
     344.08334351   0.0000E-07
     344.12500000   0.0000E-07
     344.16665649   0.0000E-07
     344.20834351   0.0000E-07
     344.25000000   0.0000E-07
     344.29165649   0.0000E-07
     344.33334351   0.0000E-07
     344.37500000   0.0000E-07
     344.41665649   0.0000E-07
     344.45834351   0.0000E-07
     344.50000000   0.0000E-07
     344.54165649   0.0000E-07
     344.58334351   0.0000E-07
     344.62500000   0.0000E-07
     344.66665649   0.0000E-07
     344.70834351   0.0000E-07
     344.75000000   0.0000E-07
     344.79165649   0.0000E-07
     344.83334351   0.0000E-07
     344.87500000   0.0000E-07
     344.91665649   0.0000E-07
     344.95834351   0.0000E-07
     345.00000000   0.0000E-07
     345.04165649   0.0000E-07
     345.08334351   0.0000E-07
     345.12500000   0.0000E-07
     345.16665649   0.0000E-07
     345.20834351   0.0000E-07
     345.25000000   0.0000E-07
     345.29165649   0.0000E-07
     345.33334351   0.0000E-07
     345.37500000   0.0000E-07
     345.41665649   0.0000E-07
     345.45834351   0.0000E-07
     345.50000000   0.0000E-07
     345.54165649   0.0000E-07
     345.58334351   0.0000E-07
     345.62500000   0.0000E-07
     345.66665649   0.0000E-07
     345.70834351   0.0000E-07
     345.75000000   0.0000E-07
     345.79165649   0.0000E-07
     345.83334351   0.0000E-07
     345.87500000   0.0000E-07
     345.91665649   0.0000E-07
     345.95834351   0.0000E-07
     346.00000000   0.0000E-07
     346.04165649   0.0000E-07
     346.08334351   0.0000E-07
     346.12500000   0.0000E-07
     346.16665649   0.0000E-07
     346.20834351   0.0000E-07
     346.25000000   0.0000E-07
     346.29165649   0.0000E-07
     346.33334351   0.0000E-07
     346.37500000   0.0000E-07
     346.41665649   0.0000E-07
     346.45834351   0.0000E-07
     346.50000000   0.0000E-07
     346.54165649   0.0000E-07
     346.58334351   0.0000E-07
     346.62500000   0.0000E-07
     346.66665649   0.0000E-07
     346.70834351   0.0000E-07
     346.75000000   0.0000E-07
     346.79165649   0.0000E-07
     346.83334351   0.0000E-07
     346.87500000   0.0000E-07
     346.91665649   0.0000E-07
     346.95834351   0.0000E-07
     347.00000000   0.0000E-07
     347.04165649   0.0000E-07
     347.08334351   0.0000E-07
     347.12500000   0.0000E-07
     347.16665649   0.0000E-07
     347.20834351   0.0000E-07
     347.25000000   0.0000E-07
     347.29165649   0.0000E-07
     347.33334351   0.0000E-07
     347.37500000   0.0000E-07
     347.41665649   0.0000E-07
     347.45834351   0.0000E-07
     347.50000000   0.0000E-07
     347.54165649   0.0000E-07
     347.58334351   0.0000E-07
     347.62500000   0.0000E-07
     347.66665649   0.0000E-07
     347.70834351   0.0000E-07
     347.75000000   0.0000E-07
     347.79165649   0.0000E-07
     347.83334351   0.0000E-07
     347.87500000   0.0000E-07
     347.91665649   0.0000E-07
     347.95834351   0.0000E-07
     348.00000000   0.0000E-07
     348.04165649   0.0000E-07
     348.08334351   0.0000E-07
     348.12500000   0.0000E-07
     348.16665649   0.0000E-07
     348.20834351   0.0000E-07
     348.25000000   0.0000E-07
     348.29165649   0.0000E-07
     348.33334351   0.0000E-07
     348.37500000   0.0000E-07
     348.41665649   0.0000E-07
     348.45834351   0.0000E-07
     348.50000000   0.0000E-07
     348.54165649   0.0000E-07
     348.58334351   0.0000E-07
     348.62500000   0.0000E-07
     348.66665649   0.0000E-07
     348.70834351   0.0000E-07
     348.75000000   0.0000E-07
     348.79165649   0.0000E-07
     348.83334351   0.0000E-07
     348.87500000   0.0000E-07
     348.91665649   0.0000E-07
     348.95834351   0.0000E-07
     349.00000000   0.0000E-07
     349.04165649   0.0000E-07
     349.08334351   0.0000E-07
     349.12500000   0.0000E-07
     349.16665649   0.0000E-07
     349.20834351   0.0000E-07
     349.25000000   0.0000E-07
     349.29165649   0.0000E-07
     349.33334351   0.0000E-07
     349.37500000   0.0000E-07
     349.41665649   0.0000E-07
     349.45834351   0.0000E-07
     349.50000000   0.0000E-07
     349.54165649   0.0000E-07
     349.58334351   0.0000E-07
     349.62500000   0.0000E-07
     349.66665649   0.0000E-07
     349.70834351   0.0000E-07
     349.75000000   0.0000E-07
     349.79165649   0.0000E-07
     349.83334351   0.0000E-07
     349.87500000   0.0000E-07
     349.91665649   0.0000E-07
     349.95834351   0.0000E-07
     350.00000000   0.0000E-07
     350.04165649   0.0000E-07
     350.08334351   0.0000E-07
     350.12500000   0.0000E-07
     350.16665649   0.0000E-07
     350.20834351   0.0000E-07
     350.25000000   0.0000E-07
     350.29165649   0.0000E-07
     350.33334351   0.0000E-07
     350.37500000   0.0000E-07
     350.41665649   0.0000E-07
     350.45834351   0.0000E-07
     350.50000000   0.0000E-07
     350.54165649   0.0000E-07
     350.58334351   0.0000E-07
     350.62500000   0.0000E-07
     350.66665649   0.0000E-07
     350.70834351   0.0000E-07
     350.75000000   0.0000E-07
     350.79165649   0.0000E-07
     350.83334351   0.0000E-07
     350.87500000   0.0000E-07
     350.91665649   0.0000E-07
     350.95834351   0.0000E-07
     351.00000000   0.0000E-07
     351.04165649   0.0000E-07
     351.08334351   0.0000E-07
     351.12500000   0.0000E-07
     351.16665649   0.0000E-07
     351.20834351   0.0000E-07
     351.25000000   0.0000E-07
     351.29165649   0.0000E-07
     351.33334351   0.0000E-07
     351.37500000   0.0000E-07
     351.41665649   0.0000E-07
     351.45834351   0.0000E-07
     351.50000000   0.0000E-07
     351.54165649   0.0000E-07
     351.58334351   0.0000E-07
     351.62500000   0.0000E-07
     351.66665649   0.0000E-07
     351.70834351   0.0000E-07
     351.75000000   0.0000E-07
     351.79165649   0.0000E-07
     351.83334351   0.0000E-07
     351.87500000   0.0000E-07
     351.91665649   0.0000E-07
     351.95834351   0.0000E-07
     352.00000000   0.0000E-07
     352.04165649   0.0000E-07
     352.08334351   0.0000E-07
     352.12500000   0.0000E-07
     352.16665649   0.0000E-07
     352.20834351   0.0000E-07
     352.25000000   0.0000E-07
     352.29165649   0.0000E-07
     352.33334351   0.0000E-07
     352.37500000   0.0000E-07
     352.41665649   0.0000E-07
     352.45834351   0.0000E-07
     352.50000000   0.0000E-07
     352.54165649   0.0000E-07
     352.58334351   0.0000E-07
     352.62500000   0.0000E-07
     352.66665649   0.0000E-07
     352.70834351   0.0000E-07
     352.75000000   0.0000E-07
     352.79165649   0.0000E-07
     352.83334351   0.0000E-07
     352.87500000   0.0000E-07
     352.91665649   0.0000E-07
     352.95834351   0.0000E-07
     353.00000000   0.0000E-07
     353.04165649   0.0000E-07
     353.08334351   0.0000E-07
     353.12500000   0.0000E-07
     353.16665649   0.0000E-07
     353.20834351   0.0000E-07
     353.25000000   0.0000E-07
     353.29165649   0.0000E-07
     353.33334351   0.0000E-07
     353.37500000   0.0000E-07
     353.41665649   0.0000E-07
     353.45834351   0.0000E-07
     353.50000000   0.0000E-07
     353.54165649   0.0000E-07
     353.58334351   0.0000E-07
     353.62500000   0.0000E-07
     353.66665649   0.0000E-07
     353.70834351   0.0000E-07
     353.75000000   0.0000E-07
     353.79165649   0.0000E-07
     353.83334351   0.0000E-07
     353.87500000   0.0000E-07
     353.91665649   0.0000E-07
     353.95834351   0.0000E-07
     354.00000000   0.0000E-07
     354.04165649   0.0000E-07
     354.08334351   0.0000E-07
     354.12500000   0.0000E-07
     354.16665649   0.0000E-07
     354.20834351   0.0000E-07
     354.25000000   0.0000E-07
     354.29165649   0.0000E-07
     354.33334351   0.0000E-07
     354.37500000   0.0000E-07
     354.41665649   0.0000E-07
     354.45834351   0.0000E-07
     354.50000000   0.0000E-07
     354.54165649   0.0000E-07
     354.58334351   0.0000E-07
     354.62500000   0.0000E-07
     354.66665649   0.0000E-07
     354.70834351   0.0000E-07
     354.75000000   0.0000E-07
     354.79165649   0.0000E-07
     354.83334351   0.0000E-07
     354.87500000   0.0000E-07
     354.91665649   0.0000E-07
     354.95834351   0.0000E-07
     355.00000000   0.0000E-07
     355.04165649   0.0000E-07
     355.08334351   0.0000E-07
     355.12500000   0.0000E-07
     355.16665649   0.0000E-07
     355.20834351   0.0000E-07
     355.25000000   0.0000E-07
     355.29165649   0.0000E-07
     355.33334351   0.0000E-07
     355.37500000   0.0000E-07
     355.41665649   0.0000E-07
     355.45834351   0.0000E-07
     355.50000000   0.0000E-07
     355.54165649   0.0000E-07
     355.58334351   0.0000E-07
     355.62500000   0.0000E-07
     355.66665649   0.0000E-07
     355.70834351   0.0000E-07
     355.75000000   0.0000E-07
     355.79165649   0.0000E-07
     355.83334351   0.0000E-07
     355.87500000   0.0000E-07
     355.91665649   0.0000E-07
     355.95834351   0.0000E-07
     356.00000000   0.0000E-07
     356.04165649   0.0000E-07
     356.08334351   0.0000E-07
     356.12500000   0.0000E-07
     356.16665649   0.0000E-07
     356.20834351   0.0000E-07
     356.25000000   0.0000E-07
     356.29165649   0.0000E-07
     356.33334351   0.0000E-07
     356.37500000   0.0000E-07
     356.41665649   0.0000E-07
     356.45834351   0.0000E-07
     356.50000000   0.0000E-07
     356.54165649   0.0000E-07
     356.58334351   0.0000E-07
     356.62500000   0.0000E-07
     356.66665649   0.0000E-07
     356.70834351   0.0000E-07
     356.75000000   0.0000E-07
     356.79165649   0.0000E-07
     356.83334351   0.0000E-07
     356.87500000   0.0000E-07
     356.91665649   0.0000E-07
     356.95834351   0.0000E-07
     357.00000000   0.0000E-07
     357.04165649   0.0000E-07
     357.08334351   0.0000E-07
     357.12500000   0.0000E-07
     357.16665649   0.0000E-07
     357.20834351   0.0000E-07
     357.25000000   0.0000E-07
     357.29165649   0.0000E-07
     357.33334351   0.0000E-07
     357.37500000   0.0000E-07
     357.41665649   0.0000E-07
     357.45834351   0.0000E-07
     357.50000000   0.0000E-07
     357.54165649   0.0000E-07
     357.58334351   0.0000E-07
     357.62500000   0.0000E-07
     357.66665649   0.0000E-07
     357.70834351   0.0000E-07
     357.75000000   0.0000E-07
     357.79165649   0.0000E-07
     357.83334351   0.0000E-07
     357.87500000   0.0000E-07
     357.91665649   0.0000E-07
     357.95834351   0.0000E-07
     358.00000000   0.0000E-07
     358.04165649   0.0000E-07
     358.08334351   0.0000E-07
     358.12500000   0.0000E-07
     358.16665649   0.0000E-07
     358.20834351   0.0000E-07
     358.25000000   0.0000E-07
     358.29165649   0.0000E-07
     358.33334351   0.0000E-07
     358.37500000   0.0000E-07
     358.41665649   0.0000E-07
     358.45834351   0.0000E-07
     358.50000000   0.0000E-07
     358.54165649   0.0000E-07
     358.58334351   0.0000E-07
     358.62500000   0.0000E-07
     358.66665649   0.0000E-07
     358.70834351   0.0000E-07
     358.75000000   0.0000E-07
     358.79165649   0.0000E-07
     358.83334351   0.0000E-07
     358.87500000   0.0000E-07
     358.91665649   0.0000E-07
     358.95834351   0.0000E-07
     359.00000000   0.0000E-07
     359.04165649   0.0000E-07
     359.08334351   0.0000E-07
     359.12500000   0.0000E-07
     359.16665649   0.0000E-07
     359.20834351   0.0000E-07
     359.25000000   0.0000E-07
     359.29165649   0.0000E-07
     359.33334351   0.0000E-07
     359.37500000   0.0000E-07
     359.41665649   0.0000E-07
     359.45834351   0.0000E-07
     359.50000000   0.0000E-07
     359.54165649   0.0000E-07
     359.58334351   0.0000E-07
     359.62500000   0.0000E-07
     359.66665649   0.0000E-07
     359.70834351   0.0000E-07
     359.75000000   0.0000E-07
     359.79165649   0.0000E-07
     359.83334351   0.0000E-07
     359.87500000   0.0000E-07
     359.91665649   0.0000E-07
     359.95834351   0.0000E-07
     360.00000000   0.0000E-07
     360.04165649   0.0000E-07
     360.08334351   0.0000E-07
     360.12500000   0.0000E-07
     360.16665649   0.0000E-07
     360.20834351   0.0000E-07
     360.25000000   0.0000E-07
     360.29165649   0.0000E-07
     360.33334351   0.0000E-07
     360.37500000   0.0000E-07
     360.41665649   0.0000E-07
     360.45834351   0.0000E-07
     360.50000000   0.0000E-07
     360.54165649   0.0000E-07
     360.58334351   0.0000E-07
     360.62500000   0.0000E-07
     360.66665649   0.0000E-07
     360.70834351   0.0000E-07
     360.75000000   0.0000E-07
     360.79165649   0.0000E-07
     360.83334351   0.0000E-07
     360.87500000   0.0000E-07
     360.91665649   0.0000E-07
     360.95834351   0.0000E-07
     361.00000000   0.0000E-07
     361.04165649   0.0000E-07
     361.08334351   0.0000E-07
     361.12500000   0.0000E-07
     361.16665649   0.0000E-07
     361.20834351   0.0000E-07
     361.25000000   0.0000E-07
     361.29165649   0.0000E-07
     361.33334351   0.0000E-07
     361.37500000   0.0000E-07
     361.41665649   0.0000E-07
     361.45834351   0.0000E-07
     361.50000000   0.0000E-07
     361.54165649   0.0000E-07
     361.58334351   0.0000E-07
     361.62500000   0.0000E-07
     361.66665649   0.0000E-07
     361.70834351   0.0000E-07
     361.75000000   0.0000E-07
     361.79165649   0.0000E-07
     361.83334351   0.0000E-07
     361.87500000   0.0000E-07
     361.91665649   0.0000E-07
     361.95834351   0.0000E-07
     362.00000000   0.0000E-07
     362.04165649   0.0000E-07
     362.08334351   0.0000E-07
     362.12500000   0.0000E-07
     362.16665649   0.0000E-07
     362.20834351   0.0000E-07
     362.25000000   0.0000E-07
     362.29165649   0.0000E-07
     362.33334351   0.0000E-07
     362.37500000   0.0000E-07
     362.41665649   0.0000E-07
     362.45834351   0.0000E-07
     362.50000000   0.0000E-07
     362.54165649   0.0000E-07
     362.58334351   0.0000E-07
     362.62500000   0.0000E-07
     362.66665649   0.0000E-07
     362.70834351   0.0000E-07
     362.75000000   0.0000E-07
     362.79165649   0.0000E-07
     362.83334351   0.0000E-07
     362.87500000   0.0000E-07
     362.91665649   0.0000E-07
     362.95834351   0.0000E-07
     363.00000000   0.0000E-07
     363.04165649   0.0000E-07
     363.08334351   0.0000E-07
     363.12500000   0.0000E-07
     363.16665649   0.0000E-07
     363.20834351   0.0000E-07
     363.25000000   0.0000E-07
     363.29165649   0.0000E-07
     363.33334351   0.0000E-07
     363.37500000   0.0000E-07
     363.41665649   0.0000E-07
     363.45834351   0.0000E-07
     363.50000000   0.0000E-07
     363.54165649   0.0000E-07
     363.58334351   0.0000E-07
     363.62500000   0.0000E-07
     363.66665649   0.0000E-07
     363.70834351   0.0000E-07
     363.75000000   0.0000E-07
     363.79165649   0.0000E-07
     363.83334351   0.0000E-07
     363.87500000   0.0000E-07
     363.91665649   0.0000E-07
     363.95834351   0.0000E-07
     364.00000000   0.0000E-07
     364.04165649   0.0000E-07
     364.08334351   0.0000E-07
     364.12500000   0.0000E-07
     364.16665649   0.0000E-07
     364.20834351   0.0000E-07
     364.25000000   0.0000E-07
     364.29165649   0.0000E-07
     364.33334351   0.0000E-07
     364.37500000   0.0000E-07
     364.41665649   0.0000E-07
     364.45834351   0.0000E-07
     364.50000000   0.0000E-07
     364.54165649   0.0000E-07
     364.58334351   0.0000E-07
     364.62500000   0.0000E-07
     364.66665649   0.0000E-07
     364.70834351   0.0000E-07
     364.75000000   0.0000E-07
     364.79165649   0.0000E-07
     364.83334351   0.0000E-07
     364.87500000   0.0000E-07
     364.91665649   0.0000E-07
     364.95834351   0.0000E-07